Brand,model,transmission,fuelType,year,mileage,tax,mpg,engineSize,paintQuality%,previousOwners,price
Ford, Kuga,Manual,Diesel,2017,13457.0,145.0,60.1,2.0,53.0,4,16995
Toyota, RAV4,Manual,Diesel,2017,61000.0,150.0,60.1,2.0,82.0,2,14450
Ford, C-MAX,Manual,Diesel,2017,18250.0,20.0,68.9,1.5,68.0,4,10498
Hyundai, I20,Manual,Petrol,2017,12814.0,145.0,58.9,1.2,73.0,,8691
Audi, RS6,Semi-Auto,Petrol,2017,39300.0,145.0,29.4,4.0,94.0,2,54490
Ford, GRAND C-MAX,Manual,Diesel,2014,35013.0,125.0,60.1,1.6,49.0,1,8498
Opel, Viva,Semi-Auto,Petrol,2018,5746.0,145.0,62.8,1.0,87.0,0,8000
Ford, Fiesta,Manual,Petrol,2018,6346.0,145.0,60.1,1.0,44.0,0,14157
Ford, Fiesta,Manual,Petrol,2017,18934.0,125.0,54.3,1.2,34.0,0,8291
VW, Golf,Semi-Auto,Petrol,2019,2543.0,145.0,32.8,2.0,44.0,3,29890
Toyota, Auris,Automatic,Hybrid,2016,28609.0,0.0,78.5,1.8,42.0,3,12500
Hyundai, I30,Automatic,Petrol,2007,51279.0,200.0,40.9,1.6,70.0,3,3299
VW, Polo,Manual,Petrol,2016,14064.0,20.0,60.1,1.2,50.0,0,10499
Opel, Astra,Manual,Diesel,2016,27411.0,20.0,72.4,1.6,32.0,4,9100
Hyundai, Tucson,,Diesel,2016,26000.0,125.0,58.9,2.0,35.0,3,15000
Toyota, Verso-S,Manual,Petrol,2013,33900.0,125.0,51.4,1.3,69.0,1,6995
VW, Polo,Automatic,Petrol,,6000.0,145.0,46.3,1.0,83.0,4,19490
Ford, Mustang,Semi-Auto,Petrol,2018,28915.0,145.0,,5.0,35.0,2,31991
Ford, Kuga,Semi-Auto,Diesel,2018,8970.0,145.0,,1.5,73.0,4,18999
Ford, Focus,Manual,Petrol,2019,8508.0,145.0,58.9,1.0,82.0,2,14450
Opel, Mokka X,Manual,Diesel,2017,34495.0,20.0,68.9,1.6,48.0,0,10221
Opel, Viva,Manual,Petrol,2018,4421.0,145.0,60.1,1.0,83.0,1,8200
Skoda, Superb,Semi-Auto,Diesel,2016,48558.0,30.0,,2.0,51.0,2,13990
Opel, Corsa,Automatic,Petrol,2014,,165.0,44.8,1.4,64.0,4,5250
BMW, X1,Semi-Auto,Petrol,2019,6744.0,150.0,39.2,2.0,3.140370457788869,0,26980
Ford, Focus,Manual,Diesel,2017,39193.0,145.0,67.3,2.0,82.0,4,14998
Hyundai, Tucson,Automatic,Diesel,2016,22764.0,240.0,43.5,2.0,93.0,3,16980
Audi, A6,Automatic,Diesel,2017,37973.0,145.0,,2.0,59.0,0,21450
Mercedes, B Class,Automatic,Diesel,2014,10200.0,20.0,68.9,1.5,76.0,2,11500
VW, Up,Manual,Petrol,2019,3000.0,145.0,54.3,1.0,47.0,4,9990
Mercedes, E CLASS,Automatic,Diesel,2015,71496.0,160.0,51.4,2.1,66.0,0,13499
VW, T-Roc,Automatic,Petrol,2019,5309.0,145.0,39.8,1.5,38.0,3,23490
Hyundai, Tucson,Manual,Petrol,2019,9841.0,145.0,34.9,1.6,60.0,1,15499
BMW, X1,Manual,Diesel,2018,12800.0,145.0,68.9,2.0,99.0,4,18502
Mercedes, C Class,,Diesel,2019,631.0,145.0,60.1,2.1,31.0,4,25495
Ford, Fiesta,Manual,Petrol,2019,13351.0,145.0,58.9,1.0,88.0,2,13498
VW, Polo,Manual,Petrol,2020,10.0,,52.3,1.0,87.0,4,16990
Mercedes, A Class,Manual,Petrol,2019,1001.0,145.0,47.1,1.3,40.0,4,25495
BMW, 5 Series,Automatic,Diesel,2016,69736.0,30.0,62.8,2.0,66.0,2,12400
Hyundai, Tucson,Manual,Petrol,2018,4411.0,145.0,34.9,1.6,78.0,3,15500
Mercedes, A Class,Semi-Auto,Diesel,2019,2560.0,145.0,65.7,1.5,76.0,2,22339
VW, Touran,Manual,Diesel,2014,13997.0,125.0,61.4,1.6,70.0,1,11395
Audi, A4,Automatic,Diesel,2018,95204.18167360188,145.0,70.6,2.0,34.0,0,17200
Ford, Mondeo,Automatic,Diesel,2012,28139.0,160.0,50.4,2.0,99.0,0,7499
Audi, Q3,Semi-Auto,Petrol,2017,9078.0,145.0,40.4,2.0,68.0,4,24995
Skoda, Yeti Outdoor,Manual,Diesel,2017,21803.0,,62.8,2.0,46.0,4,12789
Mercedes, GLS Class,Automatic,Diesel,2019,2010.0,145.0,34.0,3.0,52.0,0,67600
Ford, Fiesta,Manual,Petrol,2013,15974.0,,,1.0,94.0,0,6800
Ford, Focus,Semi-Auto,Petrol,2016,13500.0,165.0,44.8,1.6,56.0,2,10491
Audi, A6,Automatic,Diesel,2019,9534.0,145.0,50.4,3.7392354812099646,60.0,3,27750
VW, Golf SV,Semi-Auto,Diesel,2015,32280.0,125.0,65.7,2.0,36.0,0,11290
, Kona,Manual,Petrol,2019,3624.0,145.0,,1.0,77.0,0,17622
Ford, Focus,Automatic,Petrol,2013,45194.0,160.0,,1.6,95.0,0,6799
Opel, Mokka X,Manual,Petrol,2019,11347.0,145.0,39.2,1.4,44.0,1,12298
Ford, Grand C-MAX,Manual,Petrol,2016,59478.0,30.0,54.3,,31.0,3,9351
VW, Sharan,Semi-Auto,Diesel,2016,11110.0,145.0,54.3,2.0,50.0,3,20490
Mercedes, GLE Class,Semi-Auto,Diesel,2017,23632.0,,47.9,2.1,75.0,3,30199
Opel, Corsa,Manual,Petrol,2019,1375.0,,43.5,1.4,73.0,3,10490
Audi, A4,Manual,Petrol,2017,28801.0,125.0,49.6,2.0,39.0,2,16498
Hyundai, I20,Manual,Petrol,2018,18961.0,150.0,58.9,1.0,33.0,,9985
Audi, A4,Manual,Diesel,2016,41443.0,,67.3,2.0,72.0,0,16995
VW, Golf,Semi-Auto,Petrol,2018,21992.0,145.0,39.8,2.0,61.0,2,24989
BMW, 3 Series,Manual,Petrol,2007,,240.0,,2.0,35.0,1,2375
Toyota, Prius,Automatic,Hybrid,2016,31055.0,0.0,94.1,1.8,68.0,0,16890
Mercedes, GLC Class,Automatic,Diesel,2019,2500.0,145.0,40.9,2.0,33.0,0,41890
Opel, Corsa,Manual,Petrol,2019,372.0,145.0,43.5,1.4,59.0,0,10498
Skoda, Scala,Semi-Auto,Petrol,2020,1000.0,145.0,45.6,1.5,32.0,0,19995
Ford, Edge,Manual,Diesel,2017,48867.0,160.0,48.7,2.0,34.0,0,16250
Mercedes, C Class,Semi-Auto,Diesel,2015,46000.0,,64.2,2.1,75.0,0,14899
Ford, B-MAX,Semi-Auto,Petrol,2016,17900.0,160.0,44.1,1.6,83.0,2,9995
VW,Up,Manual,Petrol,2018,6000.0,150.0,54.3,1.0,80.0,0,7950
Audi, A1,Manual,Petrol,2019,1308.0,145.0,47.9,1.0,30.0,2,19490
Toyota, C-HR,Automatic,Petrol,2017,11772.0,145.0,47.9,1.2,59.0,0,17298
Ford, EcoSport,Manual,Petrol,2017,14372.0,145.0,53.3,1.0,90.0,0,11750
VW, Golf,Manual,Petrol,2019,8925.0,,47.1,1.5,44.0,2,17298
Audi, TT,Manual,Petrol,2016,21705.0,165.0,45.6,2.0,88.0,1,19472
Toyota, Yaris,,Petrol,2020,413.0,145.0,47.9,1.5,83.0,1,15885
Opel, Mokka X,Manual,Petrol,2019,10986.0,145.0,,1.4,43.0,1,14000
Ford, Fiesta,Manual,Petrol,2020,52.0,145.0,54.3,1.0,39.0,3,15750
Opel, Viv,Manual,Petrol,2017,19923.0,20.0,62.8,1.0,34.0,0,5520
Audi, A5,Manual,Diesel,2015,61713.0,20.0,64.2,2.0,33.0,0,10960
Ford, Focus,Manual,Petrol,2018,10306.0,145.0,58.9,1.0,42.0,0,14998
Opel, Astra,Manual,Diesel,2017,9179.0,145.0,72.4,1.6,75.0,4,10899
VW, Golf,Manual,Diesel,2015,46927.0,,68.9,1.6,95.0,1,8691
Toyota, Prius,Automatic,Hybrid,2016,49104.0,0.0,85.6,1.8,82.0,2,17291
VW, Polo,Manual,Petrol,2017,31547.0,145.0,65.7,1.0,96.0,2,10300
Toyota, Aygo,Manual,Petrol,2016,17006.0,0.0,69.0,1.0,52.0,3,7395
Opel, Astra,Manual,Diesel,,40239.0,0.0,78.5,1.6,70.0,1,7999
Mercedes, C Class,Automatic,Diesel,2015,78000.0,30.0,64.2,2.1,76.0,0,14490
BMW, 3 Series,Automatic,Diesel,2017,28000.0,205.0,49.6,3.0,43.0,4,24995
Opel,Crossland X,Manual,Petrol,2019,1868.0,145.0,44.8,1.2,53.0,3,13490
Mercedes, A Class,Manual,Diesel,2017,11373.0,145.0,65.7,2.1,,3,14999
Toyota, PROACE VERSO,Automatic,Diesel,2020,1000.0,145.0,38.7,2.0,75.0,1,37950
VW, passat,Manual,Diesel,2017,,145.0,68.9,2.0,88.0,4,13750
Mercedes, GLC Class,Automatic,Diesel,2015,37322.0,125.0,56.5,2.1,50.0,0,23472
VW, Up,Manual,Petrol,2016,12502.0,20.0,64.2,1.0,60.0,4,7990
VW, Tiguan,Automatic,Diesel,2019,8767.0,145.0,39.2,2.0,49.0,1,32220
Skoda, Octavia,Semi-Auto,Diesel,2016,33836.0,125.0,56.5,2.0,94.0,1,15750
Opel, Corsa,Manual,Petrol,2017,37601.0,30.0,55.4,1.4,55.0,1,6491
Ford, Focus,Manual,Petrol,2015,40523.0,20.0,61.4,1.0,92.0,2,7800
Ford, Fiesta,Manual,Petrol,2018,13106.0,150.0,55.4,1.1,64.0,0,10500
BMW, 1 Series,Semi-Auto,Petrol,2017,23157.0,145.0,54.3,1.5,35.0,2,15798
Mercedes, B Class,Manual,Diesel,2017,16941.0,145.0,68.9,1.5,82.0,0,13862
Ford, Fiesta,Manual,Petrol,2017,20518.0,125.0,54.3,1.2,33.0,0,8697
Audi, Q5,Semi-Auto,Hybrid,2019,3797.0,135.0,117.7,2.0,86.0,1,49400
Ford, Kuga,Manual,Diesel,2017,14621.0,145.0,,2.0,93.0,4,15000
Ford, Kuga,Manual,Petrol,2017,4825.0,150.0,45.6,1.5,64.0,2,17000
Ford,Fiesta,Automatic,Petrol,2010,55000.0,195.0,42.8,1.4,92.0,4,5995
Audi, Q3,Semi-Auto,Diesel,2016,42583.0,150.0,51.4,2.0,91.0,0,16990
Audi, RS6,Automatic,,2016,,,29.4,4.0,84.0,4,47490
Toyota, Auris,Manual,Petrol,2016,19252.0,30.0,58.9,1.2,38.0,4,10995
Mercedes, C Class,Semi-Auto,Diesel,2019,12794.0,,61.4,2.0,52.0,3,20980
Skoda, Fabia,Manual,Petrol,2016,21204.0,20.0,,1.2,76.0,4,8450
Opel, Zafira Tourer,Manual,Petrol,2017,17527.0,200.0,41.5,1.4,97.0,2,11000
VW, Golf,Manual,Petrol,2019,4133.0,,47.1,1.5,99.0,0,18991
Toyota, Yaris,Manual,Petrol,2019,3160.0,145.0,47.9,2.781776206784307,33.0,3,11850
VW, Tiguan Allspace,Semi-Auto,Diesel,2020,6000.0,,,2.0,42.0,4,36999
VW, Touareg,Automatic,Diesel,2018,8455.0,145.0,34.0,3.0,,4,38490
Ford, Fiesta,Manual,Petrol,2017,20346.0,125.0,54.3,1.2,69.0,3,7640
Toyota, Aygo,Manual,Petrol,2018,4515.0,145.0,56.5,1.0,46.0,0,8950
Opel, Corsa,Manual,Petrol,2014,8259.0,125.0,51.4,1.2,58.0,4,6995
BMW, X1,Manual,Petrol,2019,1272.0,,54.3,1.5,95.0,3,22500
Opel,Mokka,Manual,Petrol,2016,26066.0,165.0,44.8,1.4,82.0,0,9499
Audi, Q3,Semi-Auto,Petrol,2016,35496.0,150.0,47.9,1.4,97.0,1,18888
Toyota, Aygo,Manual,Petrol,2019,5000.0,145.0,,1.0,37.0,4,9295
BMW, 1 Series,Manual,Diesel,2019,7169.0,145.0,72.4,1.5,45.0,3,16450
Opel, Adam,Manual,Petrol,2016,29229.0,30.0,57.6,1.0,53.0,3,8495
Hyundai, IX20,Manual,Petrol,2016,15560.0,125.0,50.4,1.4,92.0,4,8250
VW, Tiguan,Manual,Diesel,2019,6621.0,150.0,47.9,2.0,66.0,0,21498
Opel, Astra,Automatic,Petrol,2016,39954.0,120.0,51.4,1.4,99.0,4,10100
Audi, Q3,Automatic,Petrol,2015,23787.0,205.0,40.4,2.0,77.0,0,19750
Hyundai, I30,Manual,Petrol,2019,1000.0,,34.0,2.0,32.0,2,26970
Mercedes, B Class,Semi-Auto,Diesel,2017,21306.0,145.0,68.9,2.1,70.0,3,15998
BMW, 4 Series,Automatic,Diesel,2016,68589.0,,65.7,2.0,47.0,0,13800
Opel, Adam,Manual,Petrol,2016,22241.0,30.0,57.6,1.0,97.0,2,8900
BMW, 3 Series,Manual,Petrol,2017,41732.0,145.0,48.7,2.0,92.0,4,12750
Audi, a4,Semi-Auto,Petrol,2019,,,39.2,2.0,58.0,1,25900
Audi, Q2,Automatic,Diesel,2019,6500.0,145.0,46.3,2.0,97.0,2,27000
Ford, Focus,Manual,Diesel,2007,78000.0,125.0,58.9,1.6,50.0,,2495
Opel, Mokka X,Manual,Petrol,2017,21000.0,145.0,47.1,1.4,93.0,4,11990
Mercedes, C Class,Semi-Auto,Petrol,2017,37293.0,145.0,49.6,2.0,97.0,3,19502
Opel, Mokka X,Manual,Petrol,2017,,145.0,47.1,1.4,60.0,1,10485
VW, Up,Manual,Petrol,2018,15367.0,145.0,64.2,1.0,85.0,3,9000
Ford, Fiesta,Manual,Petrol,2019,401.0,145.0,,1.0,82.0,2,15030
Ford, mondeo,Automatic,Petrol,2018,3570.0,145.0,,1.5,66.0,,17999
Ford, Focus,Manual,Diesel,2014,62125.0,20.0,67.3,1.6,83.0,3,7298
BMW, X4,Semi-Auto,Diesel,2019,3414.0,145.0,37.2,3.0,35.0,1,42412
VW, Touran,Manual,Diesel,2019,30.0,145.0,61.4,2.0,63.0,3,26298
Mercedes, A Class,Manual,Petrol,2020,2006.0,145.0,28.5,1.3,35.0,2,23900
Toyota, Yaris,Automatic,Hybrid,2018,16921.0,135.0,76.3,1.5,59.0,1,13252
Opel, Combo Life,Manual,Diesel,2019,10994.0,145.0,53.3,1.5,32.0,1,13498
BMW, 3 Series,Manual,Diesel,2018,38631.0,,62.8,2.0,58.0,3,15490
Ford, Fiesta,Manual,Petrol,2019,16420.0,145.0,60.1,1.0,54.0,3,12096
Mercedes, C Class,Automatic,Petrol,2019,10027.0,145.0,,3.0,71.0,2,42490
Audi, A1,Semi-Auto,Petrol,2017,26200.0,145.0,56.5,1.4,64.0,0,15000
Audi,,Semi-Auto,Petrol,2019,9151.0,145.0,34.0,2.0,50.0,4,39490
VW, Passat,Manual,Petrol,2019,5000.0,145.0,45.6,1.5,63.0,3,20999
Toyota, AYGO,Manual,Petrol,2017,31877.0,0.0,69.0,1.0,95.0,4,6450
BMW, X4,Automatic,Diesel,2016,44572.0,200.0,47.9,3.0,54.0,1,23995
Mercedes, A Class,Semi-Auto,Diesel,2018,4265.0,145.0,65.7,1.5,44.0,1,19491
Toyota, Aygo,Manual,Petrol,2016,26556.0,0.0,,1.0,98.0,1,6495
Hyundai, I30,Automatic,Diesel,2013,37438.0,160.0,51.4,1.6,53.0,0,7199
Mercedes, A Class,Semi-Auto,Diesel,2018,1502.0,,65.7,1.5,41.0,3,18699
Mercedes, SLK,Automatic,Petrol,2014,43955.0,205.0,43.5,1.8,76.0,1,15990
Ford,ka+,Manual,Petrol,2019,400.0,145.0,43.5,1.2,51.0,0,10995
Skoda, Octavia,Semi-Auto,Diesel,2016,32539.0,125.0,56.5,2.0,73.0,4,15750
VW,,Manual,Petrol,2018,17400.0,145.0,55.4,1.0,63.0,1,17300
Mercedes, C Class,Automatic,Petrol,2019,11664.0,145.0,47.1,1.5,65.0,3,25599
Ford, B-MAX,Semi-Auto,Petrol,2013,55920.0,165.0,44.1,1.6,34.0,1,5572
VW, Polo,Manual,Petrol,2016,22735.0,20.0,,1.2,63.0,1,10000
VW, Scirocco,Semi-Auto,Petrol,2017,18673.0,145.0,34.9,2.0,98.0,3,20550
Ford, Fiesta,Manual,Petrol,2018,15261.0,145.0,65.7,1.0,70.0,4,10797
Toyota, Yaris,Manual,Petrol,2018,20740.0,145.0,65.7,1.0,39.0,0,9595
Ford, Fiesta,Manual,Petrol,2019,6241.0,145.0,56.5,1.0,47.0,2,13500
Audi, Q3,Manual,Diesel,2013,61278.0,145.0,,2.0,58.0,1,11498
Opel, Corsa,Manual,Petrol,2017,26776.0,30.0,,1.4,63.0,2,7798
BMW, 2 Series,Semi-Auto,Diesel,2019,3550.0,145.0,64.2,2.0,69.0,3,24444
Ford, Fiesta,Manual,Petrol,2016,24300.0,145.0,47.9,1.6,61.0,1,11499
BMW, 4 Series,Semi-Auto,Diesel,2020,11.0,145.0,47.9,3.0,57.0,4,37450
Audi, A1,Manual,Diesel,2015,40011.0,0.0,80.7,1.6,88.0,4,8990
BMW, 3 Series,Manual,Diesel,2016,19401.0,30.0,67.3,2.0,94.0,2,13800
Opel, Corsa,Manual,Petrol,2014,44301.0,125.0,51.4,1.4,75.0,0,5099
Skoda, Octavia,Manual,Diesel,2017,46498.0,0.0,74.3,1.6,73.0,4,10175
VW, Tiguan,Semi-Auto,Diesel,2017,32950.0,145.0,49.6,2.0,34.0,2,19200
Toyota, RAV4,Automatic,Other,2017,4909.0,,43.5,2.0,51.0,0,20000
Toyota, Yaris,Manual,Petrol,2015,25132.0,,66.0,1.0,98.0,3,7392
Toyota, C-HR,Automatic,,2017,16990.0,135.0,74.3,1.8,37.0,1,20495
Mercedes, B Class,Automatic,Diesel,2019,3113.0,145.0,55.4,2.0,75.0,1,25444
Ford, Kuga,Manual,Diesel,2017,13240.0,150.0,60.1,2.0,35.0,1,15500
VW, Golf,Manual,Diesel,2014,73091.0,20.0,67.3,2.0,79.0,0,10995
Mercedes, B CLASS,Semi-Auto,Petrol,2019,10588.0,145.0,45.6,3.723712168624484,85.0,3,22699
Audi, A3,Manual,Diesel,2015,26200.0,20.0,68.9,2.0,95.0,4,11211
Hyundai, Tucson,Manual,Diesel,2016,36736.0,125.0,58.9,2.0,81.0,2,13450
Opel, Insignia,Manual,Diesel,2016,86980.0,20.0,68.9,1.6,65.0,4,7249
VW, polo,Manual,Petrol,2013,56105.0,125.0,51.4,1.2,74.0,,6000
VW, Polo,Manual,Petrol,2016,17399.0,20.0,58.9,,84.0,2,8798
Skoda, Fabia,Manual,Petrol,2018,9481.0,145.0,64.2,1.0,89.0,0,9790
Mercedes, E Class,Automatic,Diesel,2017,26233.0,20.0,72.4,2.0,89.0,4,19260
Ford, Focu,Manual,Diesel,2019,12027.0,,74.3,1.5,89.0,0,17998
Ford, KA,Manual,Petrol,2010,33563.0,30.0,55.4,1.2,90.0,2,3995
Mercedes, C Class,Automatic,Diesel,2019,2960.0,145.0,55.4,2.0,51.0,2,32540
Toyota, YARIS,Automatic,Hybrid,2017,23802.0,0.0,86.0,1.5,74.0,4,10995
Opel, Corsa,Manual,Petrol,2016,25000.0,30.0,55.4,1.4,34.0,1,6495
Skoda, Scala,Manual,Diesel,2019,1813.0,,,1.6,60.0,4,15495
, Q7,Semi-Auto,Diesel,2020,582.0,,33.2,3.0,58.0,3,56894
Opel, Insignia,Manual,Petrol,2017,15146.0,150.0,47.1,1.5,65.0,1,13941
Ford, Edge,Manual,Diesel,2016,48585.0,160.0,48.7,2.0,64.0,1,17500
Toyota, Yaris,Automatic,Hybrid,2017,24683.0,135.0,76.3,1.5,58.0,0,12795
Skoda, karoq,Automatic,Petrol,2018,20169.0,150.0,50.4,1.5,2.72515271650839,1,21495
Opel, Corsa,Manual,Petrol,,12329.0,145.0,43.5,1.4,98.0,2,9249
VW, Golf,Manual,Petrol,2019,50.0,145.0,47.1,1.5,32.0,1,20995
Hyundai, Ioniq,Automatic,Hybrid,2019,9468.0,135.0,,1.6,42.0,2,20000
BMW, 6 Series,Semi-Auto,Petrol,2016,19366.0,260.0,36.7,3.0,63.0,4,22798
Mercedes, E Class,Semi-Auto,Diesel,,17360.0,145.0,51.4,3.0,70.0,4,23462
VW, T-Cross,Manual,Petrol,2020,1478.0,145.0,47.9,1.0,66.0,2,22990
Ford, Fiesta,Manual,Petrol,2019,4293.0,,60.1,1.0,81.0,0,15500
Audi, A3,Manual,Diesel,2016,64278.0,30.0,65.7,2.0,64.0,1,12832
BMW, 1 Series,Manual,Diesel,2017,36274.0,145.0,70.6,1.5,86.0,4,12942
Ford, Fiesta,Manual,Petrol,2017,19130.0,,65.7,1.0,76.0,1,10498
Hyundai, I20,Manual,Petrol,2019,3011.0,145.0,46.3,1.2,78.0,1,11799
VW, Polo,Manual,Petrol,2017,26337.0,,60.1,1.2,86.0,4,9790
BMW,,Semi-Auto,Diesel,2018,10597.0,145.0,58.9,2.0,42.0,4,25490
Mercedes, C Class,Semi-Auto,Diesel,2017,12505.0,125.0,60.1,2.1,60.0,1,20495
Opel, Mokka,Manual,Diesel,2013,77127.0,125.0,57.6,1.7,87.0,2,6417
Mercedes, GLA Class,Semi-Auto,Petrol,2020,266.0,145.0,,1.6,94.0,1,26400
BMW, 1 Series,Manual,Diesel,2019,12266.0,150.0,65.7,2.0,99.0,0,17797
Skoda, Fabia,Manual,,2018,8200.0,145.0,57.7,1.0,55.0,0,9995
Opel, Corsa,Manual,Petrol,2018,14700.0,145.0,43.5,1.4,41.0,2,9658
Mercedes, C Class,Semi-Auto,Petrol,2019,6184.0,,45.6,1.5,37.0,0,25699
VW, Golf,Manual,Diesel,2017,18341.0,145.0,60.1,2.0,63.0,3,18599
Opel, Mokka,Manual,Diesel,2015,48244.0,,68.9,1.6,67.0,4,8150
Audi, A4,Manual,Petrol,2016,23212.0,125.0,53.3,1.4,59.0,1,13500
Mercedes, A Class,Manual,Diesel,2016,16984.0,30.0,62.8,2.1,70.0,2,16500
Mercedes, e class,Semi-Auto,Diesel,2019,11096.0,145.0,46.3,3.0,73.0,1,36995
Ford, Mondeo,Semi-Auto,Diesel,2016,47273.0,125.0,58.9,2.0,32.0,3,11500
Ford, focus,Manual,Petrol,2019,6889.0,145.0,60.1,1.0,65.0,3,15489
VW, Passat,Manual,Diesel,2012,63000.0,30.0,11.417267753816397,2.0,89.0,0,5990
Opel, Mokka X,Manual,Petrol,2019,12969.0,145.0,39.2,1.4,90.0,3,13000
, Fiesta,Manual,Petrol,2017,6732.0,150.0,64.2,1.1,64.0,2,9750
VW, Polo,Manual,Petrol,2016,31352.0,20.0,60.1,1.2,38.0,0,9290
VW, Golf,Semi-Auto,Diesel,2018,44352.0,145.0,57.7,2.0,40.0,0,18645
Audi, Q3,Automatic,Petrol,2017,27868.0,,47.9,1.4,83.0,2,20990
BMW, 3 Series,Automatic,Diesel,2015,61980.0,125.0,57.6,2.0,91.0,0,15500
Hyundai, tucson,Manual,Diesel,,20829.0,125.0,54.3,,39.0,2,18495
Skoda, Fabia,Manual,Petrol,2019,11125.0,145.0,57.7,1.0,38.0,1,9995
VW, Golf,Manual,Diesel,2015,39215.0,0.0,88.3,1.6,37.0,3,8995
Audi,A1,Semi-Auto,Petrol,2019,4150.0,150.0,47.9,1.0,30.0,1,19471
Ford, Focus,Manual,Petrol,2019,82584.13442011928,145.0,49.6,,68.0,4,17350
BMW, X3,Automatic,Diesel,2015,110860.0,145.0,54.3,2.0,69.0,0,13295
Ford, Fiesta,Manual,Petrol,2019,14839.0,145.0,,1.0,91.0,0,13500
Opel, Mokka X,Semi-Auto,Petrol,2018,8709.0,150.0,43.5,1.4,74.0,2,14705
Ford, EcoSport,Manual,Diesel,2018,9900.0,145.0,58.9,1.5,86.0,3,14995
Opel, Crossland X,Automatic,Petrol,2019,4488.0,145.0,44.8,1.2,36.0,0,15999
Toyota, Aygo,Manual,Petrol,2016,13171.0,0.0,69.0,1.0,,2,6995
Mercedes, C Class,Semi-Auto,Diesel,2015,,150.0,53.3,2.1,43.0,0,10995
Toyota, RAV4,Automatic,Hybrid,2019,16885.0,135.0,49.6,2.5,67.0,1,29900
BMW, 3 Series,Manual,Diesel,2020,101.0,145.0,58.9,2.0,79.0,0,22990
Opel, Mokka,Manual,,2015,31379.0,200.0,40.9,1.6,45.0,1,7998
Skoda, Octavia,Manual,Petrol,2014,48581.0,30.0,53.3,1.4,93.0,3,9700
Skoda, Fabia,Manual,Petrol,2017,21000.0,,60.1,1.2,66.0,2,8995
Ford, Focus,Manual,Petrol,2014,23800.0,30.0,56.5,1.0,78.0,0,8500
Ford, Focus,Manual,Petrol,2017,18866.0,145.0,57.7,1.0,70.0,3,12270
VW, Up,Manual,Petrol,2017,9028.0,145.0,64.2,1.0,73.0,0,8299
Mercedes, C Class,Manual,Petrol,2017,25820.0,125.0,53.3,2.0,96.0,2,14307
Opel, Corsa,Manual,Petrol,2019,100.0,145.0,,1.4,44.0,0,9990
BMW, 3 Series,Automatic,Diesel,2018,19662.0,145.0,64.2,2.0,93.0,2,17500
Audi, RS3,Semi-Auto,Petrol,2016,16594.0,300.0,,2.5,48.0,2,31072
Skoda, Kamiq,Manual,Petrol,2019,2100.0,145.0,,1.0,90.0,0,18495
Skoda, Fabia,Manual,Diesel,2018,3957.0,145.0,70.6,1.4,38.0,0,15275
, A6,Manual,Diesel,2015,49363.0,30.0,62.8,2.0,69.0,4,17950
Ford, Fiesta,Manual,Petrol,2018,33906.0,150.0,65.7,1.0,3.2257436177114727,3,10490
Toyota, Yaris,Manual,Petrol,2017,18250.0,145.0,58.9,1.5,65.0,4,10000
Opel, Mokka X,Manual,Diesel,2017,,30.0,65.7,1.6,71.0,2,9198
BMW, 2 Series,Semi-Auto,Petrol,2020,1743.0,150.0,50.4,1.5,57.0,3,23990
BMW, X1,Semi-Auto,Petrol,2019,9697.0,145.0,39.8,1.5,77.0,4,24712
Ford, Kuga,Automatic,Petrol,2019,11251.0,145.0,29.1,1.5,87.0,2,20900
VW, Up,Manual,Petrol,2013,28310.0,20.0,60.1,1.0,90.0,3,6640
Skoda, Citigo,Manual,Petrol,2015,25373.0,20.0,62.8,1.0,68.0,3,5995
Opel, Adam,Manual,Petrol,2016,49632.0,125.0,53.3,1.4,63.0,1,6898
Mercedes, GLE Class,Automatic,Diesel,2019,5432.0,145.0,36.7,3.0,88.0,1,49399
Mercedes,,Automatic,Petrol,2015,20750.0,325.0,30.1,4.0,43.0,3,59991
VW, Tiguan,Manual,Diesel,2016,23140.0,160.0,,2.0,34.0,4,17290
Ford, Focus,Automatic,Petrol,2016,14127.0,125.0,51.4,1.0,81.0,2,10995
BMW, 4 Series,Automatic,Petrol,2016,27214.0,200.0,41.5,3.0,67.0,3,23480
Opel, Vivaro,Manual,Diesel,2018,13585.0,145.0,50.4,1.6,86.0,1,19998
Ford, Fiesta,Manual,Petrol,2019,6164.0,145.0,58.9,1.0,91.0,0,15299
Opel, Mokka,Manual,Diesel,2015,34254.0,20.0,68.9,1.6,53.0,3,8998
BMW, 4 Series,Semi-Auto,Diesel,2019,101.0,145.0,65.7,2.0,76.0,1,26940
Ford, Fiesta,Manual,Petrol,2018,82584.13442011928,150.0,65.7,1.0,80.0,1,10250
Opel, Mokka X,Semi-Auto,Petrol,2018,32346.0,150.0,37.2,1.4,84.0,0,13490
BMW, 3 Serie,Automatic,Petrol,2016,13493.0,160.0,,2.0,55.0,1,18898
VW, up,Manual,Petrol,2020,531.0,,,1.0,63.0,0,11780
Ford, Focus,Automatic,Petrol,2015,6693.0,165.0,44.8,1.6,45.0,0,10500
Audi, A1,,Petrol,2017,25168.0,30.0,55.4,1.4,66.0,2,14399
VW, Polo,Manual,Petrol,2017,27599.0,150.0,58.9,1.0,77.0,1,9290
Hyundai, Tucson,Semi-Auto,Diesel,2017,35043.0,125.0,57.6,1.7,55.0,3,21354
Ford, kuga,Semi-Auto,Diesel,2016,11221.0,145.0,54.3,2.0,36.0,1,17698
Mercedes, A Class,Semi-Auto,Diesel,2019,6722.0,145.0,65.7,1.5,66.0,1,20776
Opel, Crossland X,,Diesel,2019,3245.0,145.0,60.1,1.5,83.0,1,13119
Ford, fiesta,Manual,Petrol,2017,12632.0,0.0,65.7,1.0,51.0,3,10195
Opel, Insignia,Automatic,Diesel,2016,67456.0,160.0,51.4,2.0,76.0,4,8640
Ford, focus,Manual,Petrol,2017,20266.0,,,1.0,40.0,0,11450
Ford, Fiesta,Manual,Petrol,2018,33651.0,145.0,65.7,1.0,99.0,3,11994
Ford, Focus,Manual,Diesel,2015,63117.0,,,1.5,39.0,1,8160
Opel,,Semi-Auto,Petrol,2002,58000.0,,45.6,1.2,97.0,2,1500
Mercedes, E Class,Automatic,Diesel,2016,59000.0,125.0,61.4,2.1,49.0,3,14990
Ford, Fiesta,Manual,Petrol,2018,10872.0,150.0,65.7,1.0,42.0,0,11795
Mercedes, B Class,Semi-Auto,Diesel,2019,1606.0,145.0,55.4,2.0,50.0,4,22990
VW, Polo,Manual,Petrol,2015,40453.0,20.0,,1.2,32.0,3,8495
Ford, Kuga,Manual,Diesel,2018,11643.0,150.0,54.3,1.5,79.0,4,13995
Audi, A1,Manual,Petrol,2017,14000.0,145.0,67.3,1.0,94.0,1,12900
BMW, 4 Series,Semi-Auto,Diesel,2014,25276.0,145.0,56.5,2.0,78.0,4,16995
Ford, Kuga,Manual,Diesel,2017,35417.0,125.0,60.1,2.0,96.0,3,13491
Audi, A4,Semi-Auto,Petrol,2017,35712.0,145.0,53.3,2.0,45.0,0,18000
Hyundai,,Manual,Petrol,2016,16750.0,30.0,55.4,1.2,72.0,1,8499
Opel, Mokka X,Manual,Petrol,2019,12051.0,145.0,,1.4,53.0,2,12998
VW, Up,Manual,Petrol,2018,13389.0,150.0,64.2,1.0,90.0,3,8400
Audi, TT,Semi-Auto,Petrol,2019,3774.0,,40.9,2.0,54.0,2,24990
VW, T-Roc,Manual,Petrol,2018,20500.0,145.0,53.3,1.5,40.0,3,23490
Skoda, Fabia,Manual,Petrol,2019,6481.0,145.0,57.7,1.0,56.0,0,10295
Audi, A5,Manual,Petrol,2018,27601.0,145.0,48.7,2.0,99.0,4,23950
BMW, 2 Series,Semi-Auto,Petrol,2018,8090.0,150.0,47.9,2.0,82.0,0,20870
Ford, Kuga,Manual,Diesel,2017,32523.0,145.0,,2.0,33.0,2,15499
Hyundai, Kona,Automatic,Hybrid,2019,8112.0,135.0,52.3,1.6,33.0,2,22858
Opel, Zafira,Manual,Petrol,2017,29603.0,200.0,42.2,1.4,3.1726830595677384,4,10600
Ford, Mondeo,Automatic,Petrol,2017,30765.0,205.0,43.5,1.5,64.0,4,13000
Mercedes, CL Class,Manual,Petrol,2015,15557.0,125.0,50.4,1.6,63.0,3,17498
VW, Golf,Semi-Auto,Diesel,2019,9038.0,145.0,52.3,2.0,,1,19478
BMW, 4 Series,Semi-Auto,Petrol,2019,4415.0,145.0,45.6,2.0,50.0,3,24970
VW, Polo,Manual,Petrol,2019,9367.0,145.0,52.3,1.0,96.0,1,13490
VW, Touareg,Semi-Auto,Diesel,2019,2471.0,,34.0,3.0,56.0,4,43990
VW, Passat,Semi-Auto,Hybrid,2017,87749.0,0.0,166.0,1.4,94.0,0,14498
Ford, Fiesta,Manual,Petrol,2016,30738.0,0.0,65.7,1.0,56.0,3,9299
BMW, 5 Series,Automatic,Diesel,2017,39728.0,125.0,60.1,2.0,64.0,3,16400
Hyundai, I800,Manual,Diesel,2018,37620.0,150.0,37.7,2.5,89.0,0,14000
Mercedes, GLC Class,Semi-Auto,Diesel,2019,1000.0,145.0,44.8,2.0,92.0,3,32749
Ford,,Manual,Petrol,2017,10500.0,0.0,65.7,1.0,54.0,4,11698
Ford, Kuga,Manual,Diesel,2019,5812.0,145.0,54.3,1.5,87.0,1,20990
Ford, EcoSport,Manual,Diesel,2016,10218.0,30.0,,1.5,61.0,1,9695
Mercedes, GLA Class,Semi-Auto,Diesel,2018,86705.85488462522,145.0,58.9,,50.0,2,20700
Mercedes, CLS Class,Semi-Auto,Diesel,2017,15833.0,160.0,49.6,3.0,55.0,0,23995
Opel, Corsa,Manual,Petrol,2019,12969.0,,43.5,1.4,67.0,3,10000
Ford, Fiesta,Manual,Petrol,2017,26672.0,145.0,47.9,1.6,81.0,2,11989
Mercedes, B Class,Semi-Auto,Diesel,,15500.0,20.0,70.6,1.5,41.0,4,13500
Mercedes, A Class,Manual,Diesel,2015,37883.0,20.0,,,86.0,0,11632
Mercedes, E Clas,Semi-Auto,Diesel,2019,15426.0,145.0,100.9989430231214,2.0,39.0,4,25780
Skoda, octavia,Semi-Auto,Diesel,2019,17570.0,145.0,72.4,1.6,96.0,4,13298
Opel, Corsa,Automatic,Petrol,2008,31000.0,200.0,42.8,1.4,61.0,1,4495
Mercedes, C Class,Semi-Auto,Diesel,2018,8793.0,145.0,57.7,2.0,85.0,2,26395
Audi, Q3,Automatic,Diesel,2016,13483.0,160.0,50.4,2.0,42.0,1,19995
Ford, Focus,Manual,Petrol,2015,51103.0,240.0,39.2,2.0,92.0,3,12298
VW, T-Roc,Manual,Diesel,2019,12000.0,150.0,50.4,1.6,87.0,0,20995
Opel, Corsa,Manual,Petrol,2018,7559.0,145.0,49.6,1.4,80.0,3,9125
Ford, Fiesta,Manual,Petrol,2017,7210.0,0.0,65.7,1.0,33.0,2,11998
Opel, Adam,Manual,Petrol,2015,8500.0,125.0,53.3,1.2,97.0,0,7995
Audi, A3,Manual,Petrol,2018,15215.0,150.0,55.4,1.5,52.0,3,19990
Ford, Edge,Semi-Auto,Diesel,2018,12815.0,150.0,,2.0,46.0,4,22795
Toyota, Yaris,Manual,Petrol,2018,5771.0,145.0,,1.5,74.0,3,11799
Ford, focus,Manual,Petrol,2017,10222.0,145.0,41.5,2.0,50.0,2,18998
BMW, 1 Series,Automatic,Petrol,2017,20194.0,150.0,47.9,2.0,96.0,2,16450
Toyota, Aygo,Manual,Petrol,2018,,150.0,56.5,1.0,90.0,1,8000
Mercedes, C Class,Manual,Diesel,2016,34903.0,20.0,68.9,2.1,67.0,3,16000
VW, T-Cross,Manual,Petrol,2019,3596.0,145.0,47.9,1.0,72.0,3,17295
Ford, kuga,Semi-Auto,Diesel,2018,8011.0,,47.9,2.0,65.0,3,18980
BMW, 3 Series,Semi-Auto,Diesel,2019,15639.0,145.0,52.3,2.0,93.0,3,27440
Ford, Kuga,Manual,Diesel,2017,55121.0,145.0,54.3,2.0,87.0,1,13995
VW, Polo,Automatic,Petrol,2015,59650.0,20.0,60.1,1.2,82.0,4,8700
Mercedes, A Class,Manual,Diesel,2018,21232.0,145.0,68.9,,78.0,4,16492
VW, Golf,Manual,Petrol,2019,4796.0,145.0,47.1,1.5,79.0,1,17298
Toyota, Auris,Manual,Petrol,2014,14977.0,145.0,47.9,1.6,77.0,4,7995
Ford, Fiesta,Manual,Petrol,2017,12022.0,,62.8,1.0,63.0,3,13099
Opel, Crossland X,Manual,Petrol,2019,2594.0,145.0,44.8,1.2,66.0,1,11691
BMW, X5,Semi-Auto,Diesel,2019,9415.0,145.0,37.7,3.0,98.0,4,47440
Hyundai, I20,Manual,,2013,28448.0,30.0,57.6,1.2,50.0,0,4995
Opel, Mokka,Manual,Diesel,2015,64674.0,125.0,57.6,1.7,83.0,3,7450
Mercedes, A Class,Semi-Auto,Diesel,2017,7919.0,145.0,68.9,,30.0,0,18298
VW, Polo,Manual,Petrol,2019,19536.0,145.0,48.7,1.0,99.0,2,12140
Ford, Focus,Manual,Diesel,2019,10857.0,145.0,74.3,1.5,88.0,1,17725
Mercedes,C Class,Semi-Auto,Diesel,2019,1000.0,145.0,61.4,2.0,57.0,0,34249
Hyundai, I30,Manual,Petrol,2017,18994.0,150.0,56.5,1.0,81.0,,10495
Skoda, Fabia,Semi-Auto,Petrol,2019,11228.0,150.0,60.1,1.0,31.0,4,12990
Opel, Astra,Manual,Petrol,2020,100.0,,54.3,1.2,3.1726830595677384,0,15820
Opel, Mokka X,Manual,Petrol,2019,19279.0,145.0,39.2,1.4,98.0,0,12398
BMW, 3 Series,Manual,Diesel,2013,73428.0,20.0,68.9,2.0,83.0,3,8492
Ford, Kuga,Automatic,Petrol,2016,24000.0,235.0,38.2,1.5,82.0,2,12995
Ford, Mondeo,Manual,Diesel,2013,43441.0,125.0,57.7,2.0,64.0,4,6399
Hyundai, Tucson,Semi-Auto,Diesel,2018,7304.0,145.0,,1.7,30.0,3,17250
Ford, Edge,Manual,Diesel,2017,17200.0,205.0,47.9,2.0,55.0,3,21180
VW, Tiguan,Manual,Diesel,2017,16000.0,,50.4,2.0,96.0,0,18500
Skoda, Karoq,Manual,Petrol,2019,1300.0,145.0,52.3,1.5,77.0,2,19499
Ford, Focus,Manual,Diesel,2015,40000.0,20.0,67.3,1.6,59.0,0,8500
VW, Golf,Semi-Auto,Petrol,2017,17285.0,145.0,39.8,2.0,55.0,4,25489
Audi, A1,Manual,Diesel,2015,21769.0,,80.7,1.6,84.0,0,11786
BMW, 1 Series,Semi-Auto,Petrol,2020,1500.0,145.0,34.5,2.0,94.0,0,30440
, Q3,Manual,Petrol,2019,5000.0,145.0,40.9,1.5,36.0,0,24990
Mercedes,GLC Class,Semi-Auto,Diesel,2016,11562.0,125.0,56.5,2.1,84.0,2,27899
Audi,A4,Manual,Petrol,2019,,145.0,39.2,2.0,39.0,1,29300
Skoda, Fabia,Manual,Petrol,2017,49711.0,,60.1,1.2,96.0,3,7995
Opel, Grandland X,Automatic,Petrol,2018,5397.0,145.0,43.5,1.2,77.0,4,15899
VW, Golf S,Automatic,Petrol,2019,2077.0,145.0,42.8,1.5,35.0,0,22990
Audi, A1,Manual,Petrol,2019,4321.0,145.0,47.9,1.0,87.0,,20444
VW, Up,Manual,Petrol,2019,5425.0,,54.3,1.0,64.0,0,10493
Mercedes,,Automatic,Diesel,2015,78070.0,20.0,64.2,2.1,39.0,3,13000
VW, Tiguan,Manual,Diesel,2019,10.0,145.0,49.6,2.0,63.0,1,21498
VW, Tigua,Semi-Auto,Petrol,2020,481.0,145.0,35.3,2.0,68.0,4,36990
Ford, Focus,Manual,Petrol,2017,14842.0,,57.7,1.0,,1,12950
Ford, Focus,Manual,Diesel,2019,9572.0,145.0,80.7,1.5,57.0,4,15950
Mercedes, M Class,Automatic,Diesel,2015,44529.0,,39.2,2.1,99.0,3,20500
BMW, 2 Series,Manual,Petrol,2019,10.0,145.0,52.3,1.5,36.0,4,23242
VW, golf,Manual,Diesel,2017,21444.0,20.0,68.9,2.0,34.0,3,14990
VW, Up,Manual,Petrol,2016,,20.0,62.8,1.0,36.0,4,6000
Mercedes, C Class,Automatic,Diesel,2016,34972.0,30.0,65.7,1.6,69.0,0,16000
VW, Up,Automatic,Petrol,2017,3645.0,150.0,65.7,1.0,62.0,1,7895
Opel, Astra,Manual,Diesel,2019,25.0,145.0,72.4,1.6,38.0,1,16995
Opel, Mokka,Manual,Petrol,2014,52888.0,205.0,43.5,1.6,71.0,4,7000
Ford, Focus,Manual,Petrol,2018,2596.0,145.0,,1.0,36.0,0,16479
VW, Golf,Automatic,Petrol,2019,5613.0,145.0,37.7,2.0,97.0,1,24989
VW,,Manual,,2017,36434.0,145.0,61.4,1.6,79.0,4,16380
Audi,,Manual,Diesel,2017,31587.0,150.0,60.1,2.0,72.0,3,20435
Opel, Insignia,Manual,Diesel,2018,14250.0,145.0,65.7,1.6,89.0,1,12995
Mercedes, SLK,Semi-Auto,Diesel,2014,69866.0,145.0,56.5,2.0,66.0,0,11100
Opel, Corsa,Manual,Petrol,2019,882.0,145.0,43.5,1.4,63.0,4,10490
, Fiesta,Manual,Petrol,2018,12873.0,150.0,64.2,1.1,40.0,3,9995
BMW, 5 Series,Automatic,,2017,36164.0,125.0,60.1,2.0,42.0,1,16700
Opel, Insignia,Manual,Diesel,2019,19484.0,145.0,49.6,,92.0,2,15698
VW, Golf,Automatic,Diesel,2019,8000.0,145.0,52.3,2.0,58.0,4,23950
Ford, Kuga,Manual,Diesel,2017,16212.0,145.0,64.2,1.5,71.0,4,14266
Opel, Mokka X,Manual,Petrol,2019,11454.0,145.0,39.2,1.4,32.0,0,12298
VW, Arteon,Manual,Diesel,2019,40.0,150.0,52.3,2.0,70.0,3,27498
VW, Tiguan,Manual,Petrol,2019,8138.0,145.0,38.2,1.5,69.0,3,22490
VW, Golf,,Other,2020,10018.0,150.0,50.4,1.5,98.0,4,19995
Mercedes, C Class,Automatic,Diesel,2015,79011.0,30.0,61.4,2.1,56.0,1,12800
BMW, 5 Series,Semi-Auto,Diesel,2016,71203.0,125.0,60.1,2.0,39.0,0,13465
Mercedes, SLK,Semi-Auto,Diesel,2016,28852.0,30.0,70.6,2.0,89.0,2,16980
Opel, Mokka X,Manual,Petrol,2019,13698.0,,39.2,1.4,93.0,3,11994
Ford, EcoSport,Manual,Petrol,2018,15080.0,145.0,27.70948954406702,1.0,36.0,2,13995
Skoda, Octavia,Manual,Diesel,2019,13650.0,145.0,67.3,1.6,61.0,2,13990
Ford, Kuga,Manual,,2017,13000.0,,54.3,2.0,71.0,4,17825
VW, Polo,Manual,Petrol,2017,17602.0,303.1488914624556,60.1,1.0,92.0,0,8998
Toyota, Aygo,Manual,Petrol,2018,11378.0,,56.5,1.0,66.0,2,7888
Ford, B-MAX,Manual,Petrol,2014,40442.0,30.0,55.4,1.0,84.0,3,6360
Mercedes, B Class,Semi-Auto,Petrol,2019,10478.0,145.0,45.6,1.3,61.0,2,22499
Opel, Insignia,Manual,Petrol,2017,91480.0,145.0,46.3,1.5,38.0,0,10000
Opel, Grandland X,Manual,Petrol,2019,19800.0,145.0,44.1,1.2,96.0,4,18495
VW, Up,Manual,Petrol,2015,12877.0,20.0,62.8,0.1864248827577972,58.0,1,6600
Opel, Corsa,Manual,Petrol,2016,27299.0,30.0,55.4,1.4,55.0,,7299
Ford, FOCUS,Manual,Diesel,2015,66992.0,0.0,,1.5,95.0,0,6990
Toyota, C-HR,Automatic,Hybrid,2017,30612.0,135.0,74.3,1.8,78.0,4,19995
Audi, q2,Semi-Auto,Petrol,2019,5000.0,145.0,33.2,2.0,57.0,3,28495
Ford, Edge,Semi-Auto,Diesel,2016,32736.0,160.0,48.7,2.0,91.0,0,19995
Ford, C-MAX,Manual,Petrol,2009,89000.0,200.0,40.9,1.6,51.0,3,2280
Audi, A3,Automatic,Petrol,2019,13573.0,150.0,41.5,1.5,39.0,1,23500
Mercedes, E Class,Semi-Auto,Diesel,2019,2000.0,145.0,72.4,,60.0,4,24780
Audi, Q2,Automatic,Petrol,2019,6000.0,145.0,42.2,1.5,56.0,4,25490
Ford, Focus,Manual,Diesel,2017,25887.0,0.0,74.3,1.5,52.0,4,9940
BMW, 3 Series,Automatic,Diesel,2017,24000.0,145.0,51.4,3.0,74.0,0,21990
Mercedes, E Class,Automatic,Diesel,2014,43413.0,145.0,58.9,2.1,34.0,3,14000
Opel, Viva,Manual,Petrol,2015,12918.0,20.0,62.8,1.0,82.0,1,6199
BMW, 5 Series,Semi-Auto,Diesel,2019,4971.0,145.0,55.4,2.0,90.0,3,36500
Ford, Focus,Manual,Diesel,2019,6500.0,150.0,80.7,1.5,85.0,4,18495
Toyota, Aygo,Manual,Petrol,2017,20302.0,145.0,69.0,1.0,88.0,1,6500
Toyota, Auris,Automatic,Hybrid,2013,63774.0,,72.4,1.8,31.0,3,8881
Hyundai, IX35,Manual,Diesel,2015,42865.0,150.0,,1.7,61.0,4,9498
Opel, Viva,Manual,Petrol,2018,8325.0,,60.1,1.0,37.0,3,7998
Skoda, Citigo,Manual,Petrol,2013,34331.0,,68.9,1.0,75.0,3,4495
BMW, M3,Semi-Auto,Petrol,2017,21431.0,150.0,34.0,3.0,97.0,2,37970
VW, Polo,Manual,Petrol,2016,45055.0,,60.1,1.0,66.0,4,7990
Mercedes, GLC Class,Semi-Auto,Petrol,2019,7683.0,145.0,34.0,3.0,92.0,3,46495
Audi, Q5,Semi-Auto,Petrol,2019,5152.0,145.0,32.1,2.0,66.0,2,35945
Mercedes, C Class,Semi-Auto,Diesel,2015,61985.0,20.0,,2.1,90.0,1,13750
VW, Tiguan,Manual,Diesel,2019,11223.0,145.0,47.9,2.0,75.0,1,20798
Mercedes,C Class,Automatic,Diesel,2018,34008.0,145.0,61.4,2.1,75.0,2,19999
Ford, Focus,Automatic,Petrol,2013,35850.0,165.0,44.1,1.6,93.0,2,6995
Skoda, Superb,Semi-Auto,Diesel,2017,12369.0,150.0,56.5,2.0,72.0,0,19441
VW, Polo,Manual,Petrol,2016,23000.0,20.0,60.1,1.2,68.0,4,10495
VW, Polo,Manual,Petrol,2017,21401.0,20.0,60.1,1.2,96.0,3,9770
Opel, Insignia,Manual,Diesel,2017,23222.0,145.0,54.3,2.0,46.0,4,12898
BMW, 3 Series,Manual,Petrol,2007,130000.0,200.0,44.8,2.0,41.0,1,3495
Toyota, Avensis,Manual,Diesel,2016,40889.0,20.0,67.3,1.6,65.0,2,11495
VW, Polo,Manual,Petrol,2017,21302.0,20.0,11.417267753816397,1.2,91.0,4,10100
Hyundai, I30,,Petrol,2019,3107.0,145.0,44.8,1.4,74.0,0,15450
Ford, Grand C-MAX,Manual,Diesel,2017,27070.0,150.0,64.2,1.5,77.0,4,11498
Opel, Insignia,Manual,Diesel,2018,16501.0,145.0,54.3,2.0,43.0,4,15495
Opel, Mokka X,Manual,Petrol,2019,6417.0,145.0,39.2,1.4,62.0,0,14515
Toyota, Aygo,Manual,Petrol,2013,35969.0,0.0,65.7,1.0,73.0,0,4750
Opel, Mokka X,Manual,Petrol,2019,8722.0,145.0,39.2,1.4,77.0,0,14590
Ford, B-MAX,Manual,Diesel,2013,42996.0,20.0,70.6,1.6,99.0,2,5995
Hyundai, I10,Manual,Petrol,2020,85.0,145.0,56.5,1.0,82.0,2,11795
Ford, Kuga,Manual,Diesel,2017,21223.0,125.0,60.1,2.0,77.0,2,13331
VW, Golf,Manual,Petrol,2016,15493.0,,53.3,1.4,61.0,3,13191
VW, Gol,Manual,,2019,5771.0,303.1488914624556,47.1,1.5,91.0,0,17298
Ford, Focus,Manual,Petrol,2018,21931.0,,41.5,2.0,90.0,4,16900
Toyota, Auris,Manual,Petrol,2013,69995.0,150.0,,1.6,66.0,3,6000
Audi, A3,Manual,Petrol,2017,19543.0,30.0,58.9,1.4,57.0,2,18690
Opel, Zafira,Automatic,Petrol,2017,8616.0,145.0,,1.4,31.0,2,12999
Audi, A3,Semi-Auto,Diesel,2019,6018.0,145.0,52.3,1.6,61.0,,19990
Ford, Mondeo,Manual,Diesel,2014,132000.0,30.0,61.4,2.0,66.0,1,5393
VW, Polo,Semi-Auto,Petrol,2019,1396.0,145.0,39.8,2.0,43.0,4,20990
BMW, 5 Series,Automatic,Diesel,2020,110.0,145.0,,2.0,59.0,3,34550
Skoda, Fabia,,Petrol,2016,43562.0,20.0,60.1,1.0,37.0,3,5998
VW,,,Diesel,2019,7250.0,145.0,39.2,2.0,70.0,2,31995
Opel, Astra,Manual,Diesel,2018,40500.0,145.0,72.4,1.6,76.0,1,13999
Opel, Meriva,Manual,Diesel,2011,51245.0,140.0,54.3,1.7,85.0,0,4000
Ford, C-MAX,Manual,Petrol,2019,3629.0,145.0,49.6,1.0,90.0,2,13000
Opel, Astra,Automatic,Petrol,2019,8675.0,150.0,,1.4,43.0,2,14995
BMW, 1 Serie,Automatic,Diesel,2016,32734.0,20.0,70.6,2.0,43.0,3,12500
Toyota, Corolla,Automatic,Hybrid,2020,5000.0,135.0,57.7,1.8,32.0,0,24980
BMW, X1,Automatic,Diesel,2020,1593.0,145.0,50.4,2.0,41.0,1,32995
VW, Pol,Semi-Auto,Petrol,2020,5000.0,145.0,39.8,2.0,84.0,2,21490
Toyota, Aygo,Manual,Petrol,2019,9484.0,145.0,,1.0,93.0,4,8950
Audi, A6,Semi-Auto,,2017,95204.18167360188,145.0,61.4,2.0,52.0,3,19000
Toyota, Aygo,Manual,Petrol,2017,,0.0,69.0,1.0,47.0,2,6522
VW, Golf,Manual,Petrol,2015,53474.0,30.0,53.3,1.4,64.0,3,9495
BMW, X7,Semi-Auto,Diesel,2019,1657.0,145.0,31.4,3.0,37.0,2,73990
VW, Golf,Manual,Diesel,2014,67000.0,20.0,67.3,2.0,78.0,4,12450
Opel, Zafir,Manual,Diesel,2006,100000.0,235.0,45.6,1.9,56.0,0,2395
Mercedes, GLC Class,Automatic,Diesel,2017,26968.0,125.0,56.5,2.1,92.0,4,24500
Ford, Focus,Manual,Diesel,2017,17493.0,145.0,67.3,2.0,86.0,0,16995
, Fiesta,Manual,Petrol,2017,55836.0,0.0,65.7,1.0,92.0,4,8550
Ford, B-MAX,Manual,Petrol,2013,43000.0,30.0,55.4,1.0,59.0,1,5995
BMW, 3 Series,Manual,Petrol,2016,33270.0,150.0,48.7,2.0,67.0,2,12400
Audi, Q5,Semi-Auto,Diesel,2017,18495.0,145.0,56.5,2.0,82.0,2,24990
VW, T-Roc,Manual,Petrol,2019,5127.0,145.0,,1.5,86.0,0,20290
Hyundai, I10,Manual,Petrol,2015,25705.0,20.0,60.1,1.0,84.0,1,6000
Mercedes, C Class,Semi-Auto,Diesel,2019,4615.0,145.0,54.3,2.0,50.0,2,31990
Mercedes, GLC Class,Semi-Auto,Diesel,2016,7917.0,125.0,56.5,2.1,45.0,3,27981
BMW, 5 series,Automatic,Diesel,2017,28762.0,30.0,,2.0,91.0,3,15750
Opel, Corsa,Manual,,2016,,30.0,55.4,1.4,80.0,3,6071
BMW, 4 Series,Semi-Auto,Petrol,2016,9647.0,160.0,44.1,2.0,53.0,3,19595
Ford, Fiesta,Manual,Petrol,2014,56669.0,0.0,65.7,1.0,32.0,2,7000
Toyota, Auris,Automatic,Hybrid,2015,27908.0,0.0,70.6,1.8,49.0,2,14775
Skoda, Yeti Outdoor,Semi-Auto,Petrol,2016,16412.0,125.0,51.4,1.2,49.0,3,12495
Mercedes, A Class,Manual,Petrol,2017,18727.0,150.0,52.3,1.6,65.0,2,13790
Mercedes, C Class,Manual,Diesel,2015,31125.0,20.0,70.6,2.1,59.0,4,13498
, Focus,Manual,Diesel,2018,12898.0,145.0,74.3,1.5,73.0,4,16000
Mercedes, C Class,Automatic,Diesel,2018,11847.0,145.0,57.7,2.0,33.0,3,27832
Hyundai, IX35,Manual,Diesel,2013,80465.0,145.0,53.3,1.7,87.0,2,6998
VW, T-Roc,Manual,Diesel,2018,6482.0,145.0,50.4,1.6,53.0,4,18595
BMW, 2 Series,Automatic,Petrol,2019,123.0,145.0,39.8,3.0,43.0,4,28861
Audi, A5,Semi-Auto,Diesel,2019,4750.0,145.0,51.4,2.0,43.0,0,28950
Opel, Mokka,Manual,Petrol,2016,33116.0,160.0,,1.4,55.0,1,8998
Ford, Focus,,Petrol,2012,79000.0,155.0,44.1,1.6,82.0,4,6495
Ford, Focus,Manual,Petrol,2013,41250.0,30.0,56.5,1.0,39.0,1,6477
VW, Scirocco,Manual,Diesel,2014,38248.0,30.0,62.8,2.0,57.0,,11242
Ford, Mondeo,Manual,Diesel,2010,140000.0,145.0,53.3,2.0,98.0,3,3493
VW, Polo,Manual,Petrol,2016,15664.0,0.0,65.7,1.0,51.0,4,10750
Hyundai, Tucson,Manual,Diesel,2016,41953.0,30.0,61.7,1.7,77.0,1,12498
Skoda, Fabia,Manual,Petrol,2016,21733.0,20.0,58.9,1.2,62.0,0,9890
VW, amarok,Automatic,Diesel,2018,12447.0,260.0,36.2,3.0,90.0,4,25498
BMW, X5,Automatic,Diesel,2016,12525.0,200.0,47.1,3.0,87.0,4,32998
BMW, 3 Series,Semi-Auto,Diesel,2017,12600.0,,51.4,3.0,99.0,4,22980
Ford, Focus,Manual,Petrol,2018,15893.0,,60.1,1.0,81.0,1,12295
Opel,,Manual,Diesel,2016,36283.0,30.0,65.7,1.6,,3,10500
Opel, Corsa,Manual,Petrol,2020,10.0,150.0,52.3,1.2,59.0,1,13998
Ford, Focus,Manual,Petrol,2018,7166.0,145.0,57.7,1.0,36.0,1,13617
BMW, 6 Series,Automatic,Diesel,2016,43525.0,160.0,51.4,0.3134065828348564,72.0,2,19916
Opel, Zafira Tourer,Manual,Petrol,2017,6527.0,150.0,41.5,1.4,45.0,2,12190
Ford, Kuga,Manual,Petrol,2018,14779.0,,45.6,1.5,81.0,3,16498
Audi, A5,Automatic,Petrol,2019,1500.0,145.0,39.2,2.0,76.0,4,30444
VW, Golf,Manual,Diesel,,58275.0,20.0,68.9,2.0,45.0,1,10050
Ford, Fiesta,Manual,Petrol,2017,11474.0,145.0,64.2,1.1,67.0,3,9300
Ford, Focus,Semi-Auto,Petrol,2015,36000.0,165.0,44.8,1.6,49.0,1,8495
Ford, Fiesta,Manual,Petrol,2017,29408.0,145.0,65.7,1.0,38.0,,9250
VW, Up,Manual,Petrol,2019,5400.0,145.0,,1.0,82.0,3,8980
Skoda, Octavia,Manual,Petrol,2017,9545.0,20.0,62.8,1.0,,3,10746
Toyota,Prius,Automatic,Hybrid,2015,11872.0,,64.2,1.8,78.0,2,22995
Hyundai, i30,Manual,Petrol,2019,2342.0,145.0,41.5,1.4,68.0,0,15750
Mercedes, C Class,Semi-Auto,Diesel,2017,28480.0,30.0,64.2,1.6,46.0,1,18499
BMW, 1 Series,Manual,Diesel,2016,40358.0,30.0,,2.0,44.0,1,14270
Mercedes, E CLASS,Semi-Auto,Diesel,2016,30209.0,30.0,65.7,2.0,92.0,3,21749
Opel, Adam,Manual,Petrol,2016,17473.0,125.0,53.3,1.2,51.0,3,8270
BMW, X4,Semi-Auto,Diesel,2019,7141.0,,,2.0,51.0,3,33995
Hyundai, IX20,Manual,Petrol,2016,9442.0,125.0,50.4,1.4,54.0,4,8995
Ford, Fiesta,Manual,Petrol,2018,22175.0,145.0,56.5,1.0,51.0,0,11250
Ford, Fiesta,Manual,Petrol,2019,7556.0,145.0,60.1,1.0,34.0,0,14699
Opel, Crossland X,Manual,Petrol,2017,30737.0,,57.7,1.2,48.0,1,10290
VW, T-Cross,Automatic,Petrol,2019,2010.0,145.0,45.6,1.0,85.0,2,18980
Ford, Kuga,Automatic,Diesel,2019,2348.0,145.0,38.7,2.0,52.0,4,24995
VW, Golf,Manual,Diesel,2014,55291.0,0.0,68.9,1.6,78.0,3,8950
Hyundai, Santa Fe,Semi-Auto,Diesel,2019,5473.0,145.0,39.2,2.2,94.0,2,33799
BMW, 2 Series,Manual,Petrol,2019,1000.0,145.0,52.3,1.5,88.0,1,20980
Audi, A4,Automatic,Petrol,2014,55119.0,300.0,34.9,3.0,66.0,0,15567
Toyota, Aygo,Manual,Petrol,,32001.0,0.0,65.7,1.0,84.0,3,3999
Skoda, Karoq,,Diesel,2019,6000.0,145.0,42.8,2.0,42.0,3,26490
VW, Polo,Semi-Auto,Petrol,2016,33565.0,20.0,60.1,1.2,58.0,4,9995
Skoda, Scala,Manual,Petrol,2020,2217.0,145.0,49.6,1.0,78.0,3,16750
Mercedes, C Class,Manual,Diesel,2016,40880.0,20.0,70.6,1.6,69.0,4,13680
BMW, X1,Manual,Diesel,2016,25913.0,,58.9,2.0,73.0,2,16595
Skoda, Fabia,Manual,Petrol,2019,2323.0,,57.7,,87.0,1,10995
Ford, EcoSport,Manual,Petrol,2015,27183.0,125.0,53.3,1.0,94.0,3,9000
Mercedes, SL CLASS,Semi-Auto,Petrol,2019,8000.0,150.0,47.1,2.0,93.0,3,29995
Opel, Mokka X,Manual,Petrol,2018,19948.0,,47.1,1.4,95.0,1,11381
Ford, Fiesta,Manual,Petrol,2014,35419.0,0.0,65.7,1.0,95.0,3,6890
Toyota, RAV4,Automatic,Hybrid,2016,45950.0,20.0,55.4,2.5,73.0,3,19599
, Hilux,Automatic,Diesel,2018,22919.0,260.0,36.2,2.4,30.0,3,22445
Opel, Mokka X,Manual,Petrol,2017,24861.0,200.0,42.2,1.6,49.0,1,10299
VW, Golf,Manual,Petrol,2018,11380.0,145.0,37.7,2.0,37.0,4,21747
BMW, 2 Series,Automatic,Petrol,2017,17000.0,125.0,48.7,2.0,90.0,2,14990
Opel, Corsa,Manual,Petrol,2019,5.0,145.0,43.5,1.4,80.0,,11695
Ford, C-MAX,Manual,Diesel,2016,36860.0,20.0,68.9,1.5,82.0,3,9698
Ford, Fiesta,Manual,Petrol,2009,45962.0,145.0,,1.2,65.0,3,3695
Ford, Focus,Manual,Petrol,2019,8724.0,,60.1,1.0,84.0,1,15470
Mercedes, E Class,Semi-Auto,Diesel,2019,,145.0,72.4,2.0,94.0,2,24649
VW, Golf,Manual,Diesel,2016,34500.0,20.0,67.3,2.0,45.0,1,14400
Opel, Crossland X,Manual,Diesel,2018,23695.0,145.0,78.5,1.6,31.0,4,10999
Opel, Adam,Manual,Petrol,2017,41285.0,125.0,53.3,1.2,72.0,1,7498
Opel, Corsa,Manual,Petrol,2016,40185.0,30.0,55.4,1.4,60.0,4,6995
Mercedes, GLC Class,Semi-Auto,Diesel,2016,21210.0,125.0,56.5,2.1,89.0,3,23245
Ford,Focus,Semi-Auto,Diesel,2018,29685.0,145.0,67.3,1.5,70.0,2,13000
BMW, 3 Series,Semi-Auto,Diesel,2017,51983.0,145.0,62.8,2.0,59.0,2,17701
Audi, A1,Semi-Auto,Petrol,2019,1843.0,145.0,,2.0,68.0,2,21500
Mercedes, E Class,Automatic,Diesel,2017,27400.0,30.0,65.7,2.0,70.0,2,19000
Audi, A4,Automatic,Diesel,2008,130000.0,,44.8,2.0,38.0,3,3995
Skoda, Octavia,Semi-Auto,Diesel,2016,17854.0,125.0,60.1,2.0,71.0,2,15562
Skoda, Octavia,Semi-Auto,Diesel,2019,13900.0,150.0,70.6,1.6,46.0,2,15490
BMW, X5,Automatic,Diesel,2017,10.0,145.0,47.1,3.0,41.0,4,55990
BMW, 3 Series,Manual,Diesel,2015,91246.0,125.0,61.4,2.0,33.0,3,10225
Ford, Focus,Manual,Petrol,2017,12989.0,145.0,,2.0,35.0,,19290
Mercedes, GLA Class,Automatic,Diesel,2017,58268.0,30.0,64.2,2.1,77.0,4,15000
Opel, Corsa,Manual,Petrol,2018,12670.0,145.0,43.5,1.4,48.0,1,15225
BMW, 5 Series,Automatic,Hybrid,2019,1550.0,140.0,156.9,2.0,62.0,0,31550
Mercedes, E Class,Automatic,Diesel,2009,114000.0,235.0,44.1,2.1,60.0,1,6999
Ford, Fiesta,Manual,Petrol,2018,37960.0,145.0,65.7,1.0,91.0,3,9680
VW, Polo,Manual,Petrol,2016,8900.0,20.0,,1.0,55.0,3,10500
VW, Polo,Manual,Petrol,,18000.0,20.0,94.786380415261,1.2,75.0,4,11995
Opel, Crossland X,Manual,Petrol,2019,10710.0,145.0,44.8,1.2,49.0,1,12720
VW, Touareg,Semi-Auto,Diesel,2020,5100.0,145.0,33.6,3.0,48.0,1,48390
VW, Touran,Manual,Diesel,2016,63150.0,30.0,62.8,2.0,59.0,2,13000
Audi, A4,Manual,Diesel,2016,47000.0,20.0,72.4,2.0,74.0,3,13750
VW, Polo,Manual,Petrol,2017,14517.0,,58.9,1.0,59.0,2,9690
Ford, Focus,Manual,Petrol,,4101.0,145.0,58.9,1.0,34.0,4,18200
VW, T-Roc,Manual,Petrol,2018,18200.0,150.0,53.3,1.5,43.0,0,17950
Mercedes, GLC Class,,Diesel,,19339.0,145.0,45.6,3.0,45.0,4,31994
Opel, Astra,Automatic,Petrol,2014,17600.0,240.0,39.8,1.6,80.0,0,8495
Ford, Mondeo,Manual,Diesel,2014,57304.0,20.0,65.7,,46.0,3,5995
Toyota, Yaris,Automatic,Petrol,2018,16564.0,,47.1,1.5,35.0,1,12280
VW, Golf,Manual,,2015,56766.0,20.0,67.3,2.0,60.0,0,13500
Ford, Focus,Manual,Petrol,2019,22859.0,145.0,60.1,1.0,85.0,4,16998
Toyota, Aygo,Manual,Petrol,2017,13645.0,0.0,110.34497686910323,1.0,70.0,4,6000
Audi, Q3,,Diesel,2019,10501.0,145.0,,2.0,65.0,3,29995
Opel, Zafira,Manual,Petrol,2017,15757.0,205.0,41.5,,67.0,2,12495
Mercedes,,Semi-Auto,Petrol,2019,69.0,145.0,35.3,2.0,44.0,1,33932
BMW, 2 Series,Semi-Auto,Petrol,2016,29139.0,205.0,39.8,3.0,57.0,2,19999
VW, Polo,Manual,Petrol,2015,29768.0,20.0,60.1,1.0,43.0,2,7898
VW, Golf,Manual,Diesel,2017,34494.0,30.0,60.1,2.0,90.0,3,16300
VW, Golf,Semi-Auto,Hybrid,2020,1000.0,145.0,44.8,1.5,98.0,1,24000
, 5 Series,Semi-Auto,Diesel,2016,41695.0,30.0,62.8,2.0,72.0,0,14595
BMW, M4,Manual,Petrol,2017,15500.0,330.0,32.1,3.0,71.0,0,35995
BMW, 1 SERIES,Manual,Diesel,2016,8411.0,30.0,65.7,2.0,61.0,0,13900
Skoda, Kamiq,Semi-Auto,Petrol,2020,1000.0,145.0,43.5,1.5,89.0,0,23750
VW, Polo,Manual,Petrol,2014,38201.0,20.0,60.1,1.0,90.0,1,7298
Ford, Fiesta,Manual,Petrol,2018,7200.0,145.0,65.7,1.0,69.0,1,10399
VW, T-Cross,Manual,Diesel,2020,2000.0,,53.3,1.6,62.0,3,20499
Toyota, Aygo,Manual,Petrol,2017,9697.0,145.0,,1.0,77.0,0,6950
BMW, 4 Series,Semi-Auto,Diesel,2019,1893.0,145.0,60.1,2.0,96.0,2,24995
Mercedes, X-CLASS,Automatic,Diesel,2019,2750.0,260.0,,2.3,56.0,2,27995
Skoda, Fabia,Manual,Petrol,2014,23757.0,125.0,49.6,1.2,70.0,4,5691
Skoda, Kodiaq,Automatic,Petrol,2019,15136.0,145.0,34.0,1.5,89.0,2,22990
Skoda, Fabia,Manual,Petrol,2020,500.0,145.0,52.3,1.0,55.0,1,12995
Audi, Q2,Manual,Diesel,2019,5015.0,145.0,49.6,1.6,96.0,2,20470
Mercedes, C Class,Automatic,Petrol,2019,10585.0,145.0,30.4,3.0,,3,39894
BMW, 1 Series,Manual,Diesel,2013,73919.0,30.0,65.7,2.0,76.0,3,7131
Hyundai, I800,Manual,Diesel,2016,48859.0,300.0,37.7,2.5,97.0,4,13695
VW, Up,Manual,Petrol,2016,28388.0,,64.2,1.0,42.0,4,7495
Mercedes, E Class,Automatic,Diesel,2017,20730.0,145.0,65.7,2.0,32.0,4,20997
VW, Golf,Manual,Petrol,2016,36000.0,,47.1,2.0,82.0,4,16495
Mercedes, C Class,Semi-Auto,Petrol,2017,17125.0,145.0,47.1,2.0,87.0,2,23000
Skoda, Kodiaq,Semi-Auto,Diesel,2018,9262.0,145.0,49.6,2.0,89.0,3,25495
Mercedes, C Class,Automatic,Petrol,2018,23280.0,150.0,48.7,2.0,72.0,4,19000
Mercedes, A Class,Semi-Auto,Petrol,2018,2122.0,145.0,24.8,4.0,39.0,1,109989
Ford, Ka+,Manual,Petrol,2019,3000.0,145.0,43.5,1.2,62.0,4,11250
Audi, Q3,Manual,Diesel,2016,,145.0,56.5,2.0,62.0,0,15700
Skoda, Yeti,Automatic,Petrol,2014,22776.0,160.0,44.8,1.2,92.0,0,10500
VW, Golf,Semi-Auto,Petrol,2017,,30.0,53.3,1.4,43.0,3,13998
Toyota, Avensis,Manual,Diesel,2016,56501.0,20.0,67.3,1.6,82.0,4,9295
Audi, A4,Semi-Auto,Petrol,2018,16473.0,145.0,49.6,1.4,71.0,0,21498
Mercedes, C Class,Semi-Auto,Petrol,2019,14297.0,,46.3,1.5,96.0,0,19799
Opel, Astr,Manual,Diesel,2017,32000.0,20.0,,1.6,79.0,1,9995
VW, T-Roc,Semi-Auto,Petrol,2019,4000.0,145.0,39.8,1.5,92.0,4,22500
VW, T-Roc,Manual,Petrol,2018,26725.0,145.0,55.4,1.0,66.0,0,16790
BMW, 1 Series,Semi-Auto,Petrol,2019,4812.0,145.0,47.9,2.0,69.0,4,19998
Audi, A6,Manual,Diesel,2015,89350.0,30.0,62.8,2.0,64.0,4,13200
, Viva,Manual,Petrol,2017,11662.0,145.0,,1.0,70.0,2,6000
BMW, X6,Semi-Auto,Diesel,2018,7531.0,145.0,40.9,3.0,43.0,3,40322
VW, Polo,Manual,Petrol,2017,36000.0,20.0,58.9,1.0,93.0,0,9000
Hyundai, I30,Manual,Diesel,2015,17673.0,0.0,,1.6,72.0,2,7999
Opel, Corsa,Manual,Petrol,2017,22500.0,150.0,54.3,1.4,78.0,1,7289
Audi,A1,Manual,Petrol,2015,36477.0,0.0,67.3,1.0,99.0,1,10599
Mercedes, B Class,Automatic,Diesel,2007,63787.0,326.028233171514,,2.0,52.0,0,3990
Ford, Focus,Manual,Diesel,2016,106000.0,20.0,70.6,2.0,84.0,2,7793
VW, Golf,Manual,Diesel,2019,10.0,145.0,55.4,,32.0,4,19498
Opel, Agila,Manual,Petrol,2015,60000.0,30.0,55.4,1.2,65.0,1,4695
VW, Gol,,Petrol,2018,31190.0,,58.9,1.0,73.0,0,14578
Opel, Corsa,Manual,Petrol,2015,24277.0,,,1.0,56.0,1,7295
Toyota, Yaris,Automatic,Petrol,2019,10010.0,145.0,47.9,1.5,82.0,0,13495
Opel, Meriva,Automatic,Petrol,2017,3230.0,235.0,39.8,1.4,67.0,3,9998
Mercedes, GLC Class,Semi-Auto,Diesel,2017,26844.0,125.0,56.5,2.1,83.0,3,24399
Ford, Fiesta,Manual,Petrol,2017,17852.0,145.0,62.8,1.0,62.0,4,10299
VW, Tiguan,Automatic,Diesel,2016,33144.0,,,2.0,97.0,3,14500
Audi, A4,Manual,Diesel,2017,40133.0,145.0,62.8,2.0,94.0,4,17995
VW, Up,Manual,Petrol,2018,30632.0,145.0,64.2,1.0,77.0,3,7490
VW, Golf,Semi-Auto,Petrol,2015,45743.0,30.0,56.5,1.4,95.0,4,10990
Audi, Q3,Manual,Petrol,2016,21682.0,125.0,50.4,1.4,71.0,3,16999
Skoda, Octavia,Semi-Auto,Petrol,2020,10.0,150.0,46.3,1.5,2.72515271650839,3,19000
BMW, 1 Series,Manual,Diesel,2014,75924.0,30.0,65.7,2.0,86.0,3,9099
BMW, 2 Series,Semi-Auto,Diesel,2020,100.0,,49.6,2.0,63.0,2,35250
Opel, Adam,Manual,Petrol,2017,8854.0,150.0,53.3,1.2,60.0,1,8490
Mercedes, C Class,Semi-Auto,Diesel,2019,7060.0,145.0,56.5,2.0,66.0,4,26499
Ford, Kuga,Manual,Diesel,2017,18990.0,145.0,64.2,1.5,81.0,1,14495
Mercedes, C Class,Automatic,Petrol,2017,28042.0,,50.4,2.0,82.0,2,17800
Audi, A5,Automatic,Diesel,2015,32328.0,145.0,53.3,2.0,,0,15293
VW, Tiguan,Semi-Auto,Diesel,2016,46087.0,160.0,49.6,2.0,94.0,2,21490
Opel, Mokka X,Manual,Petrol,2019,19700.0,150.0,39.2,1.4,48.0,2,13490
Opel, Insignia,Manual,Diesel,2015,43000.0,20.0,72.4,1.6,32.0,2,8550
Audi, A3,,Petrol,2019,6763.0,150.0,34.5,2.0,48.0,4,33950
Audi, A5,Automatic,Diesel,2020,10.0,145.0,47.1,2.0,68.0,0,30990
Opel, Grandland X,Manual,Petrol,2018,18578.0,145.0,55.4,1.2,65.0,3,15250
BMW, X1,Automatic,Petrol,2018,19063.0,145.0,44.8,2.0,43.0,0,22500
Mercedes, S Class,Semi-Auto,Diesel,2019,6675.0,145.0,48.7,3.0,93.0,4,60849
Opel, Meriv,Manual,Petrol,2015,,145.0,47.1,1.4,69.0,3,6798
Ford, Mondeo,Automatic,Diesel,2018,47320.0,145.0,45.6,2.0,93.0,2,13699
Mercedes, A Class,Semi-Auto,Petrol,2020,1000.0,145.0,53.3,1.3,91.0,0,25879
Audi, A4,Semi-Auto,Petrol,2019,5987.0,145.0,38.2,2.0,57.0,2,25990
Ford, Kuga,Semi-Auto,Diesel,2017,28556.0,145.0,54.3,2.0,92.0,3,16500
Opel, Adam,Manual,Petrol,2015,18996.0,125.0,53.3,1.2,83.0,1,6979
Ford, Ka+,Manual,Petrol,2018,8355.0,145.0,57.7,1.2,49.0,3,8750
Skoda, Superb,Automatic,Diesel,2019,49900.0,145.0,,2.0,66.0,4,13980
Mercedes, GLC Class,Semi-Auto,Diesel,2016,27634.0,125.0,56.5,2.1,32.0,0,27102
VW, Tiguan,Semi-Auto,Diesel,2017,25049.0,150.0,44.1,2.0,89.0,4,25990
BMW, 4 Series,Automatic,Diesel,2018,3500.0,145.0,55.4,3.0,89.0,0,20995
Ford, Fiesta,Manual,Petrol,2019,1069.0,145.0,,1.1,31.0,3,12491
VW, Touareg,Semi-Auto,Diesel,2016,31713.0,240.0,42.8,3.0,87.0,0,21995
BMW, 1 Series,Automatic,Petrol,2018,38527.0,145.0,,1.5,59.0,2,12800
VW, Passat,Manual,Diesel,2017,23895.0,20.0,67.3,2.0,90.0,2,13995
Opel, Insignia,Manual,Diesel,2018,23149.0,145.0,64.2,1.6,85.0,1,12500
Toyota, RAV4,Manual,Diesel,2007,120870.0,235.0,42.8,2.2,37.0,0,2991
Mercedes, E Class,Automatic,Diesel,2019,8000.0,145.0,45.6,2.0,86.0,0,31995
Skoda, Karoq,Manual,Diesel,2019,4099.0,,42.8,2.0,90.0,0,23990
Mercedes, C Class,Semi-Auto,Diesel,2015,37020.0,30.0,65.7,1.6,46.0,1,13500
Opel, Mokka X,Semi-Auto,Petrol,2017,18600.0,150.0,43.5,1.4,37.0,3,12038
, Focus,,Petrol,2019,12560.0,145.0,41.5,1.0,82.0,0,16598
VW, Golf,Semi-Auto,Diesel,2019,7231.0,145.0,,2.0,,4,25490
Ford, Kuga,Semi-Auto,Diesel,2016,41607.0,145.0,,2.0,53.0,0,13870
, Focus,Manual,Petrol,2015,49327.0,20.0,60.1,1.0,96.0,4,8000
BMW, X1,Automatic,Diesel,2017,22461.0,145.0,65.7,2.0,66.0,1,18000
Mercedes, gla class,Semi-Auto,Diesel,2017,12501.0,145.0,,2.1,61.0,3,20999
Mercedes, C Class,Automatic,Petrol,2019,6902.0,,45.6,1.5,40.0,3,26500
Skoda, Octavia,Automatic,Diesel,2017,56526.0,145.0,57.7,2.0,41.0,0,13999
Audi, Q3,Manual,Petrol,2018,10429.0,145.0,49.6,1.4,42.0,1,21755
Mercedes, A Class,Semi-Auto,Diesel,2015,32230.0,,68.9,1.5,67.0,0,13022
Ford, KA,Manual,Petrol,2015,82584.13442011928,30.0,57.7,1.2,57.0,0,5192
BMW, 2 Series,Manual,Diesel,2017,24216.0,,64.2,2.0,99.0,2,15999
Mercedes, GLA Class,Manual,Diesel,2017,27248.0,20.0,67.3,2.1,44.0,1,16810
Audi, A7,Semi-Auto,Diesel,2019,5724.0,145.0,48.7,2.0,46.0,4,30950
Ford, Focus,Manual,Petrol,2017,25459.0,,60.1,1.0,65.0,2,10900
Skoda, Superb,Automatic,Petrol,2017,10629.0,160.0,44.8,2.0,83.0,4,19950
VW, Gol,Semi-Auto,Petrol,2018,7118.0,145.0,55.4,1.5,64.0,2,18495
VW, Golf,Manual,Petrol,2019,14953.0,145.0,,1.0,39.0,0,15480
VW, Touareg,Semi-Auto,Diesel,2020,8000.0,145.0,34.5,3.0,53.0,1,44999
VW, Pol,Manual,Petrol,2019,4250.0,145.0,49.6,1.0,52.0,4,16995
BMW, 1 Series,Semi-Auto,Petrol,2019,2635.0,,54.3,1.5,94.0,3,19940
Ford, Focus,Manual,Diesel,2015,47192.0,20.0,67.3,1.6,54.0,3,7700
Opel, Corsa,Manual,Petrol,2017,13460.0,,55.4,1.4,90.0,3,7569
BMW, 1 Serie,Manual,Diesel,2012,85827.0,30.0,62.8,2.0,84.0,0,7899
Ford, Ka+,Manual,Petrol,2019,4777.0,145.0,43.5,1.2,54.0,1,10795
, C Class,Automatic,Diesel,2017,50369.0,20.0,65.7,2.1,80.0,4,13800
Mercedes, GLC Class,Automatic,Petrol,2019,1852.0,145.0,,2.0,37.0,1,31995
Audi, TT,Manual,Petrol,2016,20674.0,160.0,46.3,2.0,93.0,2,17498
Audi, A3,Semi-Auto,Hybrid,2015,48954.0,0.0,176.6,1.4,57.0,2,16000
Ford, Galaxy,Manual,Diesel,2016,30528.0,,56.5,2.0,66.0,2,18498
Opel, Astra,Automatic,Diesel,2014,53146.0,200.0,48.7,2.0,31.0,0,5800
Opel, Corsa,Manual,Petrol,2017,33927.0,145.0,55.4,1.4,75.0,4,7000
BMW,,Automatic,Petrol,2019,7951.0,,47.9,2.0,30.0,0,23950
Opel, Astra,Manual,Petrol,2019,18874.0,,46.3,1.4,78.0,3,13359
,,Automatic,Diesel,2019,3986.0,145.0,47.1,2.0,98.0,2,36990
Opel, Corsa,Manual,Petrol,2019,10770.0,150.0,44.8,1.4,84.0,,10698
Hyundai, IX20,Manual,Petrol,2017,12836.0,145.0,50.4,1.4,65.0,,9490
Ford, Fiesta,Manual,,2018,26915.0,145.0,58.9,1.5,96.0,1,11060
Skoda, Superb,Semi-Auto,Diesel,2017,16726.0,150.0,,2.0,91.0,2,19361
Skoda, Octavia,Semi-Auto,Diesel,2016,39692.0,30.0,64.2,2.0,93.0,4,10960
Audi, Q3,Manual,Diesel,2019,5000.0,145.0,42.8,2.0,46.0,0,26990
Toyota, Yaris,Manual,Petrol,2017,17049.0,316.2963063608744,58.9,1.5,59.0,0,10395
Mercedes, A Class,Automatic,Petrol,,18000.0,145.0,53.3,1.3,94.0,2,20495
Toyota, Yaris,Manual,Diesel,2017,34000.0,0.0,80.7,1.4,67.0,3,8295
Skoda, Citigo,Manual,Petrol,2016,25694.0,20.0,62.8,1.0,75.0,3,6995
Opel, Corsa,Manual,Petrol,2016,7312.0,30.0,55.4,1.4,42.0,2,7898
BMW, X3,Semi-Auto,Diesel,2015,41567.0,145.0,,2.0,34.0,0,19500
Audi, A4,Semi-Auto,Diesel,2017,70500.0,20.0,72.4,2.0,81.0,4,14485
Opel, Mokka,Manual,Diesel,2015,17385.0,20.0,68.9,1.6,33.0,2,9500
Opel, Insignia,Manual,Petrol,2017,23731.0,150.0,,1.5,62.0,3,11699
Ford, EcoSport,Manual,Petrol,2019,2500.0,145.0,51.4,1.0,60.0,0,16999
VW,,Semi-Auto,Petrol,2020,3200.0,145.0,47.1,,34.0,1,20891
Ford, Focus,Manual,Diesel,2018,20932.0,145.0,74.3,1.5,86.0,4,11998
Mercedes, B Class,Automatic,,2019,12819.0,145.0,45.6,1.3,64.0,1,20900
Ford, Focus,Automatic,Petrol,2019,4146.0,145.0,47.9,1.5,76.0,4,18999
Mercedes, GLA Class,Semi-Auto,Diesel,2019,11810.0,145.0,67.3,,46.0,3,22949
,Polo,Manual,Petrol,2014,30941.0,20.0,60.1,1.2,64.0,0,8290
Hyundai, I10,Manual,Petrol,2018,14985.0,145.0,60.1,1.0,47.0,0,7281
Opel, Astra,Manual,Diesel,2019,5009.0,145.0,58.9,1.6,81.0,2,16990
BMW, 5 Series,Semi-Auto,Diesel,2018,29482.0,,53.3,3.0,37.0,0,27980
Hyundai, I10,Manual,Petrol,2013,42709.0,20.0,61.4,1.2,76.0,0,4995
Ford, Edge,Semi-Auto,Diesel,2019,5542.0,145.0,37.2,2.0,30.0,2,32599
Audi, A4,Manual,Diesel,2017,54983.0,145.0,74.3,2.0,87.0,0,14788
VW, T-Roc,Manual,Petrol,2018,10500.0,150.0,53.3,1.5,73.0,2,22990
Ford, Fiesta,Manual,Petrol,2018,20884.0,,,1.0,74.0,3,8975
Hyundai, Santa Fe,Semi-Auto,Diesel,2019,4721.0,145.0,39.8,2.2,65.0,2,29290
Skoda, Octavia,Manual,Diesel,2018,33081.0,150.0,,2.0,96.0,0,14998
VW, Polo,Manual,Petrol,2016,21280.0,20.0,60.1,1.2,47.0,4,9190
BMW, 3 Series,Automatic,Diesel,2016,74000.0,30.0,64.2,2.0,53.0,0,13495
Ford, Focus,Automatic,Petrol,2011,87600.0,160.0,44.1,1.6,85.0,0,4500
, Tiguan,Semi-Auto,Diesel,2017,38142.0,145.0,49.6,2.0,67.0,1,22851
, Sharan,Semi-Auto,Diesel,2013,52311.0,165.0,49.6,2.0,36.0,3,12489
Ford, Focus,Manual,Diesel,2016,44106.0,20.0,,2.0,84.0,2,13498
Ford, Focus,Automatic,Petrol,2019,13000.0,145.0,50.4,1.0,61.0,0,16294
Opel, Corsa,Manual,Petrol,2019,10.0,145.0,43.5,1.4,31.0,2,10494
Ford,,Manual,Diesel,2018,16786.0,,60.1,2.0,66.0,2,17200
Ford, Focus,Manual,Diesel,2020,4000.0,145.0,74.3,1.5,34.0,0,19998
Opel, Corsa,Manual,Petrol,2017,17493.0,30.0,55.4,1.4,63.0,2,8479
Ford, EcoSport,Manual,Petrol,2017,13308.0,145.0,53.3,1.0,71.0,4,10450
Mercedes,C Class,Automatic,Petrol,2019,5325.0,145.0,44.1,2.0,59.0,3,40924
VW, Golf,Semi-Auto,Petrol,2014,17200.0,30.0,56.5,1.4,85.0,3,11250
VW, Golf,Manual,Diesel,2016,34235.0,20.0,67.3,2.0,31.0,4,15998
Toyota, GT86,Manual,Petrol,2019,995.0,145.0,33.2,2.0,94.0,3,23995
BMW, 1 Series,Semi-Auto,Diesel,2019,9200.0,145.0,67.3,2.0,57.0,,20330
Hyundai, I10,Manual,Petrol,,53910.0,20.0,61.4,1.2,49.0,1,4495
, GLC Class,Automatic,Diesel,2016,57454.0,125.0,56.5,2.1,98.0,3,21000
Mercedes, C Class,Automatic,Diesel,2018,4944.0,145.0,58.9,2.1,79.0,2,25280
Toyota, Aygo,Manual,Petrol,,12844.0,145.0,68.9,1.0,41.0,1,7490
Opel, Mokka X,Manual,Petrol,2019,9526.0,145.0,39.2,1.4,36.0,2,12994
Hyundai, I10,Automatic,Petrol,2017,12455.0,150.0,47.9,1.2,38.0,4,10999
BMW, 5 Series,Automatic,Petrol,2019,12541.0,145.0,50.4,2.0,3.140370457788869,4,21950
Audi, TT,Semi-Auto,Petrol,2015,17462.0,160.0,44.1,2.0,94.0,4,17491
Toyota, Auris,Automatic,Hybrid,2015,31745.0,0.0,,1.8,45.0,4,13600
BMW, X5,Semi-Auto,Petrol,2015,22103.0,570.0,25.4,4.4,88.0,1,44814
VW, Golf,Automatic,Other,2016,24695.0,,44.1,2.0,75.0,3,19995
VW, Polo,Manual,Petrol,2019,2275.0,145.0,52.3,1.0,39.0,4,13995
Mercedes, B Class,Manual,Diesel,2018,6423.0,,68.9,1.5,60.0,,15500
Opel,,Manual,Petrol,2018,10875.0,145.0,47.1,1.5,55.0,0,12453
VW, Golf,Manual,Diesel,2014,72187.0,0.0,88.3,1.6,36.0,1,7399
BMW, 1 Series,Semi-Auto,Petrol,2017,24999.0,200.0,39.8,3.0,86.0,3,20998
, Astra,Manual,Petrol,2016,22187.0,125.0,51.4,1.4,46.0,4,8498
Audi, Q7,Automatic,Diesel,2019,12332.0,145.0,32.8,3.0,73.0,4,43895
Ford, Focus,Manual,Petrol,2019,5600.0,145.0,,1.0,97.0,1,15495
Mercedes, S Class,Semi-Auto,Diesel,2016,31210.0,200.0,47.9,3.0,31.0,2,28980
Toyota, Prius,Automatic,Hybrid,2020,1500.0,135.0,235.0,1.8,36.0,4,27990
Opel, Mokka X,Semi-Auto,Petrol,2017,27888.0,160.0,43.5,1.4,,0,11350
Ford, Kuga,Manual,Diesel,2016,24326.0,125.0,60.1,2.0,90.0,2,11490
Toyota, Aygo,Manual,Petrol,2016,24194.0,,69.0,1.0,60.0,4,5990
Skoda, rapid,Semi-Auto,Petrol,2016,49000.0,30.0,58.9,1.4,85.0,4,7790
Hyundai, I10,Semi-Auto,Petrol,2015,41835.0,30.0,47.9,1.2,79.0,2,5998
VW, Polo,Manual,Petrol,2016,25563.0,20.0,,1.0,51.0,2,8998
Audi, A1,Manual,Petrol,2017,16434.0,145.0,70.6,1.4,51.0,4,15698
VW, Tiguan Allspace,Automatic,Diesel,2019,704.0,,,2.0,65.0,4,27495
Ford, Fiesta,Manual,Petrol,2018,20498.0,145.0,56.5,1.0,88.0,1,10999
Opel, Insignia,Manual,Diesel,2016,53033.0,20.0,68.9,1.6,35.0,4,7891
Mercedes, E Class,Automatic,Diesel,2017,58463.0,20.0,67.3,2.0,99.0,3,17989
Hyundai, I10,Manual,Petrol,2013,42000.0,20.0,61.4,1.2,57.0,0,3995
Toyota, Aygo,Manual,Petrol,2018,13658.0,145.0,56.5,1.0,60.0,0,8550
Skoda, Scala,Semi-Auto,Petrol,2019,1901.0,145.0,45.6,1.5,35.0,1,17485
Opel, Mokka X,Semi-Auto,Petrol,2017,12441.0,160.0,43.5,1.4,46.0,3,13698
Toyota, Yaris,Manual,Petrol,2017,23277.0,30.0,55.0,1.3,52.0,2,9498
Ford, EcoSport,Manual,Petrol,2017,22996.0,125.0,52.3,1.0,83.0,0,10180
Mercedes, E Class,Semi-Auto,Diesel,2018,22264.0,145.0,65.7,2.0,43.0,1,21386
Mercedes, GLA Class,Semi-Auto,Diesel,2018,15728.0,145.0,56.5,2.1,35.0,3,21980
Opel, Viva,Manual,Petrol,2019,83688.65539191502,145.0,46.3,1.0,99.0,4,7290
Skoda, Octavia,Automatic,Diesel,2018,5475.0,145.0,67.3,2.0,90.0,0,15000
Ford, Focus,Manual,Diesel,2015,30408.0,20.0,67.3,1.6,97.0,2,9495
Ford, Fiesta,Manual,Petrol,2018,,145.0,40.3,1.5,91.0,0,15900
VW, Up,Manual,Petrol,2019,10.0,145.0,,1.0,37.0,3,9790
Toyota, Aygo,Manual,Petrol,2015,16999.0,0.0,,1.0,37.0,0,6790
BMW, 8 Series,Semi-Auto,Petrol,2019,2881.0,150.0,31.7,3.0,90.0,0,59694
BMW, 7 Series,Semi-Auto,Diesel,2019,6249.0,145.0,42.2,3.0,47.0,0,46500
BMW, 3 Series,,Hybrid,2019,8680.0,135.0,8.8,2.0,83.0,0,33999
Toyota, Yaris,Manual,Petrol,2017,14020.0,145.0,58.9,1.5,61.0,2,10298
Ford, Focus,Manual,Petrol,2018,12180.0,145.0,,1.0,3.2257436177114727,3,13620
Hyundai, Tucson,Manual,Diesel,2017,9146.0,150.0,61.7,1.7,32.0,0,14498
Ford, C-MAX,Manual,Petrol,2016,30608.0,,44.1,1.6,46.0,1,9399
Audi, A6,Automatic,Diesel,2015,79197.0,20.0,67.3,2.0,88.0,4,13990
Ford, EcoSport,Manual,Diesel,2018,20735.0,145.0,64.2,1.5,66.0,0,15695
BMW, 1 Series,Manual,Petrol,2016,41718.0,125.0,53.3,1.5,41.0,2,10690
Mercedes, GLA Class,Automatic,Diesel,2015,54500.0,30.0,62.8,2.1,,3,14500
Toyota, C-HR,Automatic,Hybrid,2017,27893.0,135.0,74.3,1.8,62.0,2,19298
Audi, Q3,Manual,Petrol,2019,6000.0,145.0,40.9,1.5,44.0,,24990
VW, Polo,Manual,Petrol,2020,10.0,145.0,52.3,1.0,88.0,2,16480
Audi, Q5,Semi-Auto,Diesel,2017,34000.0,145.0,56.5,2.0,81.0,0,23995
VW, Touareg,Automatic,Diesel,2019,99.0,145.0,34.5,3.0,33.0,1,41995
Toyota, C-HR,Automatic,Hybrid,2017,9000.0,135.0,74.3,1.8,1.638913092023202,0,20491
VW, Golf,Semi-Auto,Petrol,2019,5127.0,145.0,,1.5,92.0,1,20646
Skoda, Fabia,Manual,Petrol,2014,35929.0,125.0,53.3,1.2,85.0,2,6990
Audi, A5,Automatic,Diesel,2017,24193.0,,62.8,2.0,52.0,4,23830
BMW, 2 Series,Semi-Auto,Petrol,2020,11.0,145.0,50.4,1.5,84.0,4,21890
Mercedes, C Class,Semi-Auto,Diesel,2019,1000.0,145.0,64.2,2.0,91.0,4,32069
Ford, Focus,Manual,Diesel,2015,88220.0,0.0,,1.5,49.0,4,6500
Opel, Corsa,Manual,Petrol,2019,100.0,145.0,43.5,1.4,86.0,4,9990
Ford, Fiesta,Manual,Petrol,2017,16247.0,145.0,65.7,1.0,36.0,1,10020
Audi, Q2,Semi-Auto,Petrol,2019,3049.0,150.0,43.5,1.5,78.0,,22995
Opel, Corsa,Manual,Petrol,2018,14867.0,,55.4,1.4,96.0,3,8000
Hyundai, I10,Manual,Petrol,2015,20905.0,30.0,,1.2,72.0,2,6620
Ford, Fiest,Manual,Petrol,2018,9288.0,145.0,56.5,1.0,38.0,4,12500
VW, Polo,Manual,Petrol,2016,,20.0,61.4,1.4,56.0,2,12790
Ford, Kuga,Manual,Diesel,2019,20605.0,145.0,54.3,1.5,92.0,2,14995
Audi, A6,Automatic,Diesel,,80232.0,,61.4,2.0,94.0,2,15799
Mercedes, B Class,Semi-Auto,Diesel,2020,1989.0,,55.4,2.0,43.0,4,24980
Opel, Insignia,Automatic,Diesel,2018,34647.0,145.0,55.4,1.6,95.0,2,13000
Ford, Fiesta,Manual,Petrol,2019,13600.0,145.0,58.9,1.0,52.0,1,13895
Audi, A3,Manual,Petrol,2017,17800.0,150.0,54.3,1.5,66.0,0,19995
Ford, Fiesta,Manual,Petrol,2016,29812.0,0.0,65.7,1.0,39.0,2,11000
Opel, Mokka X,Manual,Petrol,2017,16595.0,200.0,42.2,1.6,70.0,3,10199
Ford, Focus,Manual,Diesel,2019,11795.0,145.0,74.3,1.5,61.0,1,15810
Opel, Grandland X,Manual,Diesel,2019,18958.0,,,1.5,98.0,3,17871
Opel, Astra,Manual,Petrol,2018,,145.0,,1.0,82.0,0,10395
Opel, Astra,Manual,Petrol,2019,4202.0,145.0,,1.4,67.0,0,13990
BMW, X1,Automatic,Diesel,2019,123.0,145.0,60.1,2.0,52.0,1,28410
Opel, Corsa,Manual,Petrol,2015,30657.0,125.0,54.3,1.4,89.0,0,6498
VW, Passat,Automatic,Diesel,2019,8455.0,145.0,,2.0,40.0,1,24000
VW, Golf,Manual,Diesel,2019,10600.0,145.0,57.7,1.6,70.0,3,14950
Skoda, Octavia,Manual,Diesel,2015,75000.0,0.0,,1.6,85.0,2,7775
Ford, Kuga,Manual,Diesel,2015,81547.0,,54.3,2.0,95.0,3,10620
Hyundai, I10,Manual,Petrol,,9932.0,145.0,60.1,1.0,69.0,4,8470
VW, Passat,Manual,Petrol,2018,18400.0,,54.3,1.4,40.0,2,19490
Ford, Mondeo,Manual,Petrol,2015,10599.0,,,1.5,63.0,0,12941
BMW, X2,Semi-Auto,Diesel,2018,,,58.9,2.0,30.0,2,23450
VW, Golf,,Diesel,2016,33500.0,20.0,68.9,2.0,45.0,1,13995
Toyota, Corolla,Automatic,Hybrid,2019,7841.0,,78.5,1.8,41.0,1,19795
Toyota, Auris,Automatic,Hybrid,2013,34230.0,0.0,72.4,1.8,59.0,1,9988
Opel, Insignia,Manual,Petrol,2018,48400.0,145.0,47.1,1.5,44.0,2,12999
Ford, Fiesta,Manual,Petrol,2017,8937.0,,65.7,1.0,42.0,1,11500
VW, Tiguan,Manual,Diesel,2016,88407.0,145.0,53.3,2.0,82.0,1,11698
Ford, Ka+,Manual,Petrol,2017,7000.0,,57.7,1.2,59.0,0,7491
Opel, Corsa,Manual,Petrol,2013,43101.0,125.0,,1.2,74.0,2,4998
VW, Polo,Manual,Diesel,2015,44949.0,0.0,,1.4,53.0,3,8500
BMW, X1,Automatic,Diesel,2016,46344.0,145.0,55.4,2.0,64.0,3,16798
Audi, A3,Manual,Diesel,2016,74924.0,,67.3,2.0,70.0,0,10500
Audi, A3,Manual,Petrol,2014,34250.0,30.0,55.4,1.4,84.0,0,10202
Mercedes, B Class,Automatic,Diesel,2012,57386.0,125.0,64.2,1.8,88.0,0,7499
Audi, A4,Manual,Diesel,2017,72816.0,0.0,74.3,2.0,84.0,1,12898
Hyundai, I30,Semi-Auto,Petrol,2020,2083.0,145.0,,1.4,43.0,1,19890
Ford, Fiesta,,Petrol,2018,29874.0,145.0,65.7,1.0,61.0,1,10020
Opel, Zafira,Automatic,Petrol,2016,22085.0,200.0,40.9,1.4,68.0,4,11611
BMW, 1 Series,Manual,Diesel,2014,94420.0,30.0,65.7,2.0,88.0,0,8000
Audi, Q7,Semi-Auto,Diesel,2019,4959.0,145.0,44.1,3.0,89.0,3,55490
Ford, Focus,Manual,Diesel,2019,14316.0,150.0,,1.5,78.0,3,14498
Opel, mokka,Manual,Diesel,2013,70671.0,125.0,,1.7,98.0,1,6490
Opel, Viva,Manual,Petrol,2018,9121.0,,46.3,1.0,79.0,1,7995
Opel, mokka x,Manual,Petrol,2018,83688.65539191502,145.0,47.1,1.4,84.0,1,11245
VW, Tiguan,Semi-Auto,Diesel,2018,20692.0,,57.6,2.0,42.0,2,22990
VW, tiguan allspace,Manual,Diesel,2020,407.0,,46.3,0.1864248827577972,31.0,1,25950
Ford, Fiesta,Manual,Petrol,2016,29699.0,125.0,54.3,1.2,95.0,4,6950
BMW, X1,Manual,Diesel,2016,29890.0,125.0,60.1,2.0,,3,15037
VW, Sharan,Manual,Diesel,2017,13096.0,145.0,56.5,2.0,92.0,1,19932
Ford, Fiesta,Manual,Petrol,2018,19277.0,145.0,56.5,1.0,35.0,4,10991
Audi, Q2,Automatic,Petrol,2019,6000.0,145.0,42.2,1.5,48.0,4,24444
Ford, Fiesta,Manual,Petrol,2018,14017.0,145.0,65.7,1.0,60.0,2,10999
Mercedes, C Class,Automatic,Petrol,2017,65891.0,265.0,35.3,3.0,53.0,1,25995
Mercedes, cl class,Automatic,Diesel,2014,29211.0,30.0,62.8,2.1,90.0,4,17350
Toyota, Ayg,Manual,Petrol,2017,30635.0,0.0,,1.0,74.0,0,7700
Audi, Q3,Semi-Auto,Petrol,2020,4432.0,145.0,39.2,1.5,46.0,2,32881
Ford, Kuga,Manual,Diesel,2014,60000.0,200.0,47.9,2.0,63.0,1,8975
Hyundai, I10,,Petrol,2018,7804.0,145.0,,1.2,71.0,1,9633
Ford, Focus,Manual,Diesel,2019,6696.0,,70.6,2.0,89.0,3,18999
VW, Golf,Semi-Auto,Diesel,2019,10230.0,145.0,52.3,2.9857934392613865,52.0,1,17217
BMW, 1 Series,Manual,Diesel,2016,22265.0,20.0,70.6,1.5,44.0,4,14298
Audi, A5,Automatic,Petrol,2015,52838.0,260.0,35.8,3.0,88.0,4,20490
Skoda, Octavia,Manual,Diesel,2018,28386.0,150.0,67.3,1.6,62.0,0,12998
Audi, A3,Manual,Petrol,2018,23611.0,145.0,60.1,1.0,78.0,3,18500
Audi,,Semi-Auto,Diesel,2017,31605.0,145.0,57.6,2.0,42.0,0,19655
Opel, Grandland X,Automatic,Diesel,2018,15885.0,,65.7,1.6,30.0,1,14295
VW, Arteon,Semi-Auto,Diesel,2019,6183.0,145.0,50.4,2.0,43.0,0,23795
Ford, Fiesta,Manual,Petrol,,9957.0,145.0,58.9,1.0,99.0,3,13998
Skoda, Superb,Manual,Diesel,2017,18674.0,145.0,64.2,2.0,87.0,4,15495
Mercedes, GLC Class,Semi-Auto,Diesel,2018,26500.0,145.0,56.5,2.1,40.0,0,29062
Mercedes, C Class,Automatic,Diesel,2018,37763.0,145.0,61.4,2.1,48.0,2,18699
VW, Golf,Manual,Petrol,2017,32706.0,145.0,54.3,1.4,68.0,4,14000
Opel, Grandland X,Automatic,Diesel,2019,8080.0,150.0,57.7,1.5,30.0,2,15995
BMW, 4 Series,Semi-Auto,Diesel,2018,29435.0,145.0,49.6,3.0,64.0,3,24800
Audi, A3,Manual,Diesel,2016,41165.0,0.0,83.1,1.6,70.0,4,10799
Mercedes, V Class,Manual,Diesel,2018,23183.0,145.0,46.3,2.1,50.0,4,19998
Ford, Fiesta,Manual,Petrol,2015,12647.0,0.0,,1.0,,0,8295
Mercedes, S Class,Automatic,Hybrid,2017,22657.0,20.0,61.4,,54.0,4,36890
Skoda, FABIA,Semi-Auto,Petrol,2019,13120.0,145.0,60.1,1.0,78.0,1,12995
Ford, Kuga,Manual,Diesel,2014,29989.0,145.0,53.3,2.0,73.0,3,10495
Skoda, Fabia,Manual,Petrol,2019,14010.0,145.0,57.7,1.0,35.0,2,8898
Ford, Focus,Manual,Diesel,2017,29301.0,0.0,74.3,1.5,32.0,2,10150
Audi, A1,Manual,Petrol,2017,23785.0,145.0,70.6,1.4,62.0,1,15800
Ford, Fiesta,Manual,Petrol,2018,26629.0,145.0,56.5,1.0,43.0,0,10060
Mercedes, C Class,Semi-Auto,Diesel,2016,31467.0,30.0,64.2,2.1,81.0,2,19750
Audi, A1,Automatic,Petrol,2020,7.0,145.0,44.8,1.0,77.0,4,21400
Mercedes, GLA Class,Manual,Petrol,2019,20854.0,145.0,40.9,1.6,56.0,2,17600
Mercedes, CL Class,Semi-Auto,Diesel,2019,13780.0,145.0,,2.2,74.0,4,25495
Mercedes, C Class,Semi-Auto,Diesel,2019,13.0,,64.2,2.0,72.0,2,31000
Audi,,Automatic,Diesel,2020,500.0,145.0,47.1,2.0,53.0,4,35490
BMW, X3,Semi-Auto,Diesel,2018,10488.0,145.0,48.7,3.0,93.0,4,32340
Toyota, AYGO,Manual,Petrol,2017,26114.0,150.0,69.0,1.0,68.0,3,6995
Ford, Fiesta,Manual,Petrol,2016,32560.0,,62.8,1.0,71.0,0,8000
Hyundai, Santa Fe,Automatic,Diesel,2019,6363.0,145.0,42.8,2.2,55.0,3,33995
BMW, 3 SERIES,Semi-Auto,Diesel,,26200.0,,51.4,3.0,78.0,4,19895
VW, Polo,Semi-Auto,Petrol,2019,2189.0,145.0,39.8,2.0,74.0,4,19490
, Crossland X,Manual,Diesel,2019,4963.0,145.0,60.1,,64.0,2,15495
Ford, FIESTA,Manual,Petrol,2019,8299.0,145.0,58.9,1.0,57.0,1,13995
Toyota, C-HR,Automatic,Hybrid,2019,8152.0,135.0,74.3,1.8,73.0,1,26995
Audi, Q7,Automatic,Diesel,2017,34003.0,145.0,47.9,3.0,48.0,1,37950
Opel, Corsa,Manual,Petrol,2013,84094.0,125.0,51.4,1.2,54.0,1,3999
Ford, Fiesta,Manual,Diesel,2017,19059.0,145.0,88.3,1.5,45.0,4,10399
Ford, Focus,Semi-Auto,Petrol,2017,17525.0,125.0,51.4,1.0,73.0,,13000
Opel, Ada,,Petrol,2016,32629.0,125.0,52.3,1.4,37.0,,7241
Opel, Corsa,Manual,Petrol,2018,20505.0,145.0,55.4,1.4,86.0,2,8001
VW, Golf,Manual,Diesel,2020,5011.0,145.0,57.7,1.6,81.0,2,18995
VW, Up,Manual,Petrol,2020,1000.0,145.0,54.3,1.0,45.0,2,10500
Skoda, Octavia,Semi-Auto,Diesel,2019,4500.0,145.0,64.2,2.0,44.0,3,17295
Mercedes, C Class,Automatic,Petrol,2019,10405.0,150.0,47.1,1.5,45.0,2,25999
BMW, X1,Semi-Auto,Diesel,2017,20570.0,145.0,55.4,2.0,79.0,4,19995
Audi, a3,Manual,Diesel,2016,96300.0,20.0,68.9,2.0,59.0,3,8000
Ford, Kuga,Manual,Petrol,2017,6318.0,160.0,45.6,1.5,95.0,3,12998
Mercedes, A Class,Semi-Auto,Diesel,2018,14909.0,145.0,65.7,1.5,53.0,1,16980
Opel, Mokka X,Manual,Petrol,2016,31474.0,,42.2,1.6,69.0,3,9904
Ford, fiesta,Semi-Auto,Petrol,2018,27301.0,145.0,54.3,1.0,46.0,0,11200
Opel, Insignia,Manual,Petrol,2019,4070.0,145.0,44.8,1.5,78.0,2,13495
BMW, 3 Series,Semi-Auto,Diesel,2018,13909.0,145.0,60.1,2.0,89.0,1,19895
VW, Golf,Semi-Auto,Diesel,2016,43086.0,30.0,62.8,2.0,57.0,4,15698
VW, Polo,Manual,Petrol,2020,1000.0,150.0,48.7,1.0,74.0,0,15990
Skoda, Fabia,Manual,Petrol,2017,14898.0,150.0,64.2,1.0,54.0,1,9499
Hyundai, I20,Manual,Petrol,2016,47282.0,30.0,55.4,1.2,30.0,2,6899
Mercedes, A Class,Manual,Diesel,2014,42000.0,20.0,70.6,1.5,75.0,1,10990
Opel, Mokka X,Manual,Petrol,2019,14262.0,145.0,39.2,1.4,56.0,3,12495
Opel, Corsa,Manual,Petrol,2015,29188.0,125.0,,1.4,86.0,0,7140
Audi, A6,Automatic,Diesel,,30603.0,30.0,64.2,2.0,33.0,1,15999
Mercedes, A Class,Manual,Petrol,2017,33000.0,150.0,51.4,1.6,72.0,0,13495
Mercedes, CL Class,Semi-Auto,Diesel,2014,38312.0,30.0,62.8,2.1,64.0,4,16452
VW,golf,Manual,Petrol,2013,51223.0,30.0,57.6,1.2,33.0,1,7495
Ford, Focus,Manual,Petrol,2013,51097.0,240.0,39.2,2.0,33.0,3,9990
BMW,,Semi-Auto,,2019,11.0,145.0,65.7,2.0,,3,23450
Opel, Mokka X,Manual,Petrol,2017,38000.0,,42.2,1.6,78.0,2,9699
BMW, 3 Series,Automatic,Diesel,2019,4404.0,145.0,50.4,2.0,90.0,2,30690
Ford, Focus,Manual,Diesel,2012,46849.0,20.0,67.3,1.6,38.0,1,7000
Mercedes, E Class,Automatic,,2018,11309.0,,57.7,2.0,78.0,2,29750
Mercedes, E Class,Automatic,Diesel,2019,3443.0,145.0,67.3,2.0,,1,25989
Skoda,Superb,Semi-Auto,Petrol,2019,3389.0,145.0,38.2,2.0,45.0,3,28500
Ford, ka+,Manual,Petrol,2018,14561.0,145.0,57.7,1.2,74.0,1,8500
Ford, Fiesta,Manual,Petrol,2019,7942.0,145.0,56.5,1.0,86.0,,12698
Ford, Fiesta,Manual,Petrol,2017,26548.0,,54.3,1.2,42.0,4,7999
Opel, Astra,Semi-Auto,Petrol,2017,15500.0,125.0,51.4,1.4,82.0,1,12495
Opel, Insignia,Manual,Petrol,2017,25000.0,145.0,47.1,1.5,98.0,1,11699
Audi, A1,Manual,Petrol,2019,5432.0,145.0,47.9,1.0,63.0,0,19751
BMW, 2 Series,Semi-Auto,Diesel,2019,7060.0,145.0,49.6,2.0,36.0,2,21920
, Golf,Automatic,Diesel,2016,50122.0,20.0,58.9,1.6,90.0,3,10495
Skoda, Octavia,Manual,Diesel,2018,19756.0,145.0,68.9,1.6,73.0,3,12298
VW, Tiguan,Semi-Auto,Petrol,2019,12581.0,145.0,31.0,,39.0,4,28799
Opel, Mokka,Automatic,Diesel,2014,55000.0,150.0,53.3,0.7395338990348711,82.0,1,7995
Toyota, Aygo,Manual,Petrol,2018,19775.0,145.0,68.9,1.0,88.0,1,7995
BMW, 5 Series,Automatic,Diesel,,101153.3482853059,150.0,55.4,2.0,,1,12700
VW, Polo,Manual,Petrol,2019,13554.0,150.0,48.7,1.0,32.0,3,12690
Ford, EcoSport,Manual,Petrol,2017,32465.0,125.0,53.3,1.0,89.0,3,9998
Ford, Focus,Manual,Diesel,2017,36789.0,0.0,,1.5,93.0,4,10050
Ford, Fiesta,Manual,Petrol,2017,17378.0,,65.7,,39.0,4,9499
Toyota, Avensis,Manual,Diesel,2017,43795.0,,67.3,1.6,63.0,0,9800
Audi, A3,Semi-Auto,Petrol,2016,32272.0,200.0,40.4,2.0,34.0,4,21483
Mercedes,C Class,Automatic,Diesel,2017,13973.0,145.0,54.3,2.1,,0,23980
Ford, Galaxy,Semi-Auto,Diesel,2017,40838.0,145.0,52.3,2.0,59.0,1,18000
Toyota, Yaris,Manual,Petrol,2019,5031.0,,,,34.0,1,9485
Ford, Fiesta,Manual,Petrol,2018,34064.0,145.0,64.2,1.1,64.0,4,8691
BMW, 1 Series,Manual,Diesel,2016,27636.0,0.0,83.1,1.5,34.0,1,10599
Audi, Q3,Semi-Auto,Petrol,2015,33845.0,145.0,47.9,1.4,49.0,3,16498
BMW, 3 Series,Semi-Auto,Diesel,2017,32181.0,,,2.0,31.0,2,17980
Opel, CORSA,Manual,Petrol,2019,4261.0,145.0,43.5,1.4,62.0,1,9600
Hyundai, I30,Manual,Diesel,2017,32992.0,145.0,74.3,1.6,70.0,3,9499
Mercedes, C Class,Semi-Auto,,2017,16323.0,145.0,61.4,2.1,73.0,0,18896
Opel, Corsa,Manual,Petrol,2010,,125.0,51.4,1.4,34.0,2,3195
Audi, Q5,Semi-Auto,Petrol,2019,6000.0,145.0,32.1,2.0,70.0,3,38990
Opel, Corsa,Manual,Petrol,,23023.0,30.0,55.4,1.4,71.0,0,6575
Opel, GTC,Manual,Diesel,2016,48877.0,30.0,67.3,1.6,95.0,3,8991
Mercedes, A Class,Semi-Auto,Diesel,2019,6324.0,145.0,65.7,1.5,38.0,3,21498
Audi, A4,Manual,Diesel,2013,48261.0,30.0,64.2,2.0,30.0,0,9399
Ford, Focus,Manual,Petrol,2017,18980.0,145.0,61.4,1.0,79.0,2,10997
Toyota, Aygo,Manual,Petrol,2015,65143.0,0.0,,1.0,86.0,2,4350
Skoda, Kodiaq,Automatic,,2019,4404.0,145.0,37.7,1.5,35.0,3,22990
BMW, 4 Series,Manual,Diesel,2015,36781.0,145.0,53.3,2.0,96.0,1,14999
Toyota, Yaris,Manual,Petrol,2019,8204.0,145.0,,1.5,47.0,0,11875
Mercedes, C Class,Automatic,Diesel,2017,72400.0,145.0,60.1,2.1,37.0,4,16000
Ford, Fiesta,Manual,Petrol,2017,23851.0,125.0,54.3,1.2,51.0,1,8995
Toyota, C-HR,Automatic,Hybrid,2018,16809.0,135.0,74.3,1.8,64.0,2,23500
Ford, Focus,Manual,Diesel,2018,32148.0,150.0,74.3,1.5,41.0,1,13490
Ford, Fiesta,Manual,Petrol,2018,8966.0,,64.2,1.1,31.0,0,9520
Opel, Astra,Manual,Petrol,2016,36072.0,20.0,,1.0,63.0,,8498
BMW, 1 Series,Automatic,Diesel,2005,63547.0,265.0,42.8,2.0,95.0,3,3795
Hyundai, I10,Manual,Petrol,2014,31500.0,30.0,57.6,1.2,84.0,0,5489
Opel, Corsa,Manual,Petrol,2020,10.0,145.0,52.3,1.2,87.0,2,15998
Ford, Fiesta,Manual,Petrol,2018,16110.0,145.0,55.4,1.1,32.0,1,9695
VW,Golf SV,Manual,Diesel,2017,9761.0,20.0,,1.6,92.0,0,12950
BMW, 5 Series,Automatic,Diesel,2013,75000.0,125.0,57.6,2.0,60.0,4,10990
Hyundai, I40,Manual,Diesel,2013,76698.0,30.0,62.8,1.7,63.0,4,5495
VW, Golf,Manual,Diesel,2016,40639.0,20.0,68.9,2.0,39.0,0,11298
Ford, Mustang,Manual,Petrol,2017,17030.0,,20.9,5.0,59.0,2,27990
Hyundai, tucson,Automatic,Diesel,2016,18634.0,125.0,57.6,1.7,80.0,2,13789
VW, Tiguan,Automatic,Diesel,2018,50971.0,145.0,49.6,2.0,48.0,0,21790
Ford, EcoSport,Manual,Petrol,2017,12000.0,150.0,53.3,,40.0,4,9990
BMW, 1 Series,Semi-Auto,Diesel,2019,1214.0,145.0,51.4,2.0,79.0,3,27000
Ford, Kuga,Manual,Diesel,2016,17642.0,145.0,,2.0,67.0,4,15598
Mercedes, SL CLASS,Automatic,Petrol,2019,9393.0,145.0,31.4,4.7,92.0,0,50995
Mercedes, A Class,Manual,Petrol,2019,1738.0,145.0,47.1,1.3,74.0,,21999
Opel, Mokka,Manual,Diesel,2015,52173.0,30.0,65.7,1.6,32.0,3,7738
, 4 Series,Manual,Petrol,2016,14000.0,160.0,46.3,2.0,58.0,4,17975
VW, Golf,Manual,Diesel,2016,58088.0,20.0,67.3,2.0,74.0,0,14290
Opel, Crossland X,Manual,Petrol,2018,10127.0,145.0,47.1,1.2,45.0,0,12995
Ford, Focus,Manual,Petrol,2017,14576.0,20.0,60.1,1.0,81.0,1,10490
Mercedes, C Class,Automatic,Petrol,2014,20000.0,165.0,44.8,1.6,30.0,1,12495
VW, Tiguan,Semi-Auto,Diesel,2019,6014.0,145.0,39.8,2.0,31.0,4,26990
Mercedes, C Class,Semi-Auto,Petrol,2019,4025.0,145.0,42.2,2.0,99.0,2,32890
Mercedes, CL Class,Automatic,Petrol,,48387.0,200.0,42.8,2.0,79.0,2,19024
Ford, Kuga,Manual,Diesel,2013,35074.0,200.0,,2.0,85.0,2,10140
Mercedes, E Class,Automatic,Diesel,2016,24267.0,145.0,54.3,,86.0,3,19299
Skoda, Superb,Semi-Auto,Diesel,2018,13510.0,145.0,65.7,1.6,76.0,3,17800
Opel, Mokka X,Semi-Auto,Petrol,2018,14292.0,145.0,37.2,1.4,84.0,0,13798
Opel, Corsa,Manual,Petrol,2019,1806.0,145.0,43.5,1.4,95.0,3,9990
VW, Polo,Manual,Petrol,2016,40335.0,20.0,,1.2,57.0,4,8991
Ford, Fiesta,Manual,Petrol,2020,1500.0,145.0,58.9,1.0,94.0,0,16500
Toyota, Auris,Manual,Petrol,2017,14497.0,30.0,58.9,1.2,73.0,0,10750
Mercedes, V Class,Automatic,Diesel,2019,79.0,145.0,45.6,2.2,53.0,0,39410
Skoda, Octavia,Semi-Auto,Diesel,2016,36400.0,30.0,64.2,2.0,46.0,4,11930
VW, Polo,Manual,Petrol,2014,27896.0,145.0,47.9,1.4,93.0,3,7290
Opel, Astra,Manual,Petrol,2016,45877.0,20.0,64.2,1.0,55.0,1,8498
Ford, Ka+,Manual,Petrol,2018,,145.0,47.9,1.2,95.0,1,8616
Opel, Mokka X,Manual,Petrol,2019,20641.0,145.0,39.2,1.4,78.0,1,12498
VW, Tiguan,Semi-Auto,Diesel,2018,14406.0,145.0,39.8,2.0,31.0,1,23495
Skoda, Yeti Outdoor,Semi-Auto,Petrol,2017,16667.0,125.0,51.4,1.2,60.0,1,14997
VW, Polo,Manual,Petrol,2017,28728.0,20.0,60.1,1.2,50.0,3,9990
Mercedes, C CLASS,Semi-Auto,Petrol,2019,5661.0,145.0,46.3,1.5,71.0,2,26299
Mercedes, A Class,Manual,Diesel,2015,64002.0,,65.7,2.1,71.0,2,11000
Opel, Combo Life,Manual,Diesel,2019,6950.0,145.0,53.3,1.5,84.0,1,13998
Skoda, Octavi,Automatic,Petrol,2019,13892.0,145.0,57.7,1.0,72.0,2,14650
Opel, Mokka X,Manual,Petrol,2019,6500.0,145.0,39.2,1.4,49.0,1,12995
VW, Golf,Semi-Auto,Petrol,2019,9958.0,145.0,45.6,1.0,44.0,1,16690
VW, Golf,Manual,Petrol,2016,43000.0,200.0,39.8,2.0,87.0,2,16990
Mercedes, C Class,Semi-Auto,Petrol,2019,7521.0,145.0,45.6,1.5,37.0,1,25699
VW, Golf,Manual,Diesel,2018,18516.0,145.0,60.1,2.0,96.0,0,18495
Hyundai, I10,Manual,Petrol,2019,9290.0,145.0,92.11045520662186,1.2,65.0,3,8970
BMW, 2 Series,Automatic,Diesel,2015,41704.0,30.0,61.4,2.0,65.0,0,11999
Mercedes, C Class,Semi-Auto,Petrol,2016,14704.0,150.0,49.6,2.0,50.0,,20990
BMW, 1 Series,Manual,Diesel,2014,39719.0,30.0,65.7,2.0,36.0,2,9000
BMW, 4 Series,Semi-Auto,Diesel,2019,4940.0,150.0,65.7,2.0,67.0,0,22690
VW, Caddy Maxi Life,Semi-Auto,Diesel,2019,9277.0,145.0,54.3,2.0,30.0,1,18795
Skoda,Octavia,Semi-Auto,Diesel,2019,1787.0,277.3842544832681,72.4,1.6,77.0,2,16298
BMW, X5,Semi-Auto,,2019,5849.0,150.0,37.7,3.0,,3,51990
BMW, 3 Series,Manual,Diesel,2015,44538.0,125.0,57.6,2.0,52.0,2,14950
Skoda, Yeti Outdoor,Manual,Petrol,2017,34989.0,125.0,51.4,1.2,49.0,2,11713
Opel, Astra,Manual,Diesel,2008,99000.0,160.0,48.7,1.9,80.0,2,2250
Audi, A5,Manual,Diesel,2018,7800.0,145.0,68.9,2.0,51.0,1,23000
Mercedes, C Class,Semi-Auto,Diesel,2018,19302.0,145.0,61.4,2.1,54.0,3,22199
VW,Polo,Manual,Petrol,2020,2887.0,145.0,,1.0,48.0,3,13990
Audi, Q7,Automatic,Diesel,2016,41348.0,205.0,47.9,3.0,84.0,4,30500
Mercedes, E Class,Semi-Auto,Diesel,2017,,160.0,52.3,3.0,73.0,4,21498
Audi, A1,Manual,Diesel,2015,83390.0,0.0,80.7,1.6,33.0,0,7895
BMW, 3 Series,Manual,Diesel,2013,83000.0,30.0,62.8,2.0,97.0,2,7495
Opel, Mokka X,Automatic,Petrol,2018,7167.0,145.0,42.8,1.4,53.0,2,14990
BMW, 1 Series,Automatic,Petrol,2018,8404.0,150.0,37.2,1.5,36.0,2,15750
VW, T-Roc,Manual,Diesel,2019,10.0,145.0,50.4,1.6,56.0,3,20491
Hyundai,,Manual,Petrol,2016,15085.0,30.0,58.9,1.0,63.0,2,9560
BMW, 4 Series,Semi-Auto,Diesel,2018,10990.0,145.0,,2.0,53.0,3,22991
, Mokka X,Semi-Auto,Petrol,2017,18200.0,,43.5,1.4,88.0,4,11810
VW, Passat,Automatic,Diesel,2016,18151.0,,53.3,2.0,80.0,0,17490
VW, Golf,Semi-Auto,Diesel,2016,21269.0,125.0,56.5,2.0,76.0,,16491
Audi, A4,Automatic,Diesel,2016,40568.0,20.0,70.6,2.0,54.0,3,13899
VW, Shuttle,Manual,Diesel,2018,24511.0,150.0,47.1,2.0,99.0,1,18998
Audi, Q3,Automatic,Petrol,2019,14385.0,145.0,31.7,2.0,44.0,3,28445
Opel, Astra,Manual,Diesel,2015,39046.0,,62.8,2.0,76.0,0,6999
VW, Scirocco,Manual,Diesel,2015,51144.0,20.0,,2.0,81.0,2,10975
Opel, Astra,Manual,Diesel,2016,93120.0,0.0,85.6,1.6,71.0,0,6000
Skoda, Superb,Manual,Diesel,2018,23733.0,145.0,65.7,2.0,87.0,3,16000
Ford, Fiesta,Manual,Petrol,2017,18734.0,145.0,54.3,1.2,40.0,0,9000
Hyundai, Ioniq,Automatic,Hybrid,2018,19000.0,135.0,78.5,1.6,70.0,3,18480
Ford, Focus,Manual,Petrol,2018,21443.0,145.0,41.5,2.0,97.0,2,17995
Skoda, Yeti,Semi-Auto,Petrol,2017,45932.0,125.0,51.4,1.2,93.0,2,10499
BMW, 1 Series,Automatic,Diesel,2019,7990.0,145.0,,,67.0,4,20990
Hyundai, I20,Manual,Petrol,2017,14225.0,145.0,58.9,1.2,79.0,0,8260
Hyundai, Tucson,Manual,Petrol,2018,23091.0,145.0,44.8,1.6,50.0,0,13690
VW, Caddy Maxi Life,Manual,Diesel,2018,52890.0,,58.9,2.0,52.0,4,13498
Mercedes, C Class,Automatic,Hybrid,2015,25758.0,0.0,78.5,2.1,59.0,2,17299
Audi, A1,Semi-Auto,Petrol,2018,1643.0,145.0,64.2,1.0,61.0,2,13495
VW,,Automatic,Diesel,2019,6000.0,,45.6,2.0,90.0,4,27000
BMW, X5,Automatic,Diesel,2017,,145.0,42.8,,43.0,2,57990
Skoda, Kamiq,Manual,Petrol,2019,1125.0,145.0,47.9,1.0,91.0,3,19820
Mercedes, C Class,Semi-Auto,Diesel,2016,13457.0,30.0,,2.1,56.0,2,21995
Mercedes, B Class,Semi-Auto,Diesel,2020,,145.0,55.4,2.0,96.0,4,24419
Ford,,Semi-Auto,Petrol,2018,6834.0,,,1.0,98.0,0,15800
Mercedes, C Class,Semi-Auto,Diesel,2013,77718.0,30.0,64.2,2.1,52.0,3,7495
Toyota, Yaris,Automatic,Hybrid,2013,35289.0,0.0,80.7,1.5,35.0,2,8975
Skoda, Kamiq,Semi-Auto,Petrol,2019,1001.0,145.0,45.6,1.0,92.0,3,20450
VW, Polo,Manual,Petrol,2019,5000.0,145.0,48.7,1.0,96.0,2,13500
VW, T-Roc,Manual,Diesel,2018,11000.0,150.0,,2.0,39.0,2,20950
Ford, Focus,Manual,Petrol,2012,81000.0,145.0,47.9,1.6,39.0,4,4995
Audi, A4,Manual,Diesel,2016,28669.0,0.0,74.3,2.0,48.0,3,16499
Mercedes, E Class,Semi-Auto,Diesel,2019,1667.0,145.0,57.7,2.0,94.0,0,36000
BMW, 3 Series,Automatic,Diesel,2014,101153.3482853059,,,3.0,88.0,1,12080
Audi, A6,Automatic,Petrol,2018,16000.0,150.0,42.2,2.0,33.0,3,22000
Hyundai, Tucson,Manual,Petrol,2019,3966.0,145.0,34.9,1.6,98.0,,17500
Opel, Mokka X,Manual,Petrol,2016,14751.0,200.0,42.2,1.6,85.0,4,10298
Hyundai, I10,Manual,Petrol,2018,16281.0,145.0,60.1,1.0,88.0,4,7491
Ford, C-MAX,Manual,Petrol,2017,30557.0,160.0,44.1,1.6,80.0,1,9050
Opel, Mokka X,Manual,Petrol,2019,20536.0,145.0,39.2,1.4,94.0,4,12799
Ford, Mondeo,Manual,,2015,30100.0,145.0,48.7,1.5,40.0,4,12950
Hyundai, I40,Manual,Diesel,2016,61554.0,125.0,60.1,1.7,82.0,1,8770
Audi, A3,Semi-Auto,Petrol,2019,9316.0,,38.2,2.0,77.0,3,26184
Audi, A7,Semi-Auto,,2017,,145.0,52.3,3.0,50.0,0,24500
Ford, Fiesta,Manual,Petrol,2018,28297.0,145.0,62.8,1.0,31.0,0,10799
Skoda, Kamiq,Semi-Auto,Diesel,2019,563.0,145.0,52.3,1.6,79.0,1,21990
Mercedes, A Class,Semi-Auto,Diesel,2017,20805.0,145.0,68.9,2.1,78.0,3,18890
Opel, Corsa,Manual,Petrol,2016,33592.0,30.0,55.4,1.4,86.0,3,6199
Skoda, Fabia,Manual,Petrol,2019,5665.0,145.0,61.4,1.0,78.0,4,10650
BMW, 1 Series,Manual,Petrol,2019,1906.0,145.0,44.1,1.5,66.0,3,21000
VW, T-Roc,Manual,Petrol,2020,13952.0,150.0,44.1,1.0,86.0,3,19644
Ford, Fiesta,Manual,Petrol,2014,25702.0,0.0,65.7,1.0,53.0,3,8750
Opel, Mokka X,Automatic,Diesel,2016,37323.0,145.0,,1.6,48.0,3,11700
Ford, KA,Manual,Petrol,2015,40443.0,30.0,57.7,1.2,54.0,2,4989
Ford, Kuga,Automatic,Petrol,2018,8646.0,145.0,38.2,1.5,67.0,2,18195
Ford, Fiesta,Manual,Petrol,2018,32168.0,145.0,65.7,1.0,62.0,0,11995
Ford, Ka+,,Petrol,2018,7812.0,145.0,,1.2,30.0,3,9250
VW, Touareg,Automatic,Diesel,2017,20786.0,,94.786380415261,3.0,31.0,0,23750
VW, Polo,Manual,Petrol,2013,17638.0,125.0,51.4,1.2,54.0,0,7381
Audi, A1,Semi-Auto,Petrol,2020,4500.0,145.0,44.8,1.5,88.0,4,24000
Opel, Viva,Manual,Petrol,2017,5579.0,145.0,61.4,1.0,93.0,4,6998
Ford, Focus,Automatic,Petrol,2017,24776.0,145.0,46.3,1.5,62.0,0,12030
, 5 Series,Semi-Auto,Diesel,2019,3709.0,145.0,,3.0,96.0,0,37999
VW, Passat,Manual,Diesel,2015,61992.0,20.0,68.9,2.0,95.0,3,9295
BMW, 4 series,Automatic,Diesel,2016,41553.0,160.0,,3.0,45.0,2,19500
Mercedes, SL CLASS,Semi-Auto,Petrol,2019,1000.0,145.0,47.1,2.0,74.0,3,32299
Hyundai, Kona,Automatic,Hybrid,2019,9500.0,135.0,52.3,1.6,99.0,4,23970
Opel, Mokka,Manual,Diesel,2015,115000.0,20.0,68.9,1.6,87.0,1,5993
Ford, Ka+,Manual,Petrol,2017,7616.0,145.0,57.7,1.2,55.0,3,8200
Mercedes,,Manual,Petrol,2017,13943.0,145.0,51.4,1.6,99.0,0,15281
Skoda, Kodiaq,Automatic,Diesel,2019,12321.0,145.0,49.6,2.0,52.0,3,25498
Opel, Zafira Tourer,Manual,Petrol,2016,58825.0,,42.2,1.4,63.0,4,8495
Audi, A3,Semi-Auto,Petrol,2019,15561.0,145.0,41.5,1.5,53.0,0,22250
Opel, Zafira,Automatic,Diesel,2014,30000.0,165.0,49.6,2.0,74.0,4,9250
Skoda, superb,Manual,Diesel,2019,47700.0,145.0,64.2,2.0,64.0,1,15680
Ford, Fiesta,Manual,Petrol,2017,12901.0,150.0,,1.0,57.0,0,11500
Ford, Mondeo,Manual,Diesel,2016,63372.0,30.0,64.2,2.0,65.0,2,9495
VW, Touran,Semi-Auto,Diesel,2016,23022.0,125.0,58.9,2.0,90.0,0,16567
VW, Up,Manual,Petrol,2017,18770.0,145.0,64.2,1.0,33.0,,7999
BMW, X1,Manual,Diesel,2013,80625.0,,51.4,2.0,92.0,4,8750
VW, Passat,Semi-Auto,Diesel,2019,9959.0,145.0,48.7,2.0,30.0,4,29980
Toyota, Aygo,Manual,Petrol,,3589.0,145.0,56.5,1.0,66.0,3,10791
Ford, Focus,Manual,Petrol,2017,8813.0,145.0,,2.0,63.0,0,18800
Mercedes, C Class,Semi-Auto,Diesel,2017,23690.0,125.0,58.9,2.1,54.0,0,19998
Audi, A8,Automatic,Diesel,2018,1000.0,145.0,,3.0,58.0,2,39500
Opel, Astra,Manual,Petrol,2018,200.0,145.0,,1.4,30.0,4,12795
Ford, Fiesta,Manual,Petrol,2018,8234.0,145.0,64.2,1.1,55.0,4,10500
Ford, focus,Manual,Petrol,2017,26807.0,145.0,60.1,1.0,49.0,2,11700
Hyundai, I40,Manual,Diesel,2016,38259.0,30.0,65.7,1.7,56.0,2,9698
Ford, Kuga,Automatic,Petrol,2016,4618.0,235.0,38.2,1.5,,4,17790
VW, Golf,Manual,Petrol,2017,30201.0,,47.1,2.0,66.0,1,16998
Ford, KA,Manual,Petrol,2014,17000.0,30.0,,1.2,45.0,3,4999
Ford, S-MAX,Automatic,Diesel,2014,40000.0,300.0,39.8,2.2,88.0,1,10911
Audi, A,Manual,,2017,15322.0,145.0,56.5,1.4,42.0,0,15400
VW, Polo,Manual,Petrol,2016,23359.0,20.0,61.4,1.4,30.0,1,11660
Opel, Astra,Manual,Petrol,2018,17353.0,145.0,62.8,1.0,61.0,4,10400
Skoda, Octavia,Automatic,Petrol,2019,34.0,145.0,47.9,2.0,58.0,1,22499
Mercedes, E Class,Semi-Auto,,2019,8911.0,145.0,48.7,3.0,60.0,4,35699
VW, Shara,Automatic,Other,2019,6676.0,,41.5,2.0,69.0,0,23989
Ford, Fiesta,Manual,Petrol,2017,22000.0,,65.7,1.0,71.0,1,10000
Toyota, Yaris,Automatic,Hybrid,2015,40185.0,0.0,14.497146319970554,1.5,80.0,2,10890
Skoda, Fabia,Manual,Petrol,2018,16213.0,145.0,,1.0,58.0,0,8485
Opel, Corsa,Manual,Petrol,2018,5800.0,,,1.4,62.0,0,9599
Toyota, Aygo,Manual,Petrol,2017,12111.0,145.0,68.9,1.0,68.0,0,7845
Audi, A3,Semi-Auto,Diesel,2015,27869.0,30.0,64.2,2.0,88.0,2,14190
BMW, 3 Series,Automatic,Diesel,2012,84000.0,145.0,53.3,2.0,60.0,1,8495
Toyota, Yaris,Automatic,Petrol,2017,4159.0,30.0,58.0,1.3,87.0,2,11000
Hyundai, Tucson,Manual,Petrol,2019,90.0,145.0,34.9,1.6,87.0,4,23695
Audi, A3,Manual,Petrol,,22364.0,30.0,58.9,1.4,42.0,0,14499
Opel, Astra,Manual,Petrol,2016,21431.0,125.0,51.4,1.4,43.0,1,10036
Opel, Mokka X,Manual,Petrol,2019,4883.0,145.0,47.1,1.4,69.0,0,15698
Hyundai, Tucson,Manual,Diesel,2017,17849.0,30.0,61.7,1.7,87.0,1,13895
Mercedes, V Class,Automatic,Diesel,,7833.0,145.0,45.6,2.2,72.0,4,35699
VW, Golf,Manual,Diesel,2015,50584.0,20.0,67.3,2.9857934392613865,80.0,1,13330
Mercedes, CLS Class,Automatic,Diesel,2016,53000.0,145.0,,2.1,91.0,4,18995
Hyundai, I10,Manual,Petrol,2014,40248.0,20.0,60.1,,57.0,0,5644
Opel, Mokka X,Manual,Petrol,2017,8072.0,145.0,47.1,1.4,41.0,1,13498
Mercedes, X-CLASS,Automatic,Diesel,2018,3500.0,250.0,35.8,2.3,71.0,3,28490
Mercedes, C Class,Automatic,Diesel,2016,26239.0,20.0,64.2,2.1,97.0,4,18300
Ford, Ka+,Manual,Petrol,2019,4413.0,150.0,47.9,1.2,68.0,2,9800
VW, Touran,Semi-Auto,Petrol,2019,928.0,145.0,38.7,1.5,68.0,3,25650
BMW, 5 Series,Semi-Auto,Petrol,2017,15856.0,200.0,39.2,3.0,58.0,2,25980
Ford, Fiesta,Manual,Petrol,2017,25219.0,145.0,54.3,,67.0,4,8000
Audi, A3,Manual,,2017,26249.0,30.0,67.3,1.6,84.0,2,16000
Ford, Focus,Manual,Petrol,2017,26345.0,145.0,61.4,1.0,99.0,3,9900
VW, Polo,Manual,Petrol,,42163.0,,60.1,1.2,93.0,3,9689
Mercedes, GLC Class,Semi-Auto,Diesel,2019,8000.0,145.0,40.9,2.0,53.0,3,36000
Opel, Corsa,Manual,Diesel,2020,65.0,145.0,70.6,1.5,68.0,,17998
Opel, Corsa,Manual,Petrol,2019,10.0,145.0,43.5,1.4,86.0,1,11994
Hyundai, IX20,Manual,Diesel,2014,37666.0,30.0,64.2,1.6,74.0,1,6190
Opel, Zafira,Manual,Diesel,2014,78900.0,,53.3,2.0,81.0,1,6799
Mercedes, C Class,Automatic,Diesel,2015,34797.0,30.0,64.2,2.1,54.0,3,17900
Ford, Fiesta,Manual,Diesel,2011,66000.0,20.0,68.9,1.4,63.0,0,4495
BMW, 2 Series,Semi-Auto,Diesel,2016,28099.0,145.0,,2.0,84.0,3,17998
Ford, Focus,Manual,Petrol,2019,,145.0,58.9,1.0,93.0,1,15295
Ford, B-MAX,Manual,Petrol,2017,937.0,145.0,,1.4,88.0,0,11495
Audi, A,Semi-Auto,,,3000.0,145.0,34.9,2.0,71.0,2,35000
Mercedes, CL Class,Semi-Auto,Petrol,2019,5896.0,150.0,,2.0,81.0,4,26795
Ford, Focus,Semi-Auto,Diesel,2017,44800.0,150.0,67.3,,81.0,4,10999
Opel, Astra,Manual,Diesel,2019,10.0,,72.4,1.6,37.0,2,14495
Opel, Corsa,Manual,Petrol,2018,15024.0,145.0,55.4,1.4,85.0,3,7899
Audi, A1,Manual,Petrol,2016,32000.0,30.0,56.5,1.4,,2,12450
Mercedes, GLS Class,Automatic,Diesel,2018,18500.0,145.0,,3.0,95.0,,43289
Ford, Focus,Manual,Petrol,2019,8958.0,145.0,,1.0,67.0,3,15470
BMW, 3 Series,Semi-Auto,Diesel,2020,12.0,145.0,48.7,2.0,50.0,2,32475
Toyota, Prius,Automatic,Other,2015,28254.0,,64.2,1.8,50.0,4,21790
Skoda,,,Diesel,2019,5000.0,145.0,,2.0,53.0,3,24980
Opel, Viva,Manual,Petrol,2017,8242.0,150.0,62.8,1.0,98.0,3,5995
Mercedes, GLC Class,Semi-Auto,Diesel,2019,2424.0,145.0,42.2,2.1,91.0,2,32949
Skoda, Octavia,Manual,Diesel,2019,7465.0,145.0,,1.6,58.0,2,15490
Mercedes, E Class,Semi-Auto,Diesel,2015,17167.0,145.0,54.3,3.0,37.0,2,19498
Ford, EcoSport,Manual,Petrol,2019,1711.0,145.0,51.4,1.0,74.0,0,16798
Skoda, Roomster,Manual,Petrol,2013,21462.0,145.0,20.71009480671239,1.2,38.0,0,6099
VW, Up,Manual,Petrol,2016,13806.0,20.0,,1.0,92.0,4,7690
VW, Passat,Semi-Auto,,2019,22495.0,145.0,40.4,2.0,42.0,4,22990
, fiesta,Manual,Petrol,2009,61171.0,,49.6,1.2,48.0,4,3895
Toyota, Yaris,Manual,Petrol,2017,23827.0,30.0,58.0,1.3,95.0,1,8491
Ford, Fiesta,Manual,Petrol,2017,26394.0,145.0,,1.0,48.0,3,9991
Opel, Corsa,Manual,Petrol,2019,679.0,150.0,53.3,1.2,38.0,1,13695
Mercedes, C Class,Automatic,Hybrid,2016,86620.0,0.0,134.5,2.0,59.0,1,13295
BMW, 3 Series,Automatic,Diesel,2019,9850.0,145.0,52.3,2.0,79.0,0,31990
Mercedes, E Class,Automatic,Diesel,2016,36210.0,,58.9,2.1,90.0,4,15599
Ford, Focus,Manual,Petrol,,3805.0,145.0,46.3,1.5,86.0,4,20999
Toyota, Aygo,Manual,Petrol,2018,42248.0,145.0,69.0,1.0,45.0,0,6970
, q3,Manual,Petrol,2017,47133.0,125.0,51.4,1.4,86.0,1,14999
BMW, 3 Series,Semi-Auto,Diesel,2019,4665.0,,52.3,2.0,87.0,1,27440
Audi, q7,Automatic,Diesel,2019,7511.0,145.0,32.8,3.0,42.0,3,48266
VW, Polo,Manual,Petrol,2017,20525.0,145.0,60.1,1.2,32.0,4,9798
VW, Golf,Semi-Auto,Petrol,2018,17277.0,145.0,58.9,1.5,82.0,1,15712
BMW, X1,Automatic,Diesel,2014,74012.0,160.0,52.3,2.0,94.0,4,9999
Skoda, Scala,Semi-Auto,Petrol,2020,3569.0,145.0,47.1,1.0,40.0,0,16990
Audi, Q3,Automatic,Diesel,2016,33124.0,160.0,50.4,2.0,74.0,3,18000
Ford, Fiesta,Semi-Auto,Petrol,2017,5863.0,0.0,57.7,1.0,91.0,0,11998
VW, Polo,Manual,Petrol,2017,29588.0,20.0,60.1,1.2,93.0,1,10495
Opel, Astra,Manual,Petrol,2013,43484.0,125.0,51.4,1.4,67.0,1,5498
Ford, EcoSport,Manual,Petrol,2017,21420.0,125.0,53.3,1.0,70.0,2,10298
VW, Polo,Manual,Petrol,2016,11814.0,20.0,60.1,1.2,48.0,0,11500
Ford, EcoSport,Manual,Petrol,2015,32328.0,125.0,53.3,1.0,49.0,0,7652
Opel, Corsa,Manual,Petrol,2013,51000.0,,,1.4,60.0,1,5000
Ford, EcoSport,Manual,Diesel,2019,816.0,145.0,67.3,1.5,89.0,4,16000
BMW, 2 Series,Semi-Auto,Petrol,2019,15.0,145.0,,2.0,93.0,4,26806
Skoda, Fabia,Manual,Petrol,2016,18999.0,20.0,58.9,1.2,86.0,4,10000
Toyota, Aygo,Manual,Petrol,2017,5008.0,145.0,68.9,1.0,36.0,,7998
Ford, Kuga,,Diesel,2017,32849.0,145.0,54.3,2.0,83.0,2,17499
Opel, Viva,Manual,Petrol,2018,11876.0,,46.3,1.0,86.0,2,6290
Toyota, Aygo,Manual,Petrol,2019,2839.0,145.0,57.7,1.0,52.0,4,9800
Skoda, Superb,Automatic,Petrol,,17300.0,200.0,39.8,2.0,31.0,4,20395
VW, Tiguan,Manual,Petrol,2018,14522.0,,46.3,1.4,38.0,1,18490
Mercedes, E Class,Automatic,Diesel,2019,16431.0,145.0,65.7,2.0,43.0,1,24000
Toyota, C-HR,Automatic,Hybrid,2018,28414.0,135.0,74.3,1.8,80.0,3,17498
Ford, Kuga,Semi-Auto,Diesel,2017,10783.0,145.0,54.3,2.0,98.0,,16498
Opel, Corsa,Manual,Petrol,,45115.0,145.0,48.7,1.2,81.0,0,2895
Mercedes, C Class,Semi-Auto,Petrol,2019,15933.0,145.0,44.1,1.5,83.0,0,20980
Mercedes, GLE Class,Automatic,Diesel,2017,17022.0,,47.9,2.1,46.0,4,27645
Mercedes, CL Class,Automatic,Diesel,2018,3678.0,145.0,50.4,2.2,99.0,4,21936
Opel, Corsa,Manual,Petrol,2013,45701.0,125.0,51.4,1.4,64.0,3,4998
VW, Tiguan,Manual,Diesel,2019,7987.0,145.0,47.9,2.0,97.0,3,21492
Hyundai, I10,Manual,Petrol,2017,39968.0,145.0,57.7,1.2,56.0,2,6998
Ford, Focus,Manual,Petrol,2014,20730.0,30.0,56.5,1.0,30.0,3,8000
VW, Polo,Manual,Petrol,2013,37720.0,145.0,47.9,1.4,61.0,4,8100
Ford, Mondeo,Automatic,Petrol,2008,70000.0,325.0,30.4,2.3,37.0,1,3890
Mercedes, S Class,Semi-Auto,Diesel,2020,3999.0,,40.4,3.0,83.0,2,64980
Opel, Corsa,Manual,Petrol,2018,11367.0,145.0,20.745499786795904,1.4,42.0,3,7990
VW, Golf,Automatic,Petrol,2019,2776.0,145.0,37.7,2.0,46.0,2,27990
Mercedes, glc class,Semi-Auto,Diesel,2017,15462.0,145.0,56.5,2.1,37.0,2,28980
Mercedes, A Class,Semi-Auto,Petrol,2020,1000.0,145.0,53.3,1.3,70.0,2,25729
Mercedes, E Class,Semi-Auto,Diesel,2018,8053.0,145.0,41.5,3.0,63.0,4,32049
Audi, A3,Semi-Auto,Petrol,2017,48575.0,145.0,,2.0,69.0,4,16436
Ford, Fiesta,Manual,Petrol,2016,30356.0,20.0,62.8,1.0,32.0,4,9500
Opel, Cors,Manual,Petrol,2018,20487.0,145.0,,1.4,81.0,3,9340
Mercedes, C Class,Manual,Diesel,2017,34015.0,145.0,70.6,2.1,30.0,3,13800
Toyota, C-HR,Automatic,Hybrid,2018,8661.0,135.0,,1.8,54.0,2,20995
BMW, 3 Series,Semi-Auto,Petrol,2018,27800.0,145.0,48.7,2.0,53.0,4,22900
Mercedes, A Class,Manual,Petrol,2019,3099.0,,28.5,1.3,37.0,2,20799
BMW, 1 Series,Manual,Petrol,2019,8464.0,145.0,44.1,1.5,67.0,4,20875
Audi, Q2,Manual,Diesel,2019,1000.0,145.0,49.6,1.6,56.0,4,19450
Opel, Astra,Manual,Petrol,2009,106000.0,,37.7,1.8,31.0,3,1990
Hyundai, I10,Manual,Petrol,2018,11175.0,145.0,57.7,1.2,43.0,1,7850
VW, Tiguan,Manual,Diesel,2015,29129.0,145.0,53.3,2.0,87.0,3,12000
Skoda, Octavia,Semi-Auto,Petrol,2017,25203.0,145.0,57.7,1.4,72.0,3,12698
Ford, Ka+,Manual,Petrol,2017,26733.0,145.0,57.7,1.2,75.0,4,7500
Ford, Fiesta,Manual,Petrol,2016,32148.0,0.0,65.7,1.0,66.0,0,9000
Audi, Q5,Manual,Diesel,2016,42089.0,200.0,48.7,2.0,70.0,3,18100
Skoda, Yeti Outdoor,Manual,Petrol,2017,31343.0,125.0,51.4,1.2,54.0,1,11455
BMW, 4 Series,Automatic,Diesel,2016,60975.0,,70.6,2.0,69.0,3,13399
Opel, Insignia,Manual,Diesel,2019,5559.0,,51.4,2.0,39.0,3,19250
BMW,4 Series,Semi-Auto,Diesel,2019,2403.0,145.0,60.1,2.0,76.0,1,32990
Mercedes, S Class,Semi-Auto,Diesel,2014,13460.0,205.0,48.7,3.0,70.0,2,29772
Toyota, Yaris,Automatic,Hybrid,2016,23550.0,0.0,78.0,1.5,42.0,3,10995
Hyundai, Kona,Manual,Petrol,2018,16700.0,145.0,44.1,1.0,72.0,0,13295
Audi, A3,Manual,Diesel,2016,57000.0,20.0,68.9,1.6,93.0,1,11900
Mercedes, C Class,,Diesel,2019,4500.0,145.0,64.2,2.0,34.0,4,32995
Mercedes, GLC Class,Semi-Auto,Diesel,2016,33062.0,145.0,56.5,2.1,55.0,3,27998
BMW, 5 Series,Automatic,Diesel,2016,101153.3482853059,30.0,62.8,2.0,57.0,2,15000
Hyundai, I20,Manual,Petrol,2016,27918.0,0.0,65.7,1.0,86.0,2,7698
Mercedes, CL Class,Automatic,Petrol,2019,1200.0,145.0,45.6,1.3,39.0,1,27590
Hyundai, I10,Manual,Petrol,2018,8878.0,145.0,60.1,1.0,95.0,2,8095
Audi, A4,Automatic,Diesel,2020,4521.0,145.0,50.4,2.0,44.0,1,26880
Opel, Corsa,Manual,Petrol,,19765.0,145.0,55.4,1.4,65.0,4,7899
Toyota, Yaris,Automatic,Petrol,2015,8370.0,30.0,55.0,1.3,45.0,0,10360
VW, Golf,Automatic,Diesel,2016,38384.0,30.0,62.8,2.0,78.0,3,14200
Ford, Fiesta,Manual,Petrol,2017,82584.13442011928,0.0,65.7,,76.0,4,9298
Opel, Mokka,Manual,Diesel,2015,74535.0,30.0,60.1,1.7,77.0,4,6661
Skoda, Rapid,Manual,Diesel,2017,26858.0,20.0,,1.4,54.0,0,8995
Hyundai, I10,Semi-Auto,Petrol,2015,25445.0,165.0,45.6,1.2,36.0,1,6950
Mercedes,A Class,Manual,Petrol,2019,6919.0,145.0,28.5,1.3,91.0,0,23499
VW, Golf,Manual,Diesel,2012,,30.0,62.8,,35.0,3,7995
BMW, 1 Series,Manual,Diesel,2019,5023.0,145.0,53.3,2.0,45.0,,22990
Toyota, Yaris,Manual,Petrol,2018,27365.0,145.0,58.9,1.5,96.0,0,10291
Ford, KA,Manual,Petrol,2013,65000.0,30.0,57.7,1.2,80.0,3,3695
VW, Golf,Automatic,Petrol,2019,15445.0,145.0,44.8,1.0,84.0,0,16989
Hyundai, I800,Automatic,Diesel,2017,23870.0,325.0,33.6,2.5,98.0,4,14000
VW, Golf,Manual,Petrol,2017,37951.0,150.0,,1.4,38.0,2,12990
Opel, Corsa,Manual,Petrol,2018,11275.0,145.0,49.6,1.4,42.0,4,10500
BMW, X5,Automatic,Diesel,,35499.0,200.0,47.1,3.0,85.0,0,31790
VW, Golf,Semi-Auto,Petrol,2019,9102.0,145.0,36.2,2.0,91.0,4,28991
Skoda, Fabia,Manual,Diesel,2011,80000.0,20.0,67.3,1.6,92.0,1,2795
Audi, A1,Automatic,Petrol,2017,30658.0,30.0,56.5,1.4,51.0,3,14990
BMW, 5 Series,Semi-Auto,Diesel,2017,26971.0,145.0,62.8,2.0,88.0,2,24480
VW, Polo,Manual,Petrol,2017,28233.0,150.0,60.1,1.2,55.0,1,10691
Ford, Fiesta,Manual,Petrol,2017,23000.0,145.0,47.9,1.6,65.0,4,10990
Ford, Mondeo,Manual,Diesel,2015,73991.0,30.0,65.7,2.0,46.0,3,8470
Audi, Q3,Semi-Auto,Diesel,2019,6249.0,145.0,38.7,2.0,94.0,4,29444
VW, Tiguan,Semi-Auto,Diesel,2016,40000.0,160.0,49.6,2.0,80.0,0,19995
BMW, 3 Series,Automatic,Diesel,2017,29449.0,145.0,49.6,3.0,69.0,1,24750
Toyota,,Automatic,Hybrid,2016,30000.0,0.0,78.0,1.5,54.0,3,10990
Ford, Focus,Manual,Petrol,2018,20145.0,145.0,41.5,2.0,37.0,1,18998
Opel,Zafira,Manual,Petrol,2016,49377.0,200.0,,1.4,51.0,2,9995
VW, Tiguan,Semi-Auto,Diesel,2018,2315.0,145.0,57.6,2.0,93.0,0,20998
BMW, 2 Series,Semi-Auto,Diesel,2020,1501.0,145.0,48.7,2.0,63.0,1,30995
BMW, 5 Series,Automatic,Hybrid,2020,2500.0,,62.8,2.0,38.0,1,35995
Ford, Kuga,Manual,Diesel,2015,37203.0,125.0,60.1,2.0,84.0,2,9698
Ford, Fiesta,Manual,Petrol,2018,24813.0,145.0,56.5,1.0,56.0,4,11000
BMW, 1 Series,Manual,Petrol,2014,61490.0,145.0,50.4,1.6,34.0,3,9250
Skoda, Fabia,Manual,Petrol,2017,15126.0,150.0,64.2,1.0,90.0,0,8990
Opel, Zafira,Manual,Petrol,2016,17831.0,200.0,42.2,1.4,47.0,0,10998
VW, Polo,Manual,Diesel,2014,42500.0,0.0,60.1,1.4,51.0,3,7390
Opel, Corsa,Manual,Petrol,2017,18144.0,30.0,54.3,1.4,96.0,3,7998
Opel, Corsa,Manual,Petrol,2016,15983.0,30.0,55.4,1.4,73.0,1,7599
Ford, Fiesta,Manual,Petrol,2018,4706.0,145.0,65.7,1.0,53.0,2,14250
Toyota, Yaris,Automatic,Hybrid,2016,13486.0,,78.0,1.5,99.0,1,12995
VW, Polo,Automatic,Petrol,2020,3345.0,145.0,46.3,1.0,54.0,0,19750
Skoda,Fabia,Manual,Petrol,2017,9491.0,,64.2,1.0,88.0,4,9990
Audi, A1,Manual,Petrol,2018,17560.0,145.0,54.3,1.4,95.0,1,16700
Toyota, Auris,Automatic,Hybrid,2017,29500.0,0.0,78.5,1.8,34.0,0,16991
VW, T-Roc,Manual,Diesel,2019,2500.0,145.0,50.4,2.0,,2,21890
Audi, Q5,Automatic,Diesel,2019,2000.0,145.0,39.2,2.0,85.0,0,30950
Audi, A1,Manual,Petrol,2017,23655.0,30.0,55.4,1.4,35.0,1,14495
Audi, Q3,Automatic,Petrol,2016,18515.0,200.0,40.4,2.0,90.0,2,23950
Audi, Q5,Semi-Auto,Diesel,2020,6000.0,145.0,38.2,2.0,54.0,4,34990
Opel, Mokka X,Manual,Petrol,2019,11569.0,145.0,39.2,1.4,52.0,1,12000
Opel, Mokka X,Manual,Petrol,2017,40123.0,145.0,47.1,1.4,46.0,0,9250
Toyota,,Manual,Petrol,2013,31814.0,,47.9,1.6,81.0,1,7209
Audi, A3,Semi-Auto,Diesel,,13542.0,,72.4,1.6,76.0,0,15498
VW, Pol,Manual,Petrol,2018,9788.0,150.0,64.2,1.0,91.0,2,12790
Ford, Fiesta,Manual,Petrol,2013,48438.0,30.0,,1.2,34.0,3,6100
Skoda,Rapid,Manual,Petrol,2018,21014.0,,62.8,1.0,53.0,3,9495
Audi, A3,Manual,Diesel,2017,25457.0,150.0,68.9,1.6,43.0,4,13400
BMW, 1 Series,Manual,Petrol,2016,69981.0,125.0,53.3,1.5,35.0,2,10540
Ford, Fiesta,Semi-Auto,Petrol,2013,38495.0,150.0,47.9,1.6,76.0,3,6740
Skoda, Rapid,Manual,Petrol,2016,45895.0,30.0,57.7,1.2,83.0,2,7795
Opel, Corsa,Manual,Petrol,2020,10.0,145.0,52.3,1.2,67.0,2,16498
Toyota, C-HR,Automatic,Hybrid,2017,16179.0,0.0,74.3,1.8,32.0,4,20347
VW, Golf,Manual,Diesel,2014,152420.0,20.0,67.3,2.0,78.0,2,8599
Opel, GTC,Manual,Diesel,2015,47043.0,125.0,60.1,2.0,40.0,1,6450
Hyundai, I30,Manual,Petrol,2019,150.0,150.0,34.0,2.0,97.0,1,23995
Ford, Fiesta,Manual,Petrol,2019,1183.0,,58.9,1.0,96.0,0,14950
BMW, 5 Series,Automatic,Hybrid,2019,18733.0,140.0,141.3,2.0,,3,31550
Skoda, Superb,Manual,Petrol,2018,14238.0,145.0,54.3,1.4,64.0,4,17067
Skoda, Yeti Outdoor,Semi-Auto,Petrol,2017,10081.0,145.0,51.4,1.2,82.0,1,14999
Opel, Corsa,Manual,Petrol,2017,34370.0,150.0,55.4,1.4,54.0,3,7500
Audi, TT,Manual,Diesel,2017,25842.0,145.0,62.8,2.0,67.0,3,18300
Audi, R8,Semi-Auto,Petrol,2020,2000.0,145.0,21.1,5.2,81.0,4,145000
Audi, a3,Manual,Diesel,2014,81000.0,0.0,74.3,1.6,45.0,3,7499
Skoda, Fabia,,Petrol,2016,32513.0,20.0,60.1,1.2,63.0,1,6934
VW, Golf,Manual,Petrol,2018,19642.0,145.0,54.3,1.4,32.0,4,13941
Ford, Focus,Manual,Petrol,2019,2112.0,145.0,60.1,1.0,92.0,4,17500
Ford, Kuga,Manual,Diesel,2016,19301.0,125.0,60.1,2.0,89.0,3,13500
Toyota, Yaris,Automatic,Petrol,2019,2999.0,145.0,47.9,1.5,59.0,3,13299
Audi, A5,Manual,Diesel,2013,80242.0,30.0,,2.0,49.0,4,10070
VW, CC,Manual,Diesel,2012,58000.0,30.0,60.1,2.0,96.0,2,7995
VW, Golf,Manual,Petrol,2016,40000.0,30.0,53.3,1.4,47.0,0,11350
BMW, X1,Semi-Auto,Petrol,2019,3782.0,145.0,48.7,2.0,66.0,2,27980
Opel,,Manual,Petrol,2019,15009.0,,47.1,1.2,87.0,2,10798
Mercedes, B Class,Automatic,Petrol,2011,34000.0,240.0,39.8,1.5,34.0,3,6595
Opel, Crossland X,Manual,Petrol,2019,4219.0,,47.9,1.2,92.0,1,15800
Mercedes, C Class,Automatic,Petrol,2014,48100.0,,44.8,1.6,80.0,2,10990
Skoda, Superb,Semi-Auto,Diesel,2018,39300.0,145.0,56.5,2.0,74.0,2,18495
Opel, Corsa,Manual,Petrol,2016,17000.0,30.0,55.4,1.4,41.0,4,7249
VW, Shuttle,Semi-Auto,Diesel,2019,8605.0,,32.8,2.0,66.0,0,29730
BMW, 1 Series,Manual,Diesel,2016,49782.0,0.0,78.5,1.5,80.0,1,9995
Opel, corsa,Manual,Petrol,2016,27504.0,30.0,,1.4,79.0,3,7998
VW, Passat,Semi-Auto,Petrol,2019,2794.0,145.0,39.2,1.5,78.0,2,24288
Opel, Corsa,Manual,Petrol,2010,77143.0,125.0,53.3,1.2,54.0,1,3491
Opel, Corsa,Manual,Petrol,2019,4811.0,145.0,43.5,1.4,74.0,4,8630
Ford, Fiesta,Manual,Petrol,2018,30940.0,145.0,56.5,1.0,60.0,1,10780
Opel, Insignia,Manual,Diesel,2016,45793.0,,68.9,1.6,89.0,1,9500
Mercedes, C Class,Manual,Diesel,2016,83786.0,,72.4,1.6,32.0,3,10998
VW, Polo,Manual,Petrol,2018,27534.0,,64.2,1.0,82.0,4,11950
Audi, a3,Manual,Diesel,2019,5797.0,145.0,52.3,1.6,84.0,3,22850
BMW, 2 Series,Automatic,Hybrid,2017,88100.0,0.0,141.2,1.5,97.0,3,12000
Ford, EcoSport,Semi-Auto,Petrol,2019,8420.0,145.0,44.1,1.0,55.0,0,16497
Mercedes, GLA Class,Semi-Auto,Diesel,2015,12475.0,125.0,55.4,2.1,71.0,3,19995
Opel, Corsa,Automatic,Petrol,2016,26256.0,145.0,47.9,1.4,89.0,4,9995
Ford, Fiesta,Manual,Petrol,2017,38000.0,145.0,62.8,1.0,81.0,1,9395
Mercedes, A Class,Semi-Auto,Petrol,2019,5931.0,145.0,28.5,1.3,90.0,1,23495
Toyota, C-HR,Automatic,Hybrid,2017,18628.0,135.0,74.3,1.8,69.0,2,21495
BMW, 4 Series,Automatic,Diesel,2019,6822.0,145.0,50.4,3.0,69.0,2,31480
Opel, Corsa,Manual,Petrol,2016,30464.0,30.0,55.4,1.4,61.0,0,7495
VW, Golf,Semi-Auto,Petrol,2019,8421.0,145.0,32.8,2.0,56.0,4,28689
Mercedes, GLA Class,Manual,Petrol,2017,27325.0,145.0,48.7,1.6,74.0,4,17990
Opel, Corsa,Manual,Petrol,2014,59352.0,125.0,51.4,1.2,67.0,0,5599
Hyundai, Santa Fe,Semi-Auto,Diesel,2019,2000.0,145.0,39.8,2.2,85.0,1,32000
Audi, A3,Semi-Auto,Hybrid,2016,18486.0,0.0,176.6,1.4,42.0,0,18900
Toyota,RAV4,Automatic,Diesel,2011,87200.0,300.0,39.8,2.2,32.0,1,7500
Mercedes, C Class,Semi-Auto,Diesel,2015,21539.0,20.0,64.2,2.1,,3,16199
Mercedes, E Class,Automatic,Diesel,2017,26928.0,145.0,,2.0,88.0,0,21142
Mercedes, SL CLASS,Semi-Auto,Petrol,2017,16000.0,145.0,47.1,2.0,36.0,0,21500
VW, Touran,Manual,Diesel,2019,11992.0,145.0,51.4,2.0,58.0,4,20190
Audi, A4,Manual,Petrol,,5500.0,145.0,,2.0,59.0,1,26491
Hyundai, Tucson,Manual,Diesel,2017,19400.0,30.0,61.7,1.7,45.0,2,14498
Mercedes, c class,Semi-Auto,Diesel,2016,34499.0,20.0,65.7,2.1,95.0,1,15890
VW, Polo,Manual,Petrol,2018,10100.0,,48.7,1.0,39.0,0,11989
Opel, Astra,Manual,Petrol,2019,19226.0,145.0,51.4,1.4,72.0,2,12640
Ford, Mondeo,Manual,Petrol,2017,10520.0,145.0,48.7,1.5,59.0,0,15700
Ford, fiesta,Manual,Petrol,2015,33529.0,0.0,65.7,1.0,82.0,1,8800
Ford, Fiesta,Manual,Petrol,2017,8676.0,,65.7,1.0,47.0,0,8450
Opel, Corsa,Automatic,Petrol,2015,4648.0,,47.9,1.4,98.0,4,10800
Mercedes, C Class,Automatic,Diesel,2020,6000.0,145.0,64.2,2.0,61.0,1,30990
Mercedes, A Class,Automatic,Petrol,2018,31130.0,150.0,53.3,1.3,40.0,3,15899
Mercedes, GLE Class,Automatic,Diesel,2019,2005.0,145.0,32.5,3.0,57.0,3,55885
Ford, Focus,Manual,Petrol,2019,7932.0,145.0,58.9,1.0,54.0,3,15500
VW, Tiguan,Manual,Diesel,2019,2000.0,145.0,47.9,2.0,85.0,1,21750
Opel, Insignia,Manual,Petrol,2017,17750.0,,,1.4,43.0,1,9989
Opel, Grandland X,Manual,Diesel,2019,6524.0,,55.4,1.5,,4,17991
Audi, A3,Semi-Auto,Diesel,2013,44405.0,125.0,58.9,2.0,46.0,0,13500
Audi, Q3,Manual,Diesel,2013,70000.0,145.0,54.3,2.0,56.0,3,9649
Opel, Mokka X,Manual,Petrol,2017,39000.0,200.0,43.5,1.4,97.0,2,9848
Ford, Focus,Manual,Diesel,2017,29300.0,0.0,74.3,1.5,49.0,1,10491
Skoda, Scala,Manual,Petrol,2019,7550.0,145.0,,1.0,75.0,1,13995
Audi, A3,Semi-Auto,Diesel,2017,59000.0,0.0,74.3,1.6,51.0,2,11999
Mercedes,,Semi-Auto,Petrol,2019,4846.0,145.0,53.3,1.3,66.0,2,24462
BMW, 1 Series,Manual,Petrol,2015,42000.0,305.0,35.3,3.0,45.0,3,17500
BMW, 3 Series,Semi-Auto,Diesel,2016,36764.0,145.0,54.3,3.0,70.0,1,17698
VW, Golf,Manual,Diesel,2015,62015.0,0.0,74.3,1.6,38.0,0,8498
Skoda, Kodiaq,Automatic,Petrol,2018,23689.0,145.0,44.8,1.4,65.0,3,20000
Skoda, Superb,Automatic,Diesel,2019,2512.0,,47.1,2.0,59.0,1,31490
Audi, A4,Semi-Auto,Petrol,2020,3500.0,145.0,38.2,2.0,65.0,3,32850
BMW, 1 Series,Manual,Diesel,2019,5230.0,145.0,68.9,2.0,76.0,3,17480
Ford, Fiesta,Manual,Petrol,2018,13870.0,145.0,56.5,1.0,89.0,0,11500
Opel, Zafira,Manual,Petrol,2013,26267.0,200.0,42.2,1.6,63.0,2,5999
VW, Golf,Manual,Diesel,2013,70884.0,0.0,68.9,1.6,48.0,0,7499
Mercedes, E Class,Automatic,Hybrid,2019,6828.0,,188.3,2.0,39.0,4,38899
Ford, Fiesta,Manual,Petrol,2018,6405.0,145.0,,1.0,84.0,3,13475
Opel, Astra,Manual,Petrol,2016,45890.0,20.0,64.2,1.0,94.0,4,7491
Mercedes, c class,Semi-Auto,Diesel,2019,11064.0,,56.5,2.0,46.0,3,29480
BMW, X1,Semi-Auto,Diesel,2017,25917.0,125.0,57.6,2.0,72.0,3,19912
Mercedes, A Class,,Diesel,2020,4158.0,145.0,65.7,1.5,58.0,3,27791
VW, Tiguan,Manual,Diesel,2019,1098.0,145.0,47.9,2.0,60.0,4,28895
Toyota, Yaris,Manual,Petrol,2019,3591.0,145.0,47.9,1.5,79.0,,12601
Toyota, Avensis,Manual,Diesel,,59097.0,20.0,67.3,0.1628659545028228,89.0,3,9692
BMW, 1 Series,Automatic,Diesel,2019,9399.0,,70.6,2.0,60.0,3,16995
Audi, TT,Manual,Diesel,2015,58261.0,20.0,67.3,2.0,49.0,0,13950
Skoda, Superb,Semi-Auto,Petrol,2019,4955.0,145.0,36.7,,38.0,2,20995
BMW, 1 Series,Semi-Auto,Diesel,2016,35441.0,30.0,65.7,2.0,60.0,3,13998
Opel, Astra,Semi-Auto,Petrol,2018,4023.0,145.0,51.4,1.4,95.0,4,13985
Opel, Grandland X,Manual,Diesel,2019,12301.0,150.0,,1.5,86.0,0,15998
BMW, 5 Series,Semi-Auto,Diesel,2016,51700.0,30.0,65.7,2.0,87.0,3,14495
BMW, 1 Series,Manual,Diesel,2017,23274.0,,72.4,1.5,60.0,0,11800
, Mokka,Manual,Diesel,2016,18109.0,20.0,68.9,1.6,47.0,2,9299
VW, Passat,Semi-Auto,Diesel,2017,18707.0,145.0,57.6,2.0,63.0,1,20990
Audi, A6,Semi-Auto,Diesel,2016,19862.0,145.0,56.5,2.0,36.0,3,20000
Mercedes, GLA Class,Automatic,Diesel,2018,14000.0,145.0,56.5,2.2,62.0,4,22990
VW,,Manual,Petrol,2017,13378.0,145.0,60.1,1.2,69.0,2,11300
Ford,Fiesta,Manual,Petrol,2015,22592.0,125.0,54.3,1.2,54.0,2,7991
Ford, mustang,Semi-Auto,Petrol,2019,1780.0,145.0,22.1,5.0,80.0,2,38000
Toyota, C-HR,Automatic,Hybrid,2019,7248.0,135.0,74.3,1.8,60.0,3,23790
BMW, 5 Series,Automatic,Diesel,2019,6456.0,145.0,60.1,2.0,92.0,3,27916
Opel, Insignia,Manual,Diesel,2017,23184.0,145.0,65.7,1.6,60.0,4,12498
Mercedes, GLB Class,Semi-Auto,Diesel,,1499.0,145.0,47.9,2.0,46.0,3,35990
VW, Golf,Automatic,Diesel,2019,18731.0,145.0,,2.0,32.0,4,17000
Opel, Corsa,Manual,Petrol,2018,11543.0,145.0,55.4,1.4,61.0,3,8682
Toyota, PROACE VERSO,Automatic,Diesel,2019,50.0,145.0,38.7,2.0,30.0,0,27998
Toyota, Aygo,Automatic,Petrol,2016,10610.0,0.0,67.0,1.0,33.0,0,7758
VW, Golf,Semi-Auto,Petrol,2015,26500.0,30.0,53.3,1.4,87.0,0,12500
BMW, 4 Series,Automatic,Diesel,2015,24102.0,145.0,56.5,2.0,96.0,1,18990
Ford, KA+,Manual,Petrol,2018,13326.0,145.0,57.7,1.2,33.0,0,7995
Opel, Viva,Manual,Petrol,2019,6493.0,150.0,46.3,1.0,60.0,4,6695
Ford, Fiesta,Manual,Petrol,2016,82584.13442011928,,65.7,1.0,78.0,1,10900
Ford, Focus,Manual,Petrol,2019,11982.0,145.0,49.6,1.0,60.0,1,17691
Mercedes, C Class,Semi-Auto,Diesel,2016,17600.0,30.0,64.2,2.1,60.0,1,19290
Mercedes, A Class,Manual,Diesel,2016,35847.0,30.0,62.8,2.1,48.0,0,14475
Mercedes, X-CLASS,Automatic,Diesel,2019,600.0,260.0,31.4,3.0,56.0,1,32995
BMW, 3 Series,Semi-Auto,Petrol,2020,1898.0,145.0,41.5,2.0,77.0,1,39995
BMW, 1 series,Automatic,Diesel,2012,96596.0,30.0,64.2,2.0,45.0,3,6950
BMW,,Manual,Diesel,2015,10889.0,0.0,78.5,1.5,44.0,0,11750
Toyota, RAV4,Automatic,Petrol,2017,21676.0,205.0,43.5,2.0,53.0,4,18995
Toyota, Corolla,Automatic,Hybrid,2019,11478.0,135.0,78.5,1.8,69.0,2,22000
Opel, Meriva,Manual,Petrol,2011,86300.0,160.0,46.3,1.4,59.0,2,2450
Opel, Astra,Manual,Diesel,2017,24193.0,145.0,85.6,1.6,79.0,2,9240
Mercedes, GLC Class,Automatic,Diesel,2016,50043.0,125.0,56.5,2.1,55.0,4,19300
Ford, Kuga,Manual,Petrol,2019,12759.0,145.0,35.3,1.5,84.0,,19700
Opel, INSIGNIA,Manual,Diesel,2018,21208.0,145.0,65.7,1.6,96.0,0,13299
Ford, Fiesta,Manual,Petrol,2019,1182.0,,40.4,1.5,87.0,4,22450
VW, T-Roc,Manual,Petrol,2019,5156.0,145.0,42.2,1.5,78.0,2,21991
Ford, Fiesta,Manual,Petrol,2017,21149.0,125.0,54.3,1.2,66.0,0,8699
Toyota, Yaris,Manual,Petrol,2017,26313.0,145.0,56.5,1.5,92.0,0,9664
Skoda, Kodiaq,Automatic,Diesel,2018,20554.0,145.0,49.6,2.0,69.0,1,24990
Mercedes, C CLASS,Semi-Auto,,2019,3805.0,145.0,30.4,3.0,69.0,0,41500
Skoda, Fabia,Semi-Auto,Petrol,2019,10165.0,145.0,,1.0,83.0,2,13490
BMW, 1 Series,Manual,Petrol,2015,24474.0,125.0,52.3,1.5,64.0,1,12450
Skoda, Superb,Manual,Diesel,2016,83000.0,20.0,67.3,,89.0,3,12500
Ford, Fiesta,Manual,Petrol,2019,11000.0,145.0,55.4,1.0,93.0,4,16950
Audi, Q3,Semi-Auto,Diesel,2016,30647.0,145.0,51.4,2.0,60.0,2,18350
Hyundai, I20,Automatic,Petrol,2017,6264.0,165.0,45.6,1.4,41.0,1,10498
Audi,A1,Manual,Petrol,2017,28691.0,145.0,67.3,1.0,77.0,4,11000
Hyundai, I20,Manual,Petrol,2019,500.0,145.0,46.3,1.2,72.0,2,12495
VW, Polo,Manual,Petrol,2017,23655.0,145.0,60.1,1.2,69.0,2,9995
, Aygo,,Petrol,2019,157.0,145.0,56.5,1.0,78.0,3,9795
BMW,3 Series,Manual,Petrol,2017,24669.0,145.0,48.7,2.0,91.0,4,15916
Mercedes, C Class,Automatic,,2016,16801.0,20.0,67.3,2.1,98.0,3,20500
Toyota, Yaris,Manual,Petrol,2017,24117.0,30.0,55.0,1.3,76.0,2,9995
Hyundai, Tucson,Manual,Petrol,2015,29660.0,,44.8,1.6,70.0,3,10795
Mercedes, C Class,Automatic,Diesel,2018,6232.0,145.0,,2.0,53.0,0,27649
Mercedes, C Class,Manual,Diesel,2016,19864.0,20.0,70.6,2.1,81.0,0,14698
Mercedes, B Class,Manual,Petrol,2018,6364.0,145.0,49.6,1.6,59.0,0,16299
Ford,,Manual,Petrol,2019,2096.0,145.0,64.2,1.0,39.0,0,13200
Ford, Focus,Manual,Petrol,2017,31856.0,,,1.0,48.0,4,9989
Opel, Corsa,Manual,Petrol,2016,24914.0,30.0,55.4,1.4,49.0,4,8498
Ford, B-MAX,Manual,Diesel,2014,38058.0,20.0,,1.6,93.0,1,7199
VW, Polo,Manual,Petrol,2019,8804.0,,48.7,1.0,64.0,2,12999
Opel, Corsa,Manual,Petrol,2017,26900.0,30.0,54.3,1.4,34.0,2,7895
Ford, EcoSport,Manual,Petrol,2016,16942.0,125.0,52.3,1.0,74.0,3,9790
Ford, GALAXY,Manual,Diesel,2016,85259.0,125.0,56.5,2.0,38.0,3,12940
BMW, 1 Series,Manual,Diesel,2015,56000.0,20.0,68.9,2.0,62.0,3,8990
Mercedes, C Class,Automatic,Diesel,2019,50.0,145.0,54.3,1.6,99.0,3,37321
Opel, Crossland X,Manual,Petrol,2018,16901.0,145.0,44.8,1.2,92.0,4,10998
VW, Tiguan,Semi-Auto,Petrol,2020,9.0,145.0,30.1,2.0,72.0,1,35480
Ford, Fiesta,Manual,,2016,23940.0,145.0,47.9,,59.0,0,9950
Toyota, Aygo,Manual,Petrol,2018,12987.0,145.0,56.5,1.0,34.0,1,8295
Ford, Fiesta,Manual,Petrol,2018,10691.0,,64.2,1.1,88.0,2,9990
Ford, Fiesta,Manual,Petrol,2018,11097.0,145.0,62.8,1.0,84.0,0,13295
Mercedes, A Class,Automatic,Diesel,2017,20477.0,145.0,68.9,2.1,99.0,4,16499
Mercedes, A Class,Semi-Auto,Petrol,2019,5126.0,145.0,53.3,1.3,76.0,,21699
Mercedes, GLE Class,Automatic,Diesel,2018,32039.0,145.0,47.9,2.1,75.0,2,29490
Opel, Insignia,Manual,Diesel,2017,42007.0,145.0,54.3,2.0,51.0,3,11998
Toyota, Yaris,Automatic,Hybrid,2016,35882.0,0.0,78.0,1.5,49.0,1,11995
Mercedes, A Class,Semi-Auto,Petrol,2020,1000.0,145.0,53.3,1.3,55.0,4,25879
BMW, 4 Series,Semi-Auto,Diesel,2015,44800.0,145.0,53.3,3.0,89.0,3,17995
VW, T-Cross,Manual,Petrol,2019,5000.0,145.0,48.7,1.0,82.0,0,17499
Audi, Q5,Automatic,Diesel,2019,11844.0,145.0,,2.0,65.0,0,29990
Opel, Mokka X,Manual,Petrol,2018,17000.0,145.0,47.1,1.4,39.0,2,11990
Audi, A3,Automatic,Diesel,2019,1235.0,145.0,52.3,1.6,43.0,1,22795
Opel, Corsa,Manual,Petrol,2015,15405.0,30.0,55.4,1.4,50.0,0,6377
Opel, Astra,Manual,Petrol,2012,63493.0,125.0,51.4,1.4,45.0,4,4632
Opel, Insignia,Manual,Diesel,2019,13157.0,145.0,54.3,2.0,42.0,0,16887
Skoda, Octavia,Manual,Diesel,2017,52700.0,125.0,58.9,2.0,33.0,4,12490
Skoda, Yeti Outdoor,Semi-Auto,Petrol,2017,40045.0,277.3842544832681,51.4,1.2,98.0,2,13498
Hyundai, I800,Automatic,Diesel,2018,35050.0,,33.6,2.5,43.0,3,14990
Mercedes, A Class,Manual,Diesel,2016,30761.0,30.0,62.8,2.1,79.0,4,15000
Skoda, Scala,Semi-Auto,Petrol,2019,2742.0,145.0,45.6,1.5,81.0,1,17495
Ford, Kuga,Manual,Diesel,2014,58317.0,200.0,47.9,2.0,73.0,1,9877
Ford, EcoSport,Manual,Petrol,2018,8169.0,145.0,,1.0,,3,13091
VW,,Automatic,Diesel,2015,28000.0,235.0,42.8,3.0,55.0,0,19990
Ford, Focus,Manual,Petrol,2018,17897.0,145.0,,1.0,62.0,4,13450
Mercedes, A Class,Semi-Auto,Petrol,2018,11910.0,145.0,40.9,2.0,51.0,1,30949
Ford, Kuga,Automatic,Petrol,2017,21845.0,145.0,38.2,,69.0,2,15990
Opel, Mokka X,Semi-Auto,Petrol,2017,27891.0,145.0,43.5,1.4,,1,12570
Skoda, Fabia,Manual,Petrol,2019,10232.0,145.0,61.4,1.0,84.0,4,10495
Hyundai, Tucson,Automatic,Diesel,2016,14884.0,235.0,43.5,2.0,86.0,3,18698
Mercedes, E Class,Semi-Auto,Diesel,2017,18406.0,145.0,65.7,2.0,96.0,1,21999
Hyundai, Tucson,Manual,Diesel,2017,25661.0,30.0,61.7,1.7,66.0,3,12298
BMW, 1 Series,Semi-Auto,Diesel,2019,17950.0,150.0,67.3,2.0,,3,18980
Opel, Crossland X,Manual,Petrol,2020,53.0,145.0,47.1,1.2,51.0,4,17991
Mercedes, C Class,Semi-Auto,Petrol,2019,707.0,,41.5,2.0,62.0,1,32099
Ford, Kuga,Automatic,Diesel,2019,23796.0,145.0,47.9,2.0,36.0,4,18390
Ford, EcoSport,Manual,Diesel,2017,9633.0,145.0,44.8,1.5,74.0,4,9375
Ford, Fiesta,Manual,Petrol,2017,20455.0,145.0,62.8,1.0,90.0,1,13499
VW, Golf,Automatic,Hybrid,2017,18365.0,135.0,166.2,1.4,35.0,3,20990
Opel, Mokka X,Manual,Petrol,2016,47100.0,150.0,47.1,1.4,50.0,0,8750
Ford, Fiesta,Manual,Petrol,2015,28088.0,145.0,47.9,1.6,66.0,4,9640
Opel, Adam,Manual,Petrol,2017,17412.0,150.0,52.3,1.4,,,8494
Mercedes, B CLASS,Semi-Auto,Petrol,2019,12569.0,145.0,45.6,1.3,55.0,3,21980
Toyota, Aygo,Manual,Petrol,2017,32750.0,,68.9,1.0,89.0,4,7850
Mercedes, C Class,Automatic,Petrol,2019,6374.0,145.0,30.4,3.0,40.0,3,36090
Opel, Mokka X,Manual,Petrol,2016,11720.0,145.0,47.1,1.4,53.0,2,10881
BMW, X1,Automatic,Diesel,2012,47152.0,200.0,45.6,,59.0,0,9199
BMW,,,Petrol,2020,102.0,145.0,34.5,2.0,30.0,,33995
Mercedes, GLA Class,Automatic,Diesel,2015,47851.0,125.0,55.4,2.1,88.0,3,16250
VW, Tiguan,Automatic,Diesel,2017,36851.0,145.0,57.6,2.0,81.0,1,16425
VW, Tiguan Allspace,Automatic,Diesel,2019,8196.0,145.0,38.7,2.0,90.0,1,29490
VW, Golf,Manual,Diesel,2016,105150.0,20.0,67.3,2.0,83.0,1,10695
BMW, 2 Series,Automatic,,,123.0,145.0,,2.0,43.0,2,21773
Toyota, Aygo,Manual,Petrol,,35745.0,0.0,69.0,1.0,39.0,4,5730
Ford, Focus,Manual,Petrol,2017,51378.0,145.0,,1.0,37.0,0,8000
BMW, 3 Series,Manual,Diesel,2009,97000.0,125.0,,2.0,45.0,4,4500
Ford, Mondeo,Manual,Diesel,2017,30911.0,145.0,,1.5,74.0,1,12495
Skoda, Citigo,Manual,Petrol,2016,17646.0,20.0,62.8,1.0,72.0,3,6585
Skoda, Karoq,Manual,Petrol,2018,46377.0,145.0,,1.0,80.0,2,14793
VW, Polo,Manual,Petrol,2019,5800.0,145.0,52.3,1.0,45.0,2,14221
Audi, Q3,Semi-Auto,Petrol,2017,18804.0,145.0,47.9,1.4,57.0,2,21495
VW, Golf SV,Manual,Diesel,2015,28252.0,0.0,72.4,1.6,,3,9491
VW, Tiguan,Manual,Diesel,2017,27200.0,125.0,58.9,2.0,72.0,3,21700
Ford, Fiesta,Manual,Petrol,2018,32185.0,,65.7,1.0,30.0,4,11320
Mercedes, E Class,Semi-Auto,Diesel,2016,29000.0,30.0,65.7,2.0,37.0,2,19750
Audi, TT,Semi-Auto,Petrol,,4060.0,145.0,30.7,2.5,53.0,2,49000
Opel, Combo Life,Manual,Diesel,2019,2083.0,145.0,53.3,1.5,96.0,1,16991
Opel, Astra,Manual,Petrol,2016,29131.0,150.0,47.1,,43.0,3,9998
Mercedes, GLA Class,Semi-Auto,Diesel,2019,1000.0,,56.5,2.1,52.0,2,27359
Mercedes, C Class,Semi-Auto,Petrol,2017,9238.0,,48.7,2.0,92.0,2,21500
Audi, Q3,Semi-Auto,Diesel,2019,5447.0,145.0,47.1,2.0,94.0,1,28691
Mercedes, A Class,Semi-Auto,Diesel,2019,487.0,145.0,65.7,1.5,61.0,0,26099
Audi, A1,Semi-Auto,Petrol,2019,11.0,145.0,40.9,2.0,75.0,1,22453
Audi, A4,Automatic,Diesel,2018,11802.0,145.0,65.7,2.0,90.0,2,23490
Audi, A1,Manual,Petrol,2015,31509.0,0.0,67.3,1.0,53.0,0,10349
Skoda, Kamiq,Semi-Auto,Petrol,2019,3160.0,145.0,44.1,1.5,74.0,1,17995
BMW, X3,,Diesel,2017,21000.0,145.0,54.3,2.0,59.0,0,26001
Mercedes, GLE Class,Automatic,Petrol,2018,16592.0,145.0,23.7,5.5,44.0,4,66974
Opel, Corsa,Manual,Petrol,2018,23332.0,145.0,55.4,1.4,80.0,2,9500
Opel, Astra,Manual,Petrol,2017,24379.0,145.0,51.4,1.4,49.0,3,9998
Audi, Q2,Manual,Petrol,2020,1500.0,,43.5,1.5,81.0,3,25990
Opel, Crossland X,,Diesel,2019,6750.0,145.0,60.1,1.5,70.0,4,15000
BMW, 2 Series,Automatic,Petrol,2019,3286.0,145.0,39.8,3.0,50.0,0,27500
Opel, Corsa,Manual,Petrol,2015,18009.0,30.0,55.4,1.4,61.0,2,6998
VW, Passat,Semi-Auto,Petrol,2018,25900.0,145.0,,1.4,55.0,1,17498
Skoda, Yeti Outdoor,Manual,Diesel,2014,45065.0,200.0,47.9,2.0,83.0,0,9300
Opel, Mokka X,Manual,Diesel,2019,15000.0,145.0,50.4,1.6,86.0,2,15900
BMW, 4 Series,Semi-Auto,Diesel,2016,,,55.4,3.0,65.0,3,18498
Toyota, Aygo,Manual,Petrol,2017,17817.0,0.0,69.0,1.0,57.0,2,6290
Audi, Q8,Automatic,Diesel,2019,11464.0,145.0,33.6,3.0,42.0,4,51862
Ford, Focus,Manual,,2018,16617.0,145.0,60.1,1.0,3.2257436177114727,0,11300
Mercedes, GLC Class,Semi-Auto,Diesel,2017,25686.0,145.0,56.5,2.1,47.0,3,29400
VW, Polo,Manual,Petrol,2017,12730.0,150.0,60.1,1.0,33.0,1,10990
Toyota, Yaris,Manual,Petrol,2019,100.0,145.0,47.9,1.5,96.0,0,14495
VW, tiguan,Manual,Diesel,2016,44496.0,145.0,53.3,2.0,90.0,2,15499
Opel, Mokka X,Automatic,Petrol,2016,15781.0,,43.5,1.4,87.0,0,13245
BMW, 5 Series,Semi-Auto,Hybrid,2019,1400.0,135.0,,2.0,76.0,2,32250
VW, Golf SV,Semi-Auto,Petrol,2019,6591.0,150.0,45.6,1.5,98.0,2,18391
Mercedes, B Class,Semi-Auto,Diesel,2019,11877.0,145.0,68.9,2.1,72.0,2,18195
Opel, Mokka X,Manual,Petrol,2019,15262.0,145.0,39.2,1.4,83.0,0,12498
Audi, A4,Automatic,Diesel,2019,8547.0,145.0,50.4,2.0,94.0,3,25990
Opel, Adam,Manual,Petrol,2014,55861.0,,53.3,1.2,65.0,3,5561
VW, Golf,Semi-Auto,Hybrid,2020,10.0,150.0,44.8,,84.0,1,25999
Hyundai, I30,Manual,Petrol,2016,5156.0,,48.7,1.4,98.0,1,9298
Ford, Fiesta,Manual,Petrol,2018,,145.0,56.5,1.0,49.0,0,11400
Opel, Adam,Manual,Petrol,2016,32772.0,125.0,53.3,1.4,99.0,3,7300
Mercedes, C Class,Semi-Auto,Diesel,2015,37000.0,30.0,64.2,2.1,75.0,2,17450
Ford, fiesta,Manual,Petrol,2017,20000.0,145.0,65.7,1.0,77.0,0,9445
Audi, A3,Manual,Diesel,2015,40573.0,0.0,74.3,3.7392354812099646,98.0,3,9800
Mercedes, C Class,Semi-Auto,Diesel,2013,41842.0,145.0,56.5,2.1,76.0,3,9990
Opel, Mokka X,Manual,Petrol,2019,12432.0,145.0,39.2,1.4,69.0,2,14699
Ford, kuga,Manual,Diesel,2019,3651.0,145.0,47.9,2.0,71.0,2,20080
Skoda, Citigo,Manual,Petrol,2019,4847.0,,65.7,1.0,72.0,0,9399
Mercedes, GLA Class,Manual,Diesel,2016,29774.0,20.0,,2.1,51.0,1,15000
Audi, A3,Automatic,Diesel,2014,56508.0,125.0,58.9,2.0,35.0,1,12640
BMW, X3,,Diesel,2015,37790.0,150.0,54.3,2.0,92.0,2,19980
Opel, Zafira,Manual,Petrol,2017,24084.0,145.0,41.5,1.4,79.0,4,10491
VW, Passa,Semi-Auto,Petrol,2020,6142.0,145.0,36.7,2.0,78.0,2,28151
Toyota, Yaris,Automatic,Hybrid,2017,19736.0,,86.0,1.5,31.0,0,11650
Hyundai, Tucson,Automatic,Diesel,2017,29275.0,240.0,43.5,2.0,67.0,4,18000
Mercedes, C Class,Automatic,Petrol,2015,32000.0,,34.5,4.0,68.0,4,39990
Opel, Corsa,Manual,Petrol,2019,7900.0,145.0,43.5,1.4,83.0,0,9499
Opel, Meriva,Manual,Petrol,2017,20756.0,150.0,,1.4,48.0,1,8698
Skoda, Superb,Semi-Auto,Petrol,2019,11978.0,,38.2,2.0,,3,23485
Mercedes, S Class,Semi-Auto,Diesel,2019,11876.0,145.0,52.3,3.0,79.0,4,47599
Mercedes, E Class,Automatic,Diesel,2016,36998.0,160.0,,3.0,61.0,3,18795
Opel, Astra,Manual,Petrol,2018,20652.0,150.0,51.4,1.4,86.0,0,10998
VW, Golf,Semi-Auto,Diesel,2019,5301.0,150.0,49.6,2.0,85.0,1,24001
Skoda, Scala,Manual,Diesel,2019,100.0,145.0,57.7,1.6,98.0,0,16295
Ford, Focus,Manual,Petrol,2019,11939.0,150.0,49.6,1.0,80.0,1,17495
VW, Arteon,Semi-Auto,Diesel,2020,1209.0,145.0,50.4,2.0,62.0,3,30490
Ford, Ka+,Manual,Petrol,2018,11128.0,145.0,57.7,1.2,78.0,0,8311
BMW, 2 Series,Automatic,Other,2017,32389.0,0.0,141.2,1.5,47.0,0,16000
VW, Golf,Semi-Auto,Petrol,2019,25.0,150.0,,2.0,1.7694736373257314,1,31690
Mercedes, C Class,Automatic,Diesel,2018,7140.0,145.0,54.3,2.0,61.0,3,28750
Toyota, Corolla,Automatic,Hybrid,2020,2136.0,,56.5,1.8,44.0,1,24995
Skoda, Fabia,Manual,Petrol,2017,24000.0,150.0,58.9,1.2,89.0,1,10995
Audi, a3,Automatic,Diesel,2016,36714.0,0.0,74.3,1.6,86.0,2,11999
Toyota, Aygo,Manual,Petrol,2016,,0.0,69.0,1.0,34.0,2,6380
Mercedes, A Class,Automatic,Diesel,2019,12432.0,145.0,68.9,1.5,53.0,4,18498
Ford, EcoSport,Manual,Petrol,2018,17653.0,150.0,54.3,1.0,54.0,2,13500
Ford, Focus,Manual,Petrol,2017,10300.0,20.0,,1.0,40.0,1,12995
Mercedes, S Class,Automatic,Diesel,2019,5260.0,145.0,48.7,3.0,85.0,3,61899
Mercedes, GLE Class,Automatic,Diesel,2019,6740.0,,32.5,3.0,65.0,0,54890
Audi, TT,Semi-Auto,Petrol,2015,23026.0,,42.2,2.0,48.0,3,16990
BMW, 2 Series,Automatic,,2019,9181.0,135.0,,1.5,50.0,3,21450
BMW, 1 Series,Manual,Petrol,2016,26631.0,125.0,151.04180955326447,1.5,48.0,0,13000
Ford, Kuga,Manual,Diesel,2017,21181.0,150.0,54.3,2.0,80.0,2,18500
Hyundai, I20,Manual,Petrol,2016,34720.0,30.0,55.4,1.2,96.0,3,7495
Ford, Fiesta,Manual,Petrol,2016,37189.0,,65.7,,38.0,4,6999
BMW, X3,Semi-Auto,Diesel,2019,7200.0,150.0,54.3,2.0,71.0,0,32995
Hyundai, Tucson,Automatic,Diesel,2016,25233.0,235.0,43.5,2.0,52.0,3,14499
VW, T-Cros,Manual,Petrol,2019,10740.0,145.0,47.9,1.0,79.0,0,17704
Audi, A4,Semi-Auto,Petrol,2019,1024.0,145.0,38.7,2.0,34.0,2,28985
VW, Golf,Semi-Auto,Petrol,2019,6218.0,145.0,45.6,1.0,81.0,0,15298
Toyota, AYGO,Manual,Petrol,2019,7000.0,,57.7,1.0,35.0,2,11400
Skoda, Karoq,Automatic,Petrol,2018,18635.0,150.0,50.4,1.5,63.0,1,19990
Ford, b-max,Manual,Petrol,2017,22677.0,145.0,57.7,1.0,72.0,2,10228
Toyota, Aygo,,Petrol,2016,25374.0,0.0,69.0,1.0,78.0,4,6990
BMW, 2 Series,Manual,Petrol,2017,20663.0,30.0,55.4,1.5,70.0,1,15450
Ford, Kuga,Manual,Petrol,2019,4343.0,145.0,34.4,1.5,34.0,0,18600
VW, Tiguan,Manual,Petrol,2017,21507.0,145.0,48.7,1.4,54.0,1,17790
VW, Shuttle,Semi-Auto,Diesel,2019,13859.0,145.0,32.8,2.0,56.0,0,23329
BMW, 3 Series,Semi-Auto,Diesel,2014,41000.0,30.0,62.8,2.0,90.0,0,12331
Toyota, Auris,Automatic,Hybrid,2017,53707.0,0.0,78.5,1.8,94.0,1,14695
Audi, A3,Manual,Petrol,2016,18021.0,30.0,60.1,1.4,92.0,2,15700
Skoda, Superb,Semi-Auto,Diesel,2017,48180.0,125.0,61.4,2.0,64.0,2,13498
Audi, A4,Manual,Petrol,2017,25000.0,125.0,53.3,1.4,90.0,2,13500
Ford, Fiesta,Manual,Petrol,2019,2803.0,145.0,58.9,1.0,81.0,1,13200
Toyota, RAV4,Automatic,Hybrid,2016,33195.0,20.0,55.4,2.5,96.0,1,21000
Opel, Zafira,Manual,Petrol,2017,24346.0,145.0,41.5,1.4,89.0,2,11475
VW,Polo,Manual,Petrol,2019,2500.0,145.0,48.7,1.0,94.0,0,13900
VW, Golf,Manual,Diesel,2019,12500.0,,55.4,1.6,99.0,0,16695
VW, CC,Automatic,Diesel,2015,70920.0,,54.3,2.0,97.0,2,10000
BMW, X1,Automatic,Petrol,2019,7288.0,145.0,39.8,2.0,75.0,0,26990
BMW, X5,Semi-Auto,Diesel,2019,7220.0,145.0,37.7,,86.0,1,49950
Audi, Q3,Semi-Auto,Petrol,2018,24350.0,150.0,42.2,2.0,45.0,3,23500
VW, Golf,Manual,Diesel,2017,41364.0,145.0,60.1,2.0,74.0,4,16989
Skoda, Scala,Manual,Petrol,2019,2250.0,145.0,49.6,1.0,88.0,1,14995
Audi, A1,,Petrol,2017,16438.0,150.0,57.6,1.4,55.0,0,12444
Ford, Mondeo,Automatic,Hybrid,2019,12145.0,135.0,47.9,2.0,57.0,3,25400
Mercedes, C Class,Semi-Auto,Diesel,2017,33105.0,145.0,64.2,2.1,63.0,3,18480
BMW, X2,Semi-Auto,Petrol,2019,3690.0,150.0,39.2,2.0,43.0,4,27980
Mercedes, CL Class,Semi-Auto,Diesel,2019,13962.0,145.0,51.4,2.2,46.0,2,26980
Toyota, Aygo,Manual,Petrol,2019,9512.0,145.0,57.7,1.0,76.0,2,9716
Skoda, Karoq,Manual,Diesel,2018,17410.0,145.0,92.826899537786,2.0,74.0,1,21495
Ford, EcoSport,Manual,Petrol,2019,15726.0,150.0,53.3,1.0,49.0,2,14500
BMW, 1 Series,Semi-Auto,Diesel,2019,4834.0,145.0,,2.0,88.0,4,20875
VW, Golf,Semi-Auto,Diesel,2017,26000.0,,72.4,1.6,42.0,3,13990
Audi, A3,Manual,Diesel,2011,,30.0,64.2,2.0,90.0,0,5290
BMW, X5,Semi-Auto,Diesel,2019,4729.0,145.0,37.7,3.0,95.0,,50990
VW, Up,Manual,,2017,20764.0,150.0,64.2,1.0,81.0,3,7390
VW, Polo,Semi-Auto,Petrol,2016,20856.0,20.0,,1.2,77.0,1,10999
Hyundai, Tucson,Manual,Diesel,2018,10.0,145.0,61.4,1.7,66.0,4,25194
Audi, A8,Automatic,Diesel,2012,70894.0,235.0,44.1,3.0,35.0,2,13437
Opel, Insignia,Manual,Diesel,2016,20184.0,0.0,74.3,1.6,98.0,0,8688
BMW, 3 Series,Semi-Auto,Petrol,2018,19620.0,145.0,48.7,2.0,97.0,,20498
VW, Golf,,Petrol,2016,35695.0,145.0,47.1,2.0,87.0,2,17990
, GLA Class,Semi-Auto,Diesel,2019,8845.0,145.0,67.3,2.1,72.0,4,21699
BMW, X1,Semi-Auto,Petrol,2017,13217.0,145.0,44.8,2.0,41.0,0,22052
Skoda, Superb,Automatic,Petrol,2019,12246.0,150.0,30.1,,85.0,3,26000
Audi, A5,Semi-Auto,Diesel,2017,40000.0,145.0,67.3,2.0,54.0,4,20000
Skoda, Yeti Outdoor,Semi-Auto,Petrol,2016,24968.0,125.0,,1.2,58.0,1,11990
VW, Golf,Semi-Auto,Hybrid,2020,5.0,135.0,141.3,1.4,45.0,2,33000
VW, Golf,Manual,Petrol,2019,50.0,150.0,49.6,1.5,87.0,3,20490
Toyota, Yaris,Manual,Petrol,2019,4773.0,145.0,47.9,1.5,70.0,4,12329
Skoda, Kodiaq,Automatic,Petrol,2017,33015.0,145.0,44.8,1.4,39.0,0,17950
Opel, Corsa,Manual,Petrol,2015,44730.0,125.0,54.3,1.4,74.0,1,6290
Opel, Grandland X,Manual,Petrol,2018,5000.0,145.0,44.1,1.2,46.0,0,26995
Ford, Fiesta,Manual,Petrol,2019,13034.0,145.0,58.9,1.0,60.0,4,12495
Opel, Astra,Manual,Petrol,2009,91000.0,200.0,,1.6,81.0,3,1995
Opel, Insignia,Manual,Petrol,2019,3018.0,145.0,50.4,1.5,30.0,4,16998
Ford, Focus,Manual,Petrol,2019,4165.0,145.0,60.1,1.0,42.0,1,19070
VW, Tiguan,Manual,Diesel,2019,10.0,145.0,47.9,2.0,69.0,2,25498
Opel, Corsa,Manual,Petrol,2016,22397.0,30.0,55.4,1.4,91.0,0,7995
Audi, A3,Automatic,Diesel,2018,15044.0,145.0,52.3,1.6,60.0,0,20550
Hyundai, I40,Manual,Diesel,2019,10.0,145.0,52.3,1.6,93.0,2,16500
BMW, 1 Series,Manual,Diesel,2017,40461.0,,62.8,2.0,85.0,0,12400
BMW, 3 Series,Semi-Auto,Diesel,2017,56785.0,145.0,51.4,3.0,84.0,0,19498
BMW, X4,Semi-Auto,Diesel,2019,4231.0,,42.8,2.0,54.0,2,33998
Mercedes, B Class,Automatic,Diesel,2019,11162.0,145.0,53.3,2.0,75.0,3,27890
Mercedes, GLE Class,Semi-Auto,Diesel,2016,38942.0,260.0,42.8,3.0,98.0,3,25980
Ford, Kuga,Automatic,Petrol,2015,8403.0,235.0,,1.5,52.0,2,15150
BMW, 1 Series,Manual,Diesel,2017,15992.0,30.0,65.7,2.0,66.0,2,15995
Ford, Grand C-MAX,Semi-Auto,Diesel,,51250.0,160.0,48.7,2.0,48.0,3,9795
Toyota, Aygo,Manual,Petrol,2018,9895.0,145.0,68.9,1.0,59.0,3,8595
Mercedes, c class,Semi-Auto,Diesel,2017,20981.0,30.0,64.2,0.3070739443691206,54.0,3,21498
Audi, A4,Manual,Petrol,2018,14017.0,150.0,51.4,1.4,81.0,3,17300
Opel, Corsa,,Petrol,2011,55096.0,125.0,53.3,1.2,91.0,0,4499
BMW, 5 Series,Automatic,Diesel,2016,39727.0,125.0,,2.0,43.0,0,16695
Mercedes, C Class,Automatic,Diesel,2017,47053.0,125.0,60.1,2.1,60.0,0,19399
VW, Golf,Manual,Diesel,2017,18105.0,0.0,74.3,1.6,36.0,4,14392
Audi, A5,Automatic,Diesel,2014,61346.0,160.0,49.6,3.0,36.0,2,14939
Mercedes, E Class,Automatic,Diesel,2016,18335.0,150.0,56.5,2.1,37.0,2,18695
Ford, Fiesta,Manual,Diesel,2016,9920.0,0.0,78.5,1.5,49.0,3,10497
Toyota, Avensis,Manual,Diesel,2014,58523.0,30.0,61.4,2.0,77.0,4,7950
Skoda, Citigo,Manual,Petrol,2016,15880.0,20.0,62.8,1.0,36.0,2,5990
Audi, Q2,Semi-Auto,Diesel,2018,4642.0,145.0,46.3,1.6,87.0,0,22890
Opel, Astr,Manual,Petrol,2017,14300.0,145.0,47.1,1.4,95.0,4,10847
VW, Tiguan,Manual,Diesel,2017,19545.0,,58.9,2.0,96.0,0,18700
VW, T-Cross,Manual,Petrol,2019,6.0,145.0,47.9,1.0,88.0,3,19498
Mercedes, A Class,Automatic,Diesel,2018,27590.0,145.0,,1.5,42.0,3,16990
VW, Golf,Manual,Petrol,2019,6720.0,145.0,47.1,1.5,94.0,0,17498
Mercedes, A Class,Manual,Diesel,2017,15015.0,145.0,,1.5,37.0,1,13499
Ford, Fusion,Manual,Diesel,2010,96000.0,,62.8,1.4,78.0,1,2495
BMW, Z4,Manual,Petrol,,114000.0,260.0,37.7,2.0,62.0,3,3595
VW, Tiguan,Semi-Auto,Diesel,2020,501.0,145.0,31.4,2.0,57.0,1,33999
BMW, X5,Automatic,Petrol,2016,20000.0,570.0,25.4,4.4,97.0,0,40950
VW, Polo,Manual,Petrol,2019,11703.0,145.0,,1.0,63.0,4,12250
Audi, TT,Automatic,Petrol,2020,150.0,145.0,38.7,2.0,77.0,1,32990
Opel, Mokka X,Manual,Diesel,2017,24306.0,145.0,60.1,2.0641186347051645,90.0,,12799
BMW, X7,Automatic,Diesel,2019,2689.0,145.0,33.6,3.0,55.0,3,69940
Mercedes, C Class,Semi-Auto,Diesel,2016,26205.0,125.0,58.9,2.1,79.0,0,20991
Ford, Fiesta,Manual,Diesel,2016,52478.0,0.0,88.3,1.5,53.0,4,7230
Opel, Insignia,,Diesel,2019,19196.0,145.0,53.3,2.0,72.0,2,15995
, Q3,Manual,Petrol,2019,8050.0,150.0,40.9,1.5,35.0,2,26022
VW, Golf SV,Semi-Auto,Petrol,2019,3939.0,145.0,45.6,1.5,52.0,0,19490
VW, Golf,Manual,Petrol,2020,3000.0,145.0,45.6,1.5,68.0,1,22995
Mercedes, E Class,Semi-Auto,Diesel,2016,49066.0,125.0,58.9,2.1,48.0,0,16328
VW, Golf,Semi-Auto,Petrol,2017,23751.0,200.0,39.8,2.0,78.0,3,21995
Opel, Astra,Manual,Petrol,2019,7774.0,,47.9,1.4,90.0,0,14578
VW, Polo,Manual,Petrol,2019,5025.0,303.1488914624556,48.7,1.0,55.0,3,12990
Ford, Fiesta,Manual,Petrol,2020,4000.0,145.0,55.4,1.1,46.0,3,12995
Opel, Adam,Manual,Petrol,2017,25196.0,150.0,53.3,1.2,84.0,1,7600
Hyundai, I10,Manual,Petrol,2016,23789.0,20.0,60.1,1.0,55.0,4,6499
Opel, Corsa,Manual,Petrol,2019,4241.0,145.0,43.5,1.4,83.0,1,8800
Opel, Astra,Manual,Diesel,2011,63000.0,145.0,55.4,2.0,76.0,4,4500
Ford, Fiesta,Manual,Petrol,,9438.0,145.0,,1.0,79.0,2,11200
BMW, 3 Series,Semi-Auto,Diesel,2016,29902.0,145.0,53.3,3.0,55.0,4,18980
VW, Golf,Manual,Diesel,2016,49650.0,0.0,74.3,1.6,61.0,3,10791
Ford, Focus,Manual,Petrol,2017,28543.0,125.0,,1.5,54.0,1,11695
Opel, Insignia,Manual,Diesel,2016,,0.0,74.3,1.6,67.0,3,5493
, A5,Automatic,Diesel,2019,6621.0,145.0,47.1,2.0,97.0,0,28450
Mercedes, GLC Class,Semi-Auto,,2016,14643.0,125.0,56.5,2.1,44.0,0,23980
VW, Golf,Manual,Diesel,2020,99.0,145.0,57.7,1.6,55.0,1,18495
Toyota, Yari,Automatic,Petrol,2015,48160.0,30.0,58.0,1.3,79.0,2,7999
Opel, Corsa,Automatic,Petrol,2016,17074.0,145.0,47.9,1.4,33.0,4,11000
Ford, Kuga,Manual,Diesel,2017,23237.0,,60.1,2.0,48.0,1,15995
Audi, A4,Automatic,Diesel,2019,5000.0,145.0,44.8,2.0,66.0,1,26900
Skoda, Fabia,Manual,Petrol,2018,18612.0,145.0,57.7,1.0,55.0,1,8995
Ford,Focus,Manual,Petrol,2017,7131.0,145.0,41.5,2.0,44.0,3,19100
Ford, Kug,Automatic,Petrol,2019,13463.0,145.0,31.0,1.5,65.0,4,16495
Mercedes, GLC Class,Automatic,Petrol,2019,5500.0,145.0,,4.0,39.0,1,67980
VW,,Semi-Auto,Diesel,2017,29142.0,150.0,49.6,2.0,54.0,1,21990
Opel, Crossland ,Manual,Petrol,2018,15537.0,145.0,44.8,1.2,90.0,3,11998
Hyundai, Kona,Manual,Petrol,2018,26615.0,145.0,52.3,1.0,53.0,0,11998
Skoda, Octavia,Semi-Auto,Diesel,2013,52996.0,30.0,62.8,2.0,67.0,4,7999
Ford, Kuga,Manual,Diesel,2016,,,60.1,2.0,50.0,3,11299
Ford, Fiesta,Manual,Petrol,2018,24222.0,145.0,,1.0,99.0,3,11000
VW, T-Roc,Manual,Petrol,2018,10202.0,145.0,53.3,1.5,53.0,2,20499
, Superb,Semi-Auto,Petrol,2019,14502.0,,36.7,1.5,34.0,1,18900
BMW, 3 Series,Semi-Auto,Diesel,2019,1951.0,145.0,52.3,2.0,33.0,2,28450
VW, Polo,Manual,Petrol,2017,7889.0,,58.9,1.0,64.0,1,10950
Opel, Mokka X,Manual,Petrol,2019,19709.0,145.0,,1.4,83.0,0,12899
Audi, A4,Manual,Diesel,2016,83020.0,30.0,64.2,2.0,71.0,4,13995
Audi, A,Manual,Petrol,2012,44775.0,125.0,52.3,1.4,76.0,2,8999
Skoda, Rapid,Manual,Diesel,2017,32657.0,0.0,,1.6,43.0,3,8485
BMW, 5 Series,Automatic,Diesel,2014,84816.0,30.0,62.8,2.0,37.0,1,11000
Mercedes, GLE CLASS,Automatic,Diesel,2019,10005.0,145.0,35.8,2.0,78.0,2,52146
VW, Golf,Manual,Petrol,2019,2899.0,145.0,47.1,1.5,84.0,4,17490
BMW, X5,Automatic,Diesel,2019,,145.0,37.7,3.0,63.0,4,47250
Mercedes, A Class,Manual,Diesel,2016,52178.0,30.0,65.7,2.1,97.0,4,11900
Ford, Fiesta,Manual,Petrol,2019,17456.0,145.0,,1.0,93.0,4,11800
Ford,C-MAX,Manual,Petrol,2017,12982.0,30.0,55.4,1.0,96.0,2,11498
Audi, Q7,Automatic,Diesel,,2402.0,145.0,33.2,3.0,40.0,0,60950
VW, Touran,Manual,Diesel,2016,44601.0,30.0,61.4,1.6,90.0,2,14790
Ford, Fiesta,Manual,Petrol,2016,15140.0,125.0,54.3,1.2,98.0,4,7058
Toyota, Hilux,Automatic,Diesel,2019,4.0,265.0,2.8,2.4,78.0,0,26995
BMW, X1,Manual,Diesel,2014,29387.0,160.0,51.4,2.0,75.0,3,10422
BMW, 3 Serie,Manual,Diesel,2013,49720.0,30.0,,2.0,73.0,0,11199
, 3 Series,Semi-Auto,Diesel,2017,48604.0,30.0,,2.0,94.0,1,14990
Opel, Mokka X,Manual,Petrol,2017,29576.0,200.0,42.2,1.6,54.0,1,10995
Skoda, Fabia,,Petrol,2019,3350.0,145.0,51.4,1.0,71.0,2,11495
, M,Semi-Auto,Petrol,2017,10950.0,145.0,,3.0,57.0,4,36595
VW, Polo,Manual,Petrol,2010,105640.0,125.0,,1.2,64.0,4,2750
Ford, FIESTA,Manual,Petrol,2016,11104.0,0.0,65.7,1.0,75.0,3,10877
VW, Polo,Manual,Petrol,2015,36413.0,20.0,60.1,1.0,80.0,1,7140
Audi, Q3,Manual,Petrol,2015,27632.0,125.0,50.4,1.4,80.0,4,13990
Ford, Kuga,Manual,Diesel,2016,18480.0,150.0,54.3,2.0,87.0,4,16998
Mercedes, A CLASS,Semi-Auto,Petrol,2018,15316.0,145.0,49.6,1.6,72.0,0,17498
VW, Caravelle,Automatic,Diesel,2019,2500.0,,,2.0,51.0,2,44450
Audi, A3,Manual,Diesel,2019,12928.0,150.0,51.4,1.6,61.0,1,19300
VW,,Manual,Petrol,2019,3758.0,150.0,51.4,,58.0,2,15990
Opel, corsa,Manual,Petrol,2016,27963.0,30.0,55.4,1.4,92.0,2,6670
Hyundai, I30,Manual,Petrol,2009,125968.0,160.0,46.3,1.4,60.0,3,2495
Mercedes, A Class,Automatic,Diesel,2017,,20.0,,2.1,55.0,1,17498
BMW, 2 series,,Diesel,2019,9683.0,145.0,57.7,2.0,32.0,4,23450
Hyundai, I20,,Petrol,2020,1420.0,145.0,46.3,1.2,34.0,2,12299
Mercedes, GLA Class,Automatic,Petrol,2020,6000.0,145.0,44.8,1.6,66.0,4,28680
Ford, Fiesta,Manual,Petrol,2017,18342.0,150.0,65.7,1.0,,4,9500
Mercedes, GLA Class,Semi-Auto,Diesel,2019,12836.0,145.0,67.3,2.1,35.0,0,23799
Opel, Astra,Manual,Petrol,2017,32393.0,145.0,51.4,1.4,,2,9691
Audi, A4,Semi-Auto,Diesel,2019,5484.0,145.0,44.1,2.0,66.0,4,38950
Ford, Focus,Manual,Petrol,2018,7687.0,145.0,60.1,1.0,45.0,2,16950
Opel, Adam,Manual,Petrol,2013,40474.0,125.0,51.4,1.4,3.1726830595677384,1,5299
Hyundai, I20,Manual,Petrol,2018,10000.0,145.0,46.3,1.2,85.0,0,9999
Opel, Mokka X,Manual,Petrol,2017,14739.0,145.0,,1.4,30.0,4,11997
BMW, 3 Series,Semi-Auto,Petrol,2019,11454.0,145.0,,2.0,97.0,3,23685
Ford, Focus,Manual,Petrol,2017,17028.0,145.0,57.7,1.0,47.0,1,12369
BMW, X5,Automatic,Diesel,2016,62756.0,200.0,47.1,3.0,61.0,3,25991
Toyota, Yaris,Manual,Petrol,2017,35655.0,30.0,,1.3,85.0,4,7998
Audi, A1,Manual,Petrol,2014,13442.0,125.0,,1.4,88.0,4,12990
Mercedes, gla class,Semi-Auto,Petrol,2018,20062.0,145.0,50.4,,55.0,3,20250
Hyundai, Ioniq,,Hybrid,2018,10052.0,135.0,78.5,1.6,41.0,1,15990
Audi, RS3,Semi-Auto,Petrol,2017,17889.0,145.0,34.0,2.5,70.0,0,36990
VW, T-Cross,Manual,Petrol,2019,1000.0,150.0,48.7,1.0,44.0,4,17465
BMW, X1,Manual,Diesel,2010,87300.0,165.0,49.6,2.0,30.0,3,6495
Ford, Fiesta,Manual,Petrol,2018,10230.0,145.0,58.9,1.0,49.0,0,11997
BMW, 4 Series,Automatic,Diesel,2018,18000.0,150.0,65.7,2.0,47.0,0,21000
Hyundai, I30,Manual,Diesel,2015,44929.0,0.0,78.4,1.6,87.0,4,7331
Toyota, Yaris,Manual,Petrol,2017,16976.0,30.0,58.0,1.3,66.0,1,9595
Opel, Mokka X,Manual,Petrol,2017,47868.0,145.0,47.1,1.4,73.0,0,11098
Toyota, Yaris,Automatic,Hybrid,,49682.0,0.0,78.0,1.5,75.0,2,11495
VW, Tiguan,Manual,,2017,26739.0,125.0,58.9,2.0,85.0,3,17575
Ford, Edge,Automatic,Diesel,2019,14.0,145.0,37.2,2.0,42.0,2,33994
Audi, A3,Manual,Diesel,2016,,0.0,74.3,1.6,48.0,1,10495
Audi, A1,Manual,Diesel,2017,24857.0,0.0,76.3,1.6,75.0,1,11495
VW, Touran,Manual,Diesel,2006,105000.0,,46.3,2.0,48.0,1,2395
VW, T-Roc,Manual,Petrol,2018,12894.0,150.0,44.1,1.0,,3,17000
Opel, Astra,Manual,Petrol,2017,24661.0,,47.1,1.4,85.0,2,9998
Opel, Corsa,Manual,Petrol,2017,31179.0,145.0,55.4,1.4,64.0,0,6982
Mercedes, C Class,Semi-Auto,Diesel,2020,16.0,145.0,61.4,2.0,54.0,2,32980
BMW, 3 Series,Automatic,Diesel,2013,95000.0,125.0,58.9,2.0,30.0,2,10490
Ford, S-MAX,Manual,Diesel,2015,53855.0,125.0,56.5,2.0,94.0,4,13979
Ford, C-MAX,Manual,Petrol,2017,11319.0,145.0,55.4,1.0,74.0,0,12495
Opel, Adam,Manual,Petrol,2015,37856.0,145.0,,1.4,69.0,4,8750
VW, T-Roc,Manual,Diesel,2019,6000.0,145.0,50.4,1.6,91.0,0,18990
Mercedes, C Class,Semi-Auto,Petrol,2019,14525.0,145.0,44.1,1.5,34.0,,24499
Ford, Fiesta,Manual,Petrol,2017,22704.0,145.0,64.2,1.1,32.0,2,9795
VW, Polo,Manual,Petrol,2019,11687.0,145.0,48.7,1.0,66.0,2,11425
Audi, Q2,Semi-Auto,Petrol,2019,3350.0,145.0,33.2,2.0,56.0,1,30495
Ford, Focus,Manual,Petrol,2018,7269.0,145.0,61.4,1.0,74.0,4,11997
Audi, q3,Semi-Auto,Petrol,2017,44080.0,145.0,47.9,1.4,66.0,3,15860
Audi, Q5,Semi-Auto,Petrol,2014,47648.0,260.0,35.8,2.0,80.0,3,18998
Skoda,,Automatic,Petrol,2019,4217.0,145.0,40.4,1.0,33.0,4,22299
Opel, Zafira Tourer,Manual,Diesel,2015,84280.0,20.0,,1.6,56.0,1,6795
Opel, Mokka X,Manual,Petrol,2018,30987.0,145.0,39.2,2.0641186347051645,53.0,0,11499
BMW, 3 Series,Automatic,Diesel,2019,14590.0,145.0,52.3,2.0,99.0,1,27999
BMW,2 Series,Semi-Auto,Petrol,2020,12.0,145.0,50.4,1.5,91.0,4,23475
VW, Touran,Manual,Diesel,2018,10162.0,145.0,,1.6,86.0,2,20072
Ford, Mondeo,Manual,Diesel,2017,24223.0,145.0,64.2,2.0,78.0,0,13491
Audi, A5,Semi-Auto,Diesel,2017,26939.0,145.0,62.8,2.0,67.0,2,22998
Opel, Corsa,Manual,Petrol,2019,1757.0,145.0,43.5,1.4,43.0,0,10699
VW, Polo,Automatic,Petrol,2017,14134.0,145.0,60.1,1.2,90.0,3,12499
, A1,Manual,Petrol,2017,20865.0,,67.3,1.0,82.0,2,12500
Toyota, C-HR,Automatic,Hybrid,2017,25038.0,0.0,74.3,1.8,,2,20575
Opel, Astra,Manual,Petrol,2015,38699.0,,43.5,1.6,36.0,2,6350
BMW, 5 Series,Semi-Auto,Diesel,2019,10312.0,145.0,65.7,2.0,58.0,0,26350
Mercedes, CL Class,Semi-Auto,Diesel,2015,31729.0,20.0,67.3,2.1,45.0,0,17042
Mercedes, GLC Class,Automatic,Diesel,2019,3395.0,145.0,44.8,2.0,94.0,,36540
Ford, Focus,Manual,Petrol,2019,5000.0,145.0,34.5,2.3,63.0,2,27975
Ford, Kuga,Manual,Diesel,2018,13900.0,,60.1,2.0,93.0,4,16499
Mercedes, C Class,Automatic,Hybrid,2015,79779.0,0.0,134.5,2.0,77.0,0,13999
BMW, X6,Automatic,Diesel,2019,5980.0,145.0,34.9,3.0,30.0,1,56290
Ford, Focus,Manual,Petrol,2017,13671.0,145.0,60.1,1.0,55.0,4,10999
Audi, A7,Semi-Auto,Diesel,2015,41656.0,145.0,54.3,3.0,39.0,3,19998
Opel, Corsa,Manual,Petrol,2016,2016.0,30.0,,1.4,44.0,3,7562
Audi, Q5,Semi-Auto,Petrol,,16022.0,,34.0,3.0,52.0,4,37990
Mercedes, V Class,Automatic,Diesel,2017,16000.0,145.0,,2.1,55.0,2,31980
VW, Golf,Manual,Petrol,2015,48558.0,30.0,53.3,1.4,47.0,2,8998
Mercedes, GLC Class,Automatic,Diesel,2015,18580.0,125.0,56.5,2.1,76.0,1,22965
VW, Up,Manual,Petrol,2014,43416.0,20.0,60.1,1.0,75.0,3,6495
Mercedes, C Class,,Diesel,2016,38000.0,30.0,64.2,,37.0,1,17850
Ford,,Manual,Petrol,2017,24138.0,145.0,62.8,1.0,,3,9797
BMW, 4 Series,Automatic,Diesel,2017,63197.0,160.0,,3.0,36.0,0,18000
BMW, 3 Series,Semi-Auto,Diesel,2017,40010.0,150.0,49.6,3.0,74.0,1,23990
Audi, Q7,Automatic,Diesel,2019,6063.0,145.0,,3.0,34.0,4,46426
VW, Golf,Manual,Petrol,2016,15915.0,30.0,53.3,1.4,51.0,1,12989
VW, Passat,Manual,Diesel,2017,39157.0,,68.9,2.0,70.0,0,13995
Toyota, Aygo,Manual,Petrol,2017,28953.0,0.0,69.0,1.0,75.0,4,6800
Toyota, Aygo,Manual,Petrol,2019,860.0,145.0,57.7,1.0,39.0,3,10000
BMW, X3,Manual,Diesel,2013,67652.0,160.0,50.4,,98.0,0,9549
Ford, Fiesta,,Petrol,2015,8800.0,125.0,54.3,1.2,71.0,2,7495
, A5,Semi-Auto,Diesel,2020,1000.0,145.0,47.1,2.0,69.0,3,30000
Ford, Fiesta,Manual,Petrol,2018,15405.0,150.0,65.7,1.0,59.0,0,13000
VW, Golf,Manual,Diesel,,23878.0,,74.3,1.6,77.0,3,11998
Ford, Fiesta,Manual,Petrol,2017,41069.0,0.0,65.7,1.0,48.0,4,8499
BMW, 5 Series,Automatic,Diesel,2014,42007.0,,68.9,2.0,56.0,3,12500
BMW, 2 Series,,Petrol,2020,10.0,145.0,42.2,1.5,82.0,1,26995
Mercedes, GLC Clas,Automatic,Diesel,2018,16176.0,150.0,56.5,2.1,57.0,2,31995
Opel, Crossland X,Manual,Diesel,2020,10.0,145.0,61.4,1.5,78.0,4,16490
Opel, Zafira,Manual,Petrol,2016,33145.0,200.0,42.2,1.4,71.0,0,8495
Opel, Astra,Manual,Petrol,2017,14229.0,150.0,51.4,1.4,43.0,3,9700
VW, Golf SV,Manual,Petrol,,7020.0,30.0,55.4,1.4,49.0,1,12995
Ford, Galaxy,Semi-Auto,Diesel,2019,3802.0,145.0,54.3,2.0,35.0,1,28500
Opel, ASTRA,Semi-Auto,Petrol,2017,20000.0,150.0,50.4,1.4,79.0,3,11450
Hyundai, I800,Automatic,Diesel,2018,32420.0,145.0,28.0,2.5,30.0,0,15749
BMW, X,Manual,Petrol,2019,1701.0,145.0,,1.5,48.0,1,23000
Audi, Q7,Semi-Auto,Diesel,2020,3000.0,145.0,33.2,3.0,92.0,4,51995
Skoda, Scala,Semi-Auto,Petrol,2019,3500.0,145.0,45.6,1.5,35.0,3,18500
Toyota, C-HR,Manual,Petrol,2018,16200.0,150.0,34.5,1.2,36.0,0,18999
Mercedes, E Class,Semi-Auto,Diesel,2017,18057.0,145.0,67.3,2.0,37.0,0,19795
Ford, Fiesta,Manual,Petrol,2018,5418.0,145.0,,1.0,94.0,1,12589
Opel, Mokka X,Manual,Petrol,2019,10155.0,145.0,,1.4,30.0,3,12798
Mercedes,,Automatic,Diesel,2016,35581.0,,58.9,2.1,68.0,2,17500
VW, Scirocco,Manual,Petrol,2017,44081.0,145.0,,2.0,44.0,4,14075
Ford, Focus,Manual,Petrol,2017,23016.0,145.0,51.4,1.5,51.0,4,12295
VW, T-Cross,Manual,Diesel,2019,4774.0,145.0,52.3,1.6,88.0,3,18990
Toyota, Yaris,Manual,Petrol,2017,14150.0,145.0,,1.5,94.0,0,11300
Ford, Fiesta,Manual,Petrol,2017,17042.0,0.0,65.7,1.0,54.0,2,9077
Hyundai, I30,Manual,Petrol,2018,8265.0,145.0,52.3,1.4,46.0,1,14000
VW, Polo,Semi-Auto,Petrol,2016,19000.0,,60.1,1.2,64.0,2,12500
Opel, Crossland X,Manual,Petrol,2018,24003.0,145.0,44.8,1.2,99.0,1,9990
Hyundai, Santa Fe,Automatic,Diesel,2016,10317.0,235.0,42.8,2.2,84.0,3,19495
Ford, Focus,Manual,Diesel,2015,31512.0,0.0,74.3,1.5,59.0,3,9198
Ford, Mustang,Automatic,Petrol,2017,24000.0,150.0,23.5,5.0,39.0,4,29980
BMW, 1 Series,Manual,Petrol,2019,8617.0,145.0,44.1,1.5,69.0,2,20980
Audi, Q2,Manual,Diesel,2018,7020.0,150.0,,1.6,74.0,3,17599
Ford, Focus,Manual,,2013,55173.0,30.0,56.5,1.0,57.0,2,5991
Ford, Fiesta,Manual,Petrol,2013,40820.0,30.0,54.3,1.2,79.0,2,6295
Mercedes, E Class,Automatic,Diesel,2013,31000.0,145.0,,2.2,76.0,1,13995
Audi, Q3,Semi-Auto,Petrol,2017,26494.0,145.0,47.9,1.4,71.0,0,20995
VW, Passat,Automatic,Diesel,2016,28520.0,,61.4,2.0,35.0,0,15300
VW, Sharan,Semi-Auto,Petrol,2020,746.0,145.0,32.5,1.4,84.0,0,28990
Mercedes, A Class,Manual,Diesel,2016,43132.0,20.0,68.9,1.5,75.0,4,14459
BMW, X2,Semi-Auto,Diesel,2019,2949.0,145.0,61.4,2.0,47.0,2,28490
VW, T-Cross,Manual,Diesel,2019,4509.0,145.0,52.3,1.6,63.0,4,20990
Ford, Fiesta,Manual,Petrol,2018,54400.0,145.0,64.2,1.1,69.0,4,7995
VW, Tiguan,Semi-Auto,Diesel,2013,51449.0,200.0,47.7,2.0,38.0,3,10000
VW, Caddy Maxi Life,Semi-Auto,Diesel,2019,13309.0,150.0,58.9,2.0,99.0,1,18990
Ford, Fiesta,Manual,Petrol,2017,15649.0,125.0,54.3,1.2,40.0,2,7295
Audi, A3,Semi-Auto,Petrol,2019,4694.0,,34.5,2.0,81.0,0,31990
Ford, Fiesta,Manual,Petrol,2018,10945.0,,64.2,1.1,63.0,0,9000
Mercedes, C Class,Automatic,Diesel,2017,42721.0,30.0,64.2,2.1,93.0,1,18975
Audi, Q5,Automatic,Diesel,2017,14475.0,145.0,40.4,2.0,86.0,0,27995
Ford, FOCUS,Manual,Petrol,2019,15608.0,145.0,60.1,1.0,84.0,4,16998
Mercedes, A Class,Automatic,Petrol,2016,21362.0,160.0,45.6,2.0,62.0,0,18899
Ford, Fiesta,Manual,Petrol,2018,5151.0,150.0,58.9,1.0,56.0,1,14000
Skoda, Citigo,Manual,Petrol,2017,44719.0,20.0,64.2,,97.0,2,5275
Mercedes, A Class,Semi-Auto,Diesel,2017,16005.0,20.0,68.9,2.1,91.0,3,17360
Audi, A1,Manual,Diesel,2013,76269.0,0.0,74.3,1.6,46.0,3,7000
BMW, X5,Automatic,Diesel,2017,47717.0,235.0,42.8,3.0,74.0,2,35470
BMW, 3 Series,Semi-Auto,Diesel,2019,2980.0,150.0,57.7,2.0,93.0,4,25990
Opel, Insignia,Manual,Diesel,2014,27659.0,30.0,62.8,2.0,51.0,1,8400
Opel, Mokka,Manual,Petrol,2014,50000.0,205.0,43.5,1.6,98.0,0,7500
BMW, X1,Automatic,Diesel,2017,60792.0,145.0,55.4,2.0,82.0,1,16514
, SLK,,Petrol,2008,65000.0,290.0,34.4,1.8,65.0,1,6775
Ford, Focus,Manual,Diesel,2017,24498.0,145.0,,2.0,34.0,0,16698
Skoda, fabia,Semi-Auto,Petrol,2017,18865.0,145.0,60.1,1.2,61.0,1,11990
Skoda, Octavia,Manual,Diesel,2019,14382.0,145.0,68.9,,41.0,1,13499
Mercedes, A Class,Semi-Auto,Petrol,2020,1000.0,145.0,,,34.0,,25879
Ford,,Manual,Diesel,2017,20937.0,150.0,60.1,2.0,51.0,3,14500
Skoda, Fabia,Manual,Petrol,2019,7927.0,145.0,50.4,1.0,81.0,4,8995
Ford, Fiesta,Manual,Petrol,2017,19684.0,20.0,62.8,1.0,64.0,1,10050
Toyota, Aygo,Manual,Petrol,2018,7995.0,145.0,68.9,1.0,41.0,3,7995
Toyota, Yaris,Manual,Petrol,2018,4050.0,145.0,47.1,1.5,33.0,3,11995
VW, Golf,Manual,Petrol,2015,46987.0,200.0,39.8,2.0,90.0,1,17442
Ford, Fiesta,Manual,Petrol,2017,19068.0,145.0,65.7,1.0,32.0,2,10191
Audi, A1,,Diesel,2016,14722.0,20.0,72.4,1.6,88.0,3,13180
Ford,,Manual,Diesel,2017,21738.0,30.0,64.2,1.5,61.0,2,10998
Ford, Focus,Automatic,Petrol,2020,7.0,,50.4,1.0,45.0,1,20999
Mercedes, CLA Class,Automatic,Diesel,2014,45000.0,30.0,62.8,2.1,73.0,4,15990
Audi, Q2,Manual,Petrol,2017,12343.0,145.0,50.4,,64.0,3,18860
Mercedes, C CLASS,Semi-Auto,Diesel,,33532.0,30.0,64.2,2.1,46.0,2,17841
Mercedes, SL CLASS,Semi-Auto,Diesel,2017,6271.0,145.0,70.6,2.1,84.0,0,20490
Toyota, Yaris,Manual,Petrol,2016,29395.0,30.0,55.0,1.3,47.0,2,8985
Skoda, Yeti,Semi-Auto,Petrol,2016,5002.0,125.0,51.4,1.2,42.0,1,12370
BMW, M4,Semi-Auto,Petrol,2019,1501.0,145.0,32.5,3.0,57.0,4,46000
Hyundai, Tucson,Manual,Petrol,2019,8.0,145.0,34.9,1.6,88.0,3,18495
Mercedes, A Class,Semi-Auto,Diesel,2017,43865.0,145.0,68.9,2.1,91.0,2,16250
BMW, X5,Semi-Auto,Diesel,2019,3252.0,145.0,37.7,3.0,57.0,0,49490
Audi, A3,Semi-Auto,Petrol,2017,25988.0,150.0,44.1,2.0,47.0,4,23890
Mercedes, SLK,,Petrol,2013,43150.0,200.0,43.5,1.8,68.0,4,12995
VW, Golf,Manual,Diesel,2017,36036.0,,61.4,1.6,74.0,2,12700
Mercedes, V Class,Automatic,Diesel,2019,500.0,145.0,38.2,2.1,35.0,,27000
Ford,Mondeo,Manual,Diesel,2018,25659.0,145.0,47.1,2.0,56.0,0,12999
Skoda, Rapid,Manual,Petrol,2017,80106.70856470738,,57.7,1.2,,2,8391
Opel, Adam,Manual,Petrol,2017,12198.0,145.0,53.3,1.2,68.0,4,7390
BMW, X1,,Diesel,2019,202.0,150.0,60.1,2.0,93.0,1,28995
Ford, B-MAX,Manual,Petrol,2013,,150.0,47.1,1.4,90.0,0,5495
VW, T-Roc,Manual,Diesel,2019,1689.0,145.0,50.4,1.6,57.0,2,19450
Audi, A4,Manual,Diesel,2017,32997.0,145.0,67.3,2.0,49.0,0,18998
BMW, 1 Series,Manual,Diesel,2016,10.0,20.0,72.4,1.5,88.0,2,19490
Mercedes, C Class,Semi-Auto,Diesel,2019,2200.0,145.0,57.7,2.0,87.0,1,33699
Toyota, Yaris,Manual,Petrol,2017,25582.0,145.0,,1.5,36.0,2,9250
Mercedes, CLS Class,Automatic,Diesel,2014,100552.0,200.0,46.3,3.0,48.0,3,11975
BMW, 3 Series,Automatic,Diesel,2019,11749.0,145.0,62.8,2.0,92.0,4,18999
Opel, Astra,Manual,Diesel,2015,55645.0,0.0,76.3,1.6,85.0,1,6131
Audi, A5,Automatic,Diesel,2019,,145.0,51.4,2.0,88.0,1,31990
Toyota, Aygo,Manual,Petrol,2018,11262.0,145.0,,1.0,84.0,0,8158
Mercedes,,Automatic,Diesel,2017,13398.0,,52.3,3.0,56.0,2,22270
Skoda, Superb,Manual,Diesel,2018,21322.0,145.0,64.2,2.0,78.0,3,15995
Opel, Astra,Manual,Petrol,2017,20322.0,160.0,46.3,1.6,88.0,2,12398
Mercedes, GLA Class,Semi-Auto,Diesel,2017,20969.0,145.0,56.5,2.1,79.0,0,19890
Ford, Fiesta,Manual,Petrol,2017,17953.0,145.0,,1.2,46.0,0,8995
Ford, MONDEO,Manual,Diesel,2015,30753.0,0.0,78.5,1.5,32.0,0,9995
VW, Caddy Maxi Life,Semi-Auto,Diesel,2020,1000.0,145.0,46.3,2.0,89.0,0,20990
Ford, Kuga,Semi-Auto,Diesel,,23523.0,150.0,54.3,2.0,35.0,2,17200
Ford, Kuga,Manual,Diesel,2017,32590.0,30.0,,1.5,30.0,3,12591
Hyundai, Tucson,Manual,Diesel,2019,18241.0,145.0,,1.6,33.0,3,17995
BMW, X,Automatic,Diesel,2011,72500.0,165.0,50.4,2.0,57.0,1,9999
Hyundai, Tucson,Semi-Auto,Petrol,2019,29986.0,150.0,35.8,1.6,66.0,4,20991
Skoda, Fabia,Manual,Petrol,2017,37469.0,20.0,60.1,1.0,96.0,3,5990
BMW, 1 Series,Manual,Diesel,2015,49096.0,20.0,68.9,2.0,99.0,2,9799
Mercedes, C Class,Semi-Auto,Petrol,2019,200.0,145.0,28.0,,60.0,0,88995
Opel, Astra,Manual,Petrol,2017,16326.0,125.0,51.4,1.4,45.0,4,10998
Audi, Q3,Semi-Auto,Diesel,2017,17787.0,150.0,53.3,2.0,53.0,2,20690
VW, Polo,Manual,Petrol,2016,43600.0,20.0,60.1,1.0,48.0,0,10000
Ford, Fiesta,Manual,Diesel,2009,100000.0,20.0,67.3,1.6,98.0,4,2250
Ford, fiesta,Semi-Auto,Petrol,2018,20735.0,145.0,54.3,1.0,99.0,3,12498
Opel, Adam,Manual,Petrol,2019,15.0,145.0,44.8,1.2,34.0,4,10995
BMW, 3 Series,Semi-Auto,Petrol,2019,3766.0,145.0,34.9,3.0,82.0,2,37980
Mercedes, E Class,Automatic,Diesel,2017,32080.0,145.0,54.3,3.0,89.0,1,21495
Skoda, Yeti,Semi-Auto,Petrol,2014,12773.0,165.0,44.8,1.2,72.0,0,10995
Ford, Fiesta,Manual,Petrol,2017,26000.0,150.0,65.7,1.0,51.0,4,9670
Audi, A1,Manual,Diesel,2013,75000.0,0.0,74.3,1.6,64.0,1,6575
Opel, Corsa,Manual,Petrol,2018,8591.0,145.0,54.3,1.4,53.0,4,8999
VW, Golf SV,Semi-Auto,Petrol,2020,3000.0,150.0,42.8,1.5,30.0,1,21500
Ford, Kuga,Manual,Diesel,2016,38206.0,145.0,,2.0,77.0,2,14998
Ford, Fiesta,Manual,Petrol,2018,29163.0,145.0,65.7,1.0,37.0,2,9650
Skoda, Superb,Automatic,Diesel,2019,2022.0,145.0,47.1,2.0,,3,28490
BMW, 1 SERIES,Automatic,Diesel,2019,5444.0,145.0,51.4,2.0,32.0,4,26989
VW, Sharan,Semi-Auto,Diesel,2019,21.0,150.0,41.5,2.0,37.0,4,24990
Mercedes, cl class,Automatic,Petrol,2019,1476.0,145.0,38.2,2.0,48.0,4,26299
Hyundai, Tucson,Manual,Hybrid,2019,,145.0,51.4,1.6,45.0,4,21498
Opel,GTC,Manual,Diesel,2017,18927.0,30.0,64.2,1.6,98.0,3,10830
Hyundai, Kona,,Petrol,2018,,145.0,44.1,1.0,45.0,2,13498
VW, Passat,Automatic,Diesel,2019,13000.0,145.0,49.6,2.0,31.0,4,24990
Hyundai, Kona,Manual,Petrol,2019,14098.0,145.0,44.1,1.0,82.0,2,14750
Mercedes, C Class,Semi-Auto,Petrol,2019,12437.0,145.0,46.3,1.5,78.0,,24899
BMW, 3 Series,Semi-Auto,Diesel,2019,5600.0,145.0,52.3,2.0,33.0,4,27990
Mercedes, E Class,Semi-Auto,Diesel,2015,59101.0,160.0,51.4,2.1,60.0,0,14980
Opel, Astra,Manual,Petrol,2019,17359.0,145.0,52.3,1.4,94.0,3,10995
Opel, Mokka X,Manual,Petrol,2017,17006.0,145.0,47.1,1.4,58.0,3,10830
Audi, A8,Automatic,Diesel,2019,5000.0,145.0,40.4,3.0,,3,47990
Audi, A5,Semi-Auto,Diesel,2020,1959.0,145.0,51.4,2.0,58.0,4,30299
Ford, Fiesta,Manual,Petrol,,10307.0,0.0,65.7,1.0,77.0,2,11211
Audi, A6,Automatic,Diesel,2019,1200.0,145.0,50.4,2.0,34.0,1,29990
Ford, Fiesta,Manual,Diesel,2012,64068.0,125.0,51.4,1.4,35.0,1,5500
Mercedes, S Class,Semi-Auto,Petrol,2019,119.0,326.028233171514,40.9,3.0,40.0,3,64999
Opel, Astra,Manual,Petrol,2019,15645.0,150.0,48.7,1.0,76.0,1,11991
VW, Golf,Manual,Petrol,2018,10050.0,145.0,45.6,1.5,53.0,3,17896
Opel, Mokka X,,Petrol,2018,16398.0,145.0,47.1,1.4,51.0,2,12298
BMW, 1 Series,Manual,Diesel,2016,37025.0,0.0,83.1,,33.0,2,10799
VW, Polo,,Petrol,2013,42378.0,125.0,53.3,1.2,37.0,0,8500
BMW, 3 Series,Semi-Auto,Diesel,2017,40841.0,150.0,64.2,2.0,80.0,2,18698
VW, Polo,Semi-Auto,Petrol,2016,13588.0,20.0,60.1,1.2,67.0,1,11900
BMW, X5,Automatic,Diesel,2019,10.0,145.0,37.7,3.0,45.0,1,52990
Audi, A3,Manual,Diesel,2015,39362.0,20.0,68.9,2.0,94.0,3,12391
Toyota, Aygo,,Petrol,2012,38000.0,0.0,,1.0,44.0,2,4395
VW, Up,Manual,Petrol,2018,10000.0,150.0,54.3,1.0,87.0,3,8495
Opel, Corsa,Manual,,2019,7736.0,145.0,43.5,1.4,60.0,0,9471
Audi, A3,Automatic,Petrol,2018,27928.0,145.0,56.5,1.5,65.0,4,21490
Toyota, C-HR,Automatic,Hybrid,2018,13741.0,,74.3,1.8,71.0,2,20795
Mercedes, C Class,Semi-Auto,Diesel,2016,36688.0,30.0,64.2,1.6,41.0,1,18490
VW, Tiguan,Manual,Petrol,2018,22000.0,150.0,46.3,1.4,92.0,4,18490
Mercedes, C Class,Automatic,Petrol,2019,7546.0,145.0,44.1,2.0,65.0,1,31650
Audi, A6,Automatic,Diesel,2018,15441.0,150.0,50.4,2.0,49.0,3,28000
VW, Polo,Manual,,2017,34000.0,145.0,60.1,1.0,59.0,4,9999
BMW, 1 Series,Automatic,Petrol,2019,7381.0,145.0,34.5,2.0,35.0,3,30700
Audi, Q3,Automatic,Petrol,,5342.0,,32.1,2.0,94.0,2,37400
VW, Amarok,Automatic,Diesel,2019,7504.0,260.0,28.3,3.0,89.0,0,35000
BMW, X1,Semi-Auto,Petrol,2020,9.0,150.0,47.9,2.0,37.0,2,29000
Ford, Fiesta,Manual,Petrol,2018,11981.0,,65.7,1.0,87.0,4,11995
Toyota, Yaris,Manual,Petrol,2019,5153.0,145.0,,1.5,69.0,0,13400
Audi, A1,Manual,Petrol,2017,7620.0,150.0,56.5,1.4,34.0,1,14440
Hyundai, I10,Manual,Petrol,2017,14258.0,150.0,60.1,1.0,99.0,3,6995
VW, Passat,Manual,Diesel,2015,59591.0,20.0,,2.0,35.0,0,8070
VW, Golf,Semi-Auto,Petrol,2020,10.0,150.0,32.8,2.0,77.0,2,31498
BMW, 6 Series,Automatic,Diesel,2013,62068.0,160.0,49.6,3.0,59.0,0,16199
Skoda, Fabi,Manual,Petrol,2016,32051.0,20.0,60.1,1.2,88.0,0,7288
VW, Touran,Manual,,2019,11145.0,145.0,51.4,1.6,52.0,3,20155
Ford, Focus,Manual,Petrol,2018,18954.0,145.0,,1.0,82.0,2,10750
Audi, A5,,Petrol,2019,1000.0,145.0,,2.0,55.0,4,29500
Toyota, Aygo,Manual,Petrol,2017,26779.0,145.0,68.9,1.0,48.0,0,7750
Ford, Fiesta,Manual,Petrol,2019,5166.0,145.0,58.9,1.0,49.0,0,13120
VW, Golf,Manual,Diesel,2018,19785.0,145.0,60.1,2.0,92.0,4,19500
Mercedes, E Class,Semi-Auto,Diesel,2020,1499.0,145.0,70.6,2.0,96.0,1,35990
VW, polo,Manual,Petrol,2015,28552.0,20.0,60.1,1.2,56.0,3,8699
Ford, Fiesta,Manual,Petrol,2015,30125.0,0.0,65.7,1.0,88.0,1,7899
Opel, Corsa,Manual,,2017,25056.0,30.0,55.4,1.4,70.0,0,6991
VW,Passat,Manual,Diesel,2016,47839.0,20.0,68.9,2.0,1.7694736373257314,0,11300
Toyota, Aygo,Manual,Petrol,2016,18376.0,0.0,69.0,1.0,44.0,0,6950
Mercedes,A Class,Semi-Auto,Petrol,2019,7800.0,145.0,53.3,1.3,73.0,4,25000
Ford, Fiesta,Manual,Petrol,2018,38151.0,145.0,65.7,1.0,49.0,0,8930
Opel, Astra,Manual,,2018,12800.0,145.0,83.1,1.6,84.0,0,12495
VW, Touareg,Semi-Auto,Diesel,2019,10.0,145.0,,3.0,36.0,,41998
Ford, Galaxy,Manual,Diesel,2010,113000.0,200.0,49.6,2.0,62.0,4,5995
Ford, Fiesta,Manual,,2017,26262.0,0.0,65.7,1.0,82.0,2,8990
Hyundai, I10,Manual,Petrol,2018,8239.0,,,1.0,81.0,2,7990
Audi, A3,Semi-Auto,Petrol,2017,13755.0,145.0,57.6,1.4,58.0,1,16490
Mercedes, GLC Class,Automatic,Diesel,2016,27000.0,125.0,56.5,2.1,87.0,2,20950
Audi, Q2,Manual,Petrol,2019,6000.0,145.0,43.5,3.7392354812099646,80.0,1,27120
BMW, 3 Series,Automatic,Hybrid,2016,25431.0,0.0,134.5,2.0,52.0,3,18299
Opel, Insignia,Manual,Diesel,2015,102000.0,0.0,74.3,1.6,94.0,4,5792
Toyota, RAV4,Automatic,Hybrid,2019,9000.0,140.0,49.6,2.5,88.0,4,32995
VW, T-Cross,Automatic,Diesel,2019,3800.0,145.0,51.4,1.6,86.0,4,17997
Mercedes, C Class,Semi-Auto,Diesel,2014,35700.0,30.0,64.2,2.1,92.0,3,16499
Ford, Fiesta,Manual,Petrol,2018,7452.0,145.0,65.7,1.0,49.0,4,11000
Opel, Insignia,Automatic,Diesel,2018,41766.0,145.0,49.6,2.0,87.0,1,14499
Mercedes, A Class,Semi-Auto,Diesel,2019,13476.0,145.0,65.7,1.5,65.0,1,18999
Ford, Focus,Manual,Petrol,2015,38722.0,20.0,61.4,1.0,67.0,2,8629
Mercedes, GLA Class,Semi-Auto,Diesel,2019,14342.0,145.0,67.3,2.1,84.0,1,22699
Audi, Q3,Manual,Diesel,2020,1501.0,145.0,42.8,2.0,90.0,4,29750
Ford, Focus,Manual,Diesel,2016,35286.0,0.0,74.3,1.5,39.0,1,9995
VW, Polo,Manual,Petrol,2017,36647.0,145.0,60.1,1.2,98.0,1,9495
Toyota, Avensis,Manual,Petrol,2017,11855.0,145.0,47.1,1.8,37.0,1,13998
Ford, Edge,Manual,Diesel,2017,19027.0,145.0,48.7,2.0,79.0,1,19600
Toyota, RAV,Manual,Diesel,2017,20125.0,125.0,60.1,2.0,70.0,1,14995
BMW, 1 Series,Manual,Petrol,2019,100.0,145.0,44.1,1.5,63.0,2,22480
Toyota, Auris,Automatic,Hybrid,2015,47988.0,0.0,72.4,1.8,72.0,2,12000
Toyota, Aygo,Manual,Petrol,2018,28809.0,150.0,69.0,1.0,73.0,4,6798
BMW, 4 series,Manual,Diesel,2014,81978.0,125.0,60.1,2.0,80.0,1,10991
VW, Golf,Manual,Diesel,2016,39039.0,,67.3,2.0,,0,15990
Opel, Corsa,Manual,Petrol,2019,3565.0,145.0,43.5,1.4,87.0,2,11495
Audi, Q5,Automatic,Diesel,2019,1547.0,145.0,,2.0,86.0,4,32500
Skoda, Roomster,Automatic,Petrol,2007,99700.0,,,1.6,73.0,2,2995
Hyundai, I40,Manual,Diesel,2017,17393.0,145.0,65.7,1.7,73.0,3,11485
BMW, 2 Series,Semi-Auto,Diesel,2017,19760.0,150.0,68.9,2.0,30.0,2,14999
VW, Tiguan,Manual,Diesel,2019,11112.0,145.0,47.9,2.0,78.0,1,23995
Toyota, RAV4,Automatic,Hybrid,2017,44687.0,140.0,57.6,2.5,56.0,1,17900
BMW, 5 Series,Semi-Auto,Petrol,2019,9630.0,145.0,,2.0,46.0,2,25980
Audi, A5,Semi-Auto,Diesel,2016,53893.0,160.0,50.4,2.0,74.0,4,18575
Mercedes, C Class,Automatic,Diesel,2017,37000.0,30.0,64.2,,82.0,4,17990
Mercedes, E Class,Automatic,Diesel,2017,18902.0,145.0,65.7,2.0,98.0,4,22482
Opel,Corsa,Manual,Diesel,2014,71000.0,0.0,85.6,0.7395338990348711,73.0,0,3500
Toyota, Aygo,Manual,Petrol,2019,250.0,150.0,57.7,1.0,84.0,4,9500
Mercedes, E Class,Automatic,Diesel,2010,70150.0,235.0,44.1,2.1,58.0,1,7995
Audi, Q7,Semi-Auto,Diesel,2019,2249.0,145.0,33.6,3.0,85.0,0,42888
Mercedes, GLE Clas,Semi-Auto,Diesel,2017,8581.0,145.0,42.8,3.0,93.0,1,31990
, Q3,Manual,Petrol,2017,36102.0,145.0,49.6,1.4,84.0,3,16500
VW, T-Roc,Semi-Auto,Petrol,2019,3250.0,,32.5,,44.0,1,31500
Toyota, Land Cruiser,Semi-Auto,Diesel,2019,22845.0,150.0,30.1,2.8,76.0,3,42990
Skoda, Citigo,Manual,Petrol,2013,13838.0,,62.8,1.0,82.0,2,4947
Skoda,Octavia,Automatic,Diesel,2017,36751.0,,57.7,2.0,86.0,3,16800
Opel, Astra,Manual,Diesel,2017,72536.0,0.0,83.1,1.6,,4,7390
Skoda, Fabia,Semi-Auto,Petrol,2017,10381.0,20.0,60.1,1.2,67.0,4,11250
Ford, Fiesta,Manual,Petrol,2019,5001.0,145.0,,1.0,50.0,2,15370
VW, Golf,Manual,Diesel,2019,1500.0,145.0,57.7,1.6,59.0,3,16750
BMW, Z3,Manual,Petrol,2001,60000.0,325.0,30.7,2.2,96.0,0,5950
VW, Touareg,Semi-Auto,Diesel,2019,1638.0,150.0,34.5,3.0,52.0,1,41990
VW, Scirocco,Manual,Petrol,2016,16000.0,145.0,47.1,2.0,73.0,4,12990
Ford, Fiesta,Manual,Petrol,2012,53210.0,125.0,50.4,1.2,78.0,0,5495
VW, Touareg,Automatic,Diesel,2016,44000.0,,42.8,3.0,36.0,2,21950
VW, Tiguan,Manual,Diesel,2016,29866.0,125.0,58.9,2.0,90.0,0,20991
BMW, 3 Series,Semi-Auto,Diesel,2020,102.0,,50.4,2.0,58.0,3,42430
Opel, Corsa,Manual,Diesel,2015,82011.0,0.0,,1.3,30.0,2,5745
Opel, Mokka X,Manual,Petrol,2019,5044.0,150.0,39.2,1.4,58.0,3,13498
Ford, Fiesta,Manual,Petrol,2020,79.0,145.0,56.5,1.0,80.0,0,14999
Opel, Astra,Semi-Auto,Petrol,2017,42000.0,145.0,51.4,1.4,83.0,2,11295
BMW, 3 Series,Semi-Auto,Diesel,2015,28321.0,145.0,53.3,3.0,47.0,4,16698
Ford, Focus,Manual,Diesel,,35000.0,0.0,74.3,1.5,37.0,1,8490
Opel, Mokka X,Manual,Petrol,2017,32037.0,200.0,42.2,1.6,66.0,4,10298
Mercedes, C Class,Manual,Petrol,2013,74000.0,160.0,44.1,1.6,50.0,2,8990
Skoda, Superb,Automatic,Petrol,2020,4433.0,145.0,,2.0,,3,26990
BMW, 1 Series,Manual,Diesel,2017,37842.0,,,2.0,84.0,4,12000
BMW, 5 series,Automatic,Hybrid,2017,5336.0,135.0,156.9,2.0,46.0,4,24999
Opel, Insignia,,Petrol,2014,52040.0,125.0,54.3,1.4,43.0,4,7495
VW, Golf,Automatic,Petrol,2019,1201.0,,32.8,2.0,81.0,4,28999
Opel, Astra,Manual,Petrol,2019,3191.0,145.0,45.6,1.4,63.0,3,14926
Mercedes, C Class,Semi-Auto,Diesel,2015,18025.0,20.0,64.2,2.1,,1,16260
Ford, Focus,Manual,Diesel,2016,38113.0,0.0,74.3,1.5,48.0,3,10295
Mercedes, C Class,Semi-Auto,Diesel,2019,5428.0,145.0,56.5,2.0,96.0,0,29980
VW, GOLF,Semi-Auto,Petrol,2019,9773.0,145.0,,1.0,49.0,4,17750
VW, Polo,Manual,Petrol,2018,14641.0,145.0,60.1,1.2,35.0,4,10995
Ford, Edge,,Diesel,2018,13712.0,145.0,47.9,2.0,50.0,3,23740
Ford, Fiesta,Manual,Petrol,2017,19638.0,20.0,62.8,1.0,45.0,3,10000
Audi, A4,Semi-Auto,Diesel,2016,53339.0,30.0,61.4,2.0,47.0,0,17862
Toyota, Aygo,Manual,Petrol,2017,20741.0,0.0,69.0,1.0,91.0,0,6191
VW, Tiguan,Semi-Auto,Petrol,2019,6458.0,145.0,30.4,2.0,52.0,2,29442
Mercedes, CL Class,Automatic,Petrol,2018,19193.0,145.0,53.3,1.6,61.0,0,19695
Opel, Adam,Manual,Petrol,2017,9689.0,125.0,53.3,1.2,86.0,1,7380
Opel, Mokka X,Manual,Petrol,2017,54000.0,145.0,47.1,1.4,30.0,0,9450
Mercedes, C Class,Semi-Auto,Petrol,2019,13137.0,145.0,44.1,1.5,52.0,0,20980
VW, Tiguan,,Diesel,2019,4500.0,145.0,45.6,2.0,47.0,4,28990
Opel, Corsa,Manual,Petrol,2019,4704.0,150.0,43.5,1.4,94.0,4,10498
Skoda, Kodiaq,Automatic,Diesel,2019,20.0,145.0,46.3,2.0,35.0,3,24999
Ford, Focus,Manual,Petrol,2016,36342.0,20.0,60.1,1.0,54.0,2,9590
Hyundai, I10,Manual,,2015,19645.0,30.0,57.6,1.2,56.0,3,6190
Mercedes, C Class,Automatic,Diesel,2016,23953.0,30.0,64.2,2.1,87.0,4,18499
BMW, X4,Semi-Auto,Diesel,2019,9168.0,150.0,40.9,3.0,90.0,2,37990
BMW, X4,Manual,Diesel,2015,39824.0,,52.3,2.0,82.0,,19500
Toyota, Yaris,Manual,,2019,5395.0,,47.9,1.5,68.0,0,11992
VW, Touran,Semi-Auto,Petrol,2017,20685.0,125.0,51.4,1.4,,3,19841
Skoda,Yeti Outdoor,Manual,Petrol,2017,28244.0,,51.4,1.2,30.0,3,14490
Opel, Insignia,Manual,Petrol,2018,31637.0,145.0,47.1,1.5,65.0,3,12998
Audi, A1,Manual,Diesel,2017,17713.0,150.0,76.3,1.6,64.0,2,13690
Audi, A8,Semi-Auto,Diesel,,100.0,145.0,40.4,3.0,76.0,1,49000
Opel, Crossland X,Manual,Diesel,2019,3000.0,145.0,60.1,1.5,37.0,3,14995
Opel, Corsa,Manual,Petrol,2017,32659.0,30.0,,1.4,32.0,0,7700
VW, Golf,Semi-Auto,Diesel,2016,25000.0,30.0,62.8,2.0,40.0,1,17490
Mercedes, C Class,Semi-Auto,Petrol,2019,5910.0,145.0,46.3,1.5,3.2074178424107345,4,25999
Opel, Astra,Manual,Petrol,2016,15137.0,125.0,51.4,1.4,80.0,2,8760
VW, Polo,Manual,Petrol,2015,38502.0,20.0,,1.2,33.0,1,8498
BMW, 3 Series,Semi-Auto,Diesel,2018,33188.0,150.0,53.3,3.0,74.0,3,22895
VW, Tiguan,Manual,Petrol,2019,3950.0,150.0,38.2,1.5,34.0,4,22498
Opel, Zafira,Manual,Petrol,2016,26873.0,200.0,42.2,1.4,,1,8991
VW, Polo,Manual,Petrol,2016,30996.0,20.0,58.9,1.0,44.0,2,9289
BMW, 2 Series,Automatic,Diesel,2019,8719.0,145.0,52.3,2.0,56.0,0,20480
BMW, 1 Series,Manual,Diesel,2010,60000.0,125.0,60.1,2.0,59.0,4,6275
Mercedes, SLK,Other,Diesel,2015,39000.0,,56.5,2.1,81.0,4,12995
BMW, 4 Series,Semi-Auto,Petrol,2017,15333.0,160.0,45.6,2.0,58.0,1,19997
Hyundai, Tucson,Manual,Petrol,2018,9424.0,150.0,34.9,1.6,89.0,2,18000
Mercedes, A Class,,Petrol,2020,1499.0,,,1.3,85.0,4,27990
VW, passat,Automatic,Hybrid,2019,9900.0,135.0,41.5,1.4,35.0,4,31000
Ford, Fiesta,Manual,Petrol,2015,52080.0,0.0,65.7,1.0,47.0,3,6990
Skoda, Superb,Manual,Diesel,2017,17250.0,150.0,64.2,2.0,74.0,3,17990
Ford, Fiesta,Manual,Diesel,2014,27224.0,0.0,76.4,1.5,75.0,1,6940
Ford, Fiesta,Automatic,Petrol,2011,29475.0,200.0,42.8,1.4,69.0,1,5799
Ford,Mondeo,Automatic,Diesel,2016,29608.0,125.0,57.7,2.0,95.0,3,12400
Skoda, Karoq,Automatic,Diesel,2019,4086.0,145.0,,1.6,60.0,4,21995
Ford, Focus,,Petrol,2017,17327.0,145.0,41.5,2.0,65.0,0,18520
BMW, X,Automatic,Diesel,2019,15.0,145.0,37.7,3.0,62.0,2,54991
Mercedes, C Class,Semi-Auto,Hybrid,2016,33085.0,0.0,134.5,2.0,91.0,3,18232
Skoda, Citigo,,Petrol,2016,27514.0,20.0,62.8,1.0,88.0,0,5990
, Passat,Manual,Diesel,2015,132000.0,20.0,67.3,2.0,73.0,1,7393
Mercedes, A Class,Semi-Auto,Petrol,2017,20675.0,30.0,55.4,1.6,44.0,0,14495
Toyota, Yaris,Automatic,Hybrid,2015,24654.0,0.0,78.0,1.5,70.0,2,12721
Ford, Focus,Manual,Petrol,2019,14132.0,145.0,58.9,1.0,89.0,0,15400
BMW, 5 Series,Automatic,Diesel,2019,10654.0,145.0,60.1,2.0,54.0,4,30000
Ford, Fusion,Automatic,Petrol,2009,44000.0,260.0,37.7,1.6,57.0,2,2890
Audi, Q3,Manual,Petrol,2017,41767.0,145.0,51.4,1.4,71.0,2,15749
Opel, Astr,Manual,Diesel,2019,200.0,145.0,72.4,1.6,34.0,3,15495
Ford, C-MAX,Manual,Diesel,2017,20646.0,150.0,27.70948954406702,,68.0,0,11998
Ford, Focus,Automatic,Diesel,2018,15350.0,145.0,67.3,1.5,82.0,2,14990
, Tucson,Manual,Petrol,2018,11290.0,145.0,44.8,1.6,65.0,4,14751
Ford, Fiesta,Manual,Petrol,2018,11377.0,145.0,64.2,1.1,64.0,2,10000
Skoda, Yeti Outdoor,Semi-Auto,Petrol,2017,32443.0,145.0,,1.2,78.0,1,14750
Ford, Focus,Automatic,Diesel,2020,3767.0,145.0,74.3,1.5,78.0,2,20991
Mercedes, CLS Class,Semi-Auto,Diesel,2016,14466.0,160.0,,3.0,99.0,4,22498
Toyota, Avensis,Manual,Petrol,2012,23509.0,200.0,110.34497686910323,1.8,76.0,4,8134
Audi, A1,Manual,Diesel,2015,31000.0,0.0,80.7,1.6,36.0,3,7990
VW, Passat,Manual,Diesel,2016,48664.0,20.0,70.6,1.6,95.0,1,12899
Mercedes, M Class,Semi-Auto,Diesel,2015,38644.0,200.0,39.2,2.1,84.0,2,21698
Toyota,,Manual,Petrol,2017,17634.0,145.0,69.0,1.0,55.0,3,7000
Hyundai, I10,Manual,Petrol,2019,10.0,145.0,49.6,1.0,53.0,1,9491
Opel, Mokka X,Manual,Diesel,2017,36951.0,145.0,68.9,1.6,51.0,0,9999
Audi, A5,Semi-Auto,Diesel,2017,19608.0,145.0,62.8,2.0,92.0,4,21498
Ford, EcoSport,Manual,Petrol,2019,9.0,145.0,,1.0,74.0,2,19194
Ford, Focus,Manual,Diesel,2014,41494.0,20.0,67.3,1.6,41.0,1,7100
VW, Passa,Semi-Auto,Diesel,2016,48502.0,30.0,62.8,2.0,71.0,4,11590
Ford, Fiesta,Manual,Petrol,2017,30178.0,145.0,64.2,1.1,95.0,0,8490
VW,,Manual,Diesel,2019,5000.0,145.0,47.9,2.0,51.0,3,25950
Opel, Corsa,Manual,,2020,10.0,150.0,70.6,1.5,95.0,0,17998
Hyundai, I10,Semi-Auto,Petrol,2018,8500.0,150.0,,1.2,87.0,4,10495
Ford, Tourneo Custom,Manual,Diesel,,26514.0,200.0,44.8,2.0,89.0,0,20000
Toyota, Aygo,Manual,Petrol,,2743.0,145.0,56.5,1.0,51.0,0,9795
BMW, 2 Series,Semi-Auto,Petrol,2018,27542.0,145.0,39.8,3.0,81.0,0,22998
Audi, Q7,Automatic,Diesel,2016,53801.0,200.0,47.9,3.0,65.0,2,25930
Ford, Focus,Manual,Petrol,2019,1864.0,145.0,60.1,1.0,94.0,3,17700
Ford, Fiesta,,Petrol,2017,11200.0,0.0,,1.0,33.0,0,9995
VW, Golf,Manual,Petrol,2017,18778.0,,65.7,1.0,95.0,2,13299
BMW, 2 Series,Semi-Auto,Diesel,2019,1223.0,145.0,49.6,2.0,32.0,2,23780
VW, Polo,Manual,Petrol,2019,9790.0,150.0,48.7,1.0,38.0,0,12998
Hyundai, I20,Manual,Petrol,2016,32182.0,30.0,92.11045520662186,1.2,83.0,4,7250
VW, Golf,Semi-Auto,Petrol,2018,35059.0,145.0,39.8,2.0,30.0,3,24000
Skoda, Citigo,Manual,Petrol,2017,2987.0,145.0,,1.0,47.0,4,7000
Ford, Fiesta,Manual,Petrol,2014,26097.0,150.0,47.9,1.6,53.0,4,9700
Opel, Meriva,Automatic,Petrol,2016,23777.0,235.0,39.8,1.4,73.0,1,8998
Ford, Edge,Manual,Diesel,2017,9975.0,145.0,48.7,2.0,3.2257436177114727,0,21333
VW, Polo,Manual,Petrol,2017,11768.0,150.0,60.1,1.0,92.0,0,9991
BMW, 3 Series,Semi-Auto,Diesel,2019,6250.0,145.0,43.5,3.0,75.0,2,40980
BMW, 3 Series,,Diesel,2017,34298.0,30.0,64.2,2.0,82.0,4,15500
BMW, 2 Series,Manual,Diesel,2016,68848.0,0.0,74.3,1.5,49.0,1,9499
VW, T-Roc,Manual,Diesel,2019,3000.0,145.0,50.4,1.6,64.0,0,20995
VW, Up,Manual,Petrol,2017,38779.0,20.0,64.2,1.0,41.0,0,7895
Opel, Astra,Manual,Diesel,2019,5468.0,145.0,58.9,1.6,71.0,4,14694
Ford, Fiesta,Manual,Diesel,2017,22711.0,145.0,88.3,1.5,32.0,4,9899
Ford, Focus,Manual,Petrol,2019,6746.0,,34.5,2.3,94.0,0,24999
Ford, Focus,Manual,Petrol,2018,13374.0,145.0,41.5,2.0,46.0,2,20000
Ford, Fiesta,Manual,Petrol,2017,29491.0,150.0,65.7,1.0,95.0,1,8291
Toyota, Yaris,Automatic,Hybrid,2017,7469.0,,76.3,1.5,43.0,2,13498
Opel, Mokka X,Manual,Petrol,2017,16967.0,200.0,42.2,1.6,,3,10291
Skoda, Yeti Outdoor,Manual,Petrol,2017,25981.0,145.0,51.4,1.2,47.0,1,12495
VW, Passat,Manual,Petrol,2019,28249.0,145.0,45.6,1.5,30.0,4,14495
VW, Polo,Manual,Petrol,2017,18686.0,,60.1,1.2,54.0,4,10692
BMW, 1 Series,Semi-Auto,Diesel,2015,45000.0,20.0,72.4,1.5,71.0,0,10991
Toyota, Aygo,Manual,Petrol,2017,3028.0,145.0,68.9,1.0,96.0,4,8995
Opel, Astra,Manual,Petrol,2018,23988.0,145.0,51.4,1.4,54.0,4,10998
Skoda, Octavia,Automatic,Diesel,2016,41092.0,125.0,57.7,2.0,73.0,4,14800
Toyota, Yaris,Manual,Petrol,2019,4228.0,140.0,47.9,1.5,55.0,0,11491
VW, Caravelle,Semi-Auto,Diesel,2019,8751.0,150.0,32.8,2.0,71.0,,44494
VW, T-Roc,Automatic,Diesel,2019,2632.0,145.0,49.6,2.0,44.0,0,26000
BMW, 1 Series,Automatic,Diesel,2019,123.0,145.0,51.4,2.0,36.0,3,28000
BMW, X4,Semi-Auto,Diesel,2019,,145.0,40.9,,94.0,4,39450
Opel, Zafira,Automatic,Petrol,2016,11862.0,,40.9,1.4,34.0,,12498
Opel, Corsa,Manual,Petrol,2019,3575.0,145.0,43.5,1.4,76.0,4,9388
Skoda, Superb,Manual,Diesel,2013,46000.0,30.0,61.4,2.0,82.0,3,8699
Ford, focus,Manual,Diesel,2017,38590.0,145.0,74.3,1.5,80.0,0,11599
Ford,Fiesta,Manual,Petrol,2013,46028.0,30.0,54.3,1.2,61.0,4,5995
Opel, Astra,Semi-Auto,Petrol,2017,,150.0,51.4,1.4,32.0,2,10999
Toyota, Yaris,Automatic,Hybrid,2015,36000.0,0.0,86.0,1.5,47.0,2,9995
Skoda, Scala,Manual,Petrol,2019,4266.0,145.0,49.6,1.0,99.0,,14992
BMW, X5,Automatic,Diesel,2018,31016.0,145.0,47.1,3.0,59.0,1,30999
Toyota, C-HR,,Hybrid,2016,20262.0,0.0,,1.8,57.0,2,20495
BMW, X3,Automatic,Diesel,2019,2500.0,145.0,54.3,2.0,94.0,3,36950
Mercedes, GLC Class,Semi-Auto,Diesel,2017,33153.0,145.0,56.5,2.1,40.0,1,26995
Ford, Focus,Automatic,Diesel,2018,5675.0,145.0,67.3,1.5,45.0,4,16000
BMW, 1 Series,Manual,Diesel,2015,61296.0,30.0,65.7,2.0,55.0,0,10200
Ford, Kuga,Manual,Diesel,2017,28073.0,145.0,60.1,2.0,87.0,4,17000
Ford, Fiesta,Manual,Petrol,2018,24122.0,,64.2,1.1,93.0,4,9391
BMW, 4 Series,Semi-Auto,Diesel,2019,6903.0,145.0,49.6,3.0,64.0,2,30804
Hyundai,IONIQ,Automatic,Hybrid,2018,19348.0,,78.5,1.6,3.25476012547432,4,17298
Audi, A4,Semi-Auto,,2019,3000.0,145.0,38.7,,57.0,0,27495
BMW, 5 Series,Semi-Auto,Petrol,2019,2135.0,145.0,48.7,2.0,91.0,0,30875
BMW, 1 Series,Manual,Diesel,2019,6675.0,145.0,70.6,1.5,46.0,4,18950
BMW, 1 Series,Manual,Petrol,2019,7218.0,150.0,52.3,1.5,31.0,4,17800
BMW, 5 Series,Semi-Auto,Diesel,2017,49329.0,145.0,60.1,3.0,66.0,1,24480
Audi, TT,Semi-Auto,Petrol,2019,3339.0,145.0,34.5,2.0,54.0,1,36750
Audi, A4,Semi-Auto,Diesel,2019,9000.0,150.0,,2.0,80.0,0,29990
Toyota, Aygo,Manual,Petrol,2016,64500.0,0.0,69.0,1.0,72.0,3,5495
VW, Polo,Manual,Petrol,2015,49675.0,20.0,60.1,1.0,1.7694736373257314,0,7440
Hyundai, IX35,Automatic,Diesel,2013,37000.0,300.0,39.2,2.0,71.0,4,9995
Mercedes, C Class,Automatic,Diesel,2017,38082.0,150.0,61.4,2.1,94.0,2,18500
Opel, Grandland X,Manual,Petrol,2019,7330.0,145.0,44.1,1.2,66.0,1,16130
Toyota, Aygo,Manual,Petrol,2018,10125.0,150.0,68.9,0.1628659545028228,30.0,,8490
Mercedes, CLS Class,Semi-Auto,Diesel,2019,11886.0,145.0,48.7,2.9,53.0,0,51540
Ford, Fiesta,Manual,Petrol,2019,5752.0,,58.9,1.0,93.0,3,15910
BMW, 1 Series,Semi-Auto,Diesel,2016,42001.0,20.0,68.9,1.5,89.0,2,13498
Audi, TT,Manual,Diesel,2016,51400.0,30.0,62.8,2.0,56.0,4,15465
Opel,Insignia,Manual,Diesel,2017,14821.0,145.0,60.1,2.0,68.0,1,14499
Audi, A3,Manual,Petrol,2016,35694.0,20.0,60.1,1.0,41.0,3,12990
Toyota, Yaris,Manual,Petrol,2017,32498.0,,58.9,1.5,97.0,2,8975
Audi, A5,Automatic,Diesel,2017,,150.0,62.8,2.0,45.0,2,21490
Audi, TT,Manual,Diesel,,33833.0,30.0,62.8,2.0,50.0,1,15400
Ford, Fiesta,Manual,Petrol,2018,17050.0,145.0,65.7,1.0,50.0,4,11490
VW, T-Roc,Semi-Auto,Petrol,2020,3000.0,145.0,39.8,1.5,87.0,3,27499
BMW,,Semi-Auto,Diesel,2019,11234.0,145.0,68.9,2.0,64.0,0,18498
Ford, Focu,Manual,Diesel,2015,29901.0,0.0,74.3,1.5,46.0,4,9498
VW, Touareg,Semi-Auto,Diesel,2015,50312.0,240.0,42.8,3.0,64.0,0,20995
Audi, A6,Semi-Auto,Diesel,2019,6314.0,150.0,50.4,2.0,99.0,4,27900
Skoda, fabia,Manual,Petrol,2019,13510.0,150.0,61.4,1.0,68.0,0,10995
Toyota, Yaris,Automatic,Petrol,2017,12537.0,150.0,60.1,1.5,45.0,1,12000
Mercedes, CLK,Automatic,Diesel,2003,105000.0,230.0,39.2,2.7,98.0,1,3376
BMW, 3 Series,Automatic,Diesel,2016,45000.0,30.0,64.2,2.0,68.0,2,13990
Ford, Fiesta,Manual,Petrol,2017,16300.0,,65.7,1.0,73.0,2,10999
Ford, Kuga,Manual,Diesel,2014,52681.0,145.0,53.3,2.0,81.0,2,9298
BMW, 4 Series,Automatic,Diesel,2015,92236.0,150.0,,3.0,96.0,3,13500
Toyota, Auris,Manual,Petrol,2015,50119.0,30.0,58.9,1.2,59.0,0,8199
Ford, Focus,Semi-Auto,Petrol,2017,12582.0,125.0,51.4,1.0,83.0,3,11817
Opel, Corsa,,Petrol,2016,27000.0,30.0,54.3,1.4,85.0,1,7700
Opel, Mokka X,Manual,Petrol,2016,48652.0,200.0,42.2,1.6,87.0,3,9995
Toyota, Auris,Automatic,Hybrid,2016,16092.0,0.0,72.4,1.8,65.0,1,14990
Opel, Crossland X,Manual,Petrol,2019,13740.0,145.0,44.8,1.2,54.0,0,12036
Ford, C-MAX,Manual,Diesel,2017,30803.0,20.0,68.9,1.5,64.0,3,9290
Opel, Astra,Automatic,Petrol,2013,23615.0,235.0,39.2,1.6,33.0,1,6400
Ford, Kuga,Manual,Diesel,2017,22811.0,125.0,60.1,2.0,50.0,2,14695
Mercedes, C Class,Automatic,Diesel,2019,4167.0,145.0,61.4,2.0,87.0,2,35891
Skoda, Superb,Manual,Diesel,2019,41800.0,145.0,65.7,2.0,47.0,2,13980
Mercedes, SL CLASS,Automatic,Petrol,2019,1623.0,145.0,47.1,2.0,,0,34120
Ford, Fiesta,Manual,Petrol,2017,18077.0,145.0,62.8,1.0,77.0,0,10499
Ford, EcoSport,Manual,Petrol,2017,9335.0,145.0,52.3,1.0,94.0,,10450
VW, Golf,Manual,Petrol,2020,899.0,145.0,47.1,1.5,31.0,1,20995
Audi, A3,Semi-Auto,Diesel,2016,27306.0,125.0,61.4,2.0,88.0,1,15945
Skoda, Karoq,,Petrol,2018,9298.0,145.0,50.4,1.5,92.0,3,18990
BMW, X3,Automatic,Diesel,2017,17504.0,145.0,54.3,2.0,96.0,4,19450
Opel, Astra,Manual,Petrol,2015,48494.0,,43.5,1.6,78.0,0,6899
Ford, Mondeo,Manual,Diesel,2018,31199.0,145.0,47.1,2.0,89.0,4,12499
Opel, Astra,Manual,Diesel,2013,66339.0,125.0,60.1,2.0,90.0,4,6400
Opel, Insignia,Manual,Diesel,2016,65973.0,0.0,74.3,1.6,74.0,4,6498
Audi, A7,Semi-Auto,Diesel,2019,76.0,145.0,47.1,2.0,82.0,0,35998
Audi, a5,Semi-Auto,Petrol,2019,1637.0,145.0,34.9,2.0,53.0,4,34990
Opel, Corsa,Manual,Petrol,2019,9260.0,145.0,43.5,1.4,61.0,2,9471
Mercedes, C Class,Semi-Auto,Diesel,2019,4664.0,145.0,61.4,2.0,92.0,0,27599
Mercedes, C Class,Semi-Auto,Diesel,2018,22773.0,145.0,61.4,2.1,68.0,2,20885
, RS3,Semi-Auto,Petrol,2015,,300.0,34.9,2.5,53.0,3,29250
Hyundai, Santa Fe,Semi-Auto,Diesel,2019,2715.0,145.0,42.8,2.2,92.0,3,29995
Audi, A3,Manual,Diesel,2019,1809.0,,,1.6,99.0,4,18400
Ford, Focus,Manual,Diesel,2016,28000.0,0.0,74.3,1.5,96.0,3,7990
Mercedes, A Class,Manual,Petrol,2018,21112.0,150.0,,1.6,39.0,0,16000
, Golf,Semi-Auto,Petrol,2019,4086.0,145.0,32.8,2.0,57.0,1,28799
Toyota, Aygo,Manual,Petrol,2018,7500.0,145.0,56.5,1.0,36.0,1,7991
VW, Tiguan,Manual,Petrol,2017,17682.0,145.0,48.7,,93.0,4,17990
Ford, Fiesta,Manual,Petrol,2017,23048.0,125.0,54.3,1.2,43.0,4,8999
Ford, Focus,Manual,Diesel,2017,33324.0,145.0,74.3,1.5,78.0,0,10498
VW, Passat,Semi-Auto,Diesel,2019,14990.0,145.0,51.4,2.0,30.0,0,18790
Toyota, Yaris,Automatic,Hybrid,2017,22909.0,0.0,86.0,1.5,40.0,2,10995
Mercedes, C Class,Semi-Auto,Petrol,2019,2512.0,145.0,44.1,1.5,70.0,3,35099
Ford, Mondeo,Manual,Diesel,2018,27206.0,145.0,62.8,2.0,74.0,0,14599
VW, Golf,Manual,Diesel,2019,3255.0,145.0,62.8,2.0,58.0,3,21695
Opel, astra,Manual,Petrol,2016,24426.0,125.0,51.4,1.4,34.0,4,8298
BMW, 3 Series,Semi-Auto,Diesel,2017,26252.0,145.0,51.4,3.0,33.0,2,20998
Toyota, RAV4,Manual,Diesel,2017,34633.0,125.0,60.1,2.0,99.0,4,16295
Skoda, Octavia,Manual,Diesel,2018,21831.0,150.0,68.9,1.6,66.0,0,11998
VW, T-Cross,Manual,Diesel,2019,3267.0,145.0,53.3,1.6,97.0,4,19680
Toyota, Prius,Automatic,Hybrid,2013,56077.0,10.0,64.2,,39.0,2,16500
VW, Passat,Semi-Auto,Diesel,2016,67022.0,30.0,62.8,2.0,96.0,3,9790
Audi, Q2,Semi-Auto,Petrol,2019,3934.0,145.0,33.2,2.0,49.0,1,31500
Hyundai, IX20,Manual,Petrol,2017,20634.0,125.0,,1.4,97.0,4,9795
Mercedes, M Class,Automatic,Diesel,2015,53815.0,205.0,39.2,,79.0,2,18300
Audi, A1,Manual,Petrol,2018,9938.0,145.0,65.7,1.0,40.0,3,15000
Audi, A6,Semi-Auto,Diesel,2017,26494.0,150.0,45.6,3.0,87.0,3,28500
Audi, RS5,Automatic,Petrol,2019,1000.0,145.0,29.7,2.9,73.0,2,63950
Ford, Fiesta,Manual,Petrol,2017,11360.0,0.0,65.7,1.0,35.0,0,8800
Toyota, Land Cruiser,Semi-Auto,Diesel,2019,11619.0,145.0,30.1,2.8,75.0,1,40999
VW, Passat,Manual,Diesel,,51000.0,20.0,68.9,2.0,39.0,2,9995
Mercedes, A Class,Semi-Auto,Diesel,2017,86705.85488462522,145.0,68.9,2.1,31.0,3,16498
BMW, 4 Series,Automatic,Petrol,2019,10.0,145.0,45.6,2.0,89.0,3,31980
Ford, Kuga,Manual,Diesel,2017,22139.0,,64.2,1.5,69.0,2,13900
Ford, Focus,Manual,Petrol,2019,4827.0,145.0,60.1,1.0,63.0,4,17750
VW, Sharan,Manual,Petrol,2001,68010.0,330.0,30.1,2.0,75.0,2,3490
Toyota, Auris,Manual,Diesel,2015,66532.0,20.0,67.3,1.6,92.0,4,7995
, Touareg,Automatic,Diesel,2016,21200.0,235.0,42.8,3.0,97.0,2,25495
Skoda, Superb,Semi-Auto,Petrol,2020,42.0,150.0,36.7,1.5,44.0,0,22995
Skoda, Octavia,Manual,Diesel,2018,22018.0,,68.9,1.6,73.0,0,13750
VW, Tiguan,Manual,Diesel,2019,7000.0,150.0,47.9,2.0,60.0,0,23495
Ford, EcoSport,Semi-Auto,Petrol,2019,2898.0,145.0,45.6,1.0,84.0,0,15950
Mercedes, GLA Class,Semi-Auto,Diesel,2019,4938.0,145.0,64.2,2.1,69.0,1,25099
Mercedes, C Class,Semi-Auto,Diesel,2019,8714.0,145.0,61.4,2.0,96.0,1,26999
VW, Polo,Manual,Petrol,2016,39000.0,0.0,65.7,1.0,68.0,3,10990
VW, Touran,Semi-Auto,Diesel,2018,,145.0,49.6,1.6,66.0,4,19690
VW, Beetl,Manual,Petrol,2017,30446.0,145.0,53.3,1.2,78.0,4,12240
BMW, 1 Series,Semi-Auto,Petrol,2016,9097.0,200.0,39.8,3.0,92.0,2,23412
Ford, Focus,Manual,Petrol,2018,28230.0,145.0,60.1,2.6312004729689877,,4,12550
Ford, Fiesta,Manual,Petrol,2017,22617.0,,65.7,1.0,66.0,4,9695
Opel, Adam,Manual,Petrol,2017,9300.0,,53.3,1.2,52.0,4,7999
, Focus,Automatic,Petrol,2017,,150.0,51.4,1.0,51.0,1,10799
BMW, 3 Series,Manual,Diesel,2014,51030.0,30.0,62.8,2.0,99.0,2,10450
VW,,Semi-Auto,Diesel,2017,36000.0,145.0,54.3,2.0,57.0,4,19700
VW, Tiguan Allspace,Automatic,Diesel,2019,4235.0,145.0,38.7,2.0,75.0,4,32727
Skoda, Scala,Manual,Petrol,2020,1000.0,145.0,49.6,1.0,38.0,0,15991
VW, Golf,Manual,Diesel,,49933.0,0.0,74.3,1.6,38.0,1,9995
Ford, Fiesta,Manual,Petrol,2017,10343.0,125.0,54.3,1.2,49.0,4,10200
Opel, Crossland X,Manual,Diesel,2019,10469.0,145.0,60.1,1.5,32.0,1,15000
BMW, X3,Automatic,Diesel,2015,113000.0,145.0,54.3,2.0,89.0,1,11793
Toyota, Auris,Automatic,Hybrid,2015,38441.0,0.0,,1.8,59.0,2,10888
Mercedes, B Class,Semi-Auto,Petrol,2019,13021.0,145.0,45.6,1.3,99.0,1,22699
Opel, Astra,Manual,Petrol,2017,35500.0,125.0,,1.4,,3,9995
Ford,Focus,Manual,Petrol,2016,,125.0,51.4,1.5,80.0,2,11220
VW, Polo,Manual,Petrol,2016,18587.0,20.0,60.1,1.2,47.0,4,10222
VW, Touran,Manual,Diesel,2013,77524.0,125.0,61.4,1.6,38.0,3,6999
Audi, Q5,Automatic,Diesel,2019,6124.0,145.0,38.2,2.0,47.0,3,33650
BMW,,Automatic,Diesel,2015,94643.0,205.0,,3.0,59.0,3,21990
Mercedes, A Class,Automatic,Diesel,2017,40381.0,20.0,74.3,1.5,52.0,3,16499
Mercedes, E Class,Semi-Auto,Diesel,2016,25837.0,145.0,53.3,3.0,64.0,2,20480
Hyundai, Tucson,Manual,Diesel,2017,30085.0,,61.4,1.7,45.0,4,14590
Opel, Astra,Manual,Diesel,2013,95000.0,,76.3,1.7,42.0,0,3599
VW, Golf,Semi-Auto,Diesel,2019,3935.0,150.0,52.3,2.0,41.0,1,19450
VW, T-Roc,Manual,Petrol,2019,3500.0,145.0,42.2,1.5,31.0,4,24790
Ford, Fiesta,Manual,Petrol,2017,16762.0,145.0,47.9,1.6,34.0,4,12695
Mercedes, A Class,Manual,Diesel,2017,12279.0,20.0,68.9,1.5,58.0,1,15999
Toyota,,Manual,Petrol,2017,19404.0,145.0,,1.5,37.0,4,8998
Audi, A7,Automatic,,2014,61140.0,200.0,47.9,3.0,96.0,3,14086
Opel, Mokka X,Manual,Petrol,2017,25617.0,145.0,47.1,1.4,32.0,4,10075
Mercedes, A Class,Automatic,Diesel,2020,3521.0,145.0,56.5,2.0,83.0,0,22490
Skoda, Octavia,Manual,Diesel,2019,5614.0,145.0,53.3,2.0,63.0,2,19960
VW, up,Manual,Petrol,2019,1900.0,150.0,54.3,1.0,97.0,4,9980
Audi, Q3,Manual,Petrol,2019,3457.0,145.0,39.8,1.5,64.0,1,28750
Skoda, Superb,Manual,Diesel,,39089.0,20.0,92.826899537786,2.0,44.0,1,14451
Opel, Corsa,Manual,Petrol,2017,33049.0,30.0,55.4,1.4,96.0,3,6490
VW, Golf,Manual,Petrol,2017,,150.0,52.3,1.4,,1,12701
Toyota, C-HR,Manual,Petrol,2017,23192.0,145.0,47.1,,49.0,3,14995
Ford, Focus,Manual,Petrol,2017,6736.0,20.0,,1.0,38.0,2,10498
Hyundai, Tucson,Manual,Diesel,2017,,30.0,61.7,1.7,36.0,3,11290
Ford,,Automatic,Petrol,,83000.0,265.0,38.2,1.6,72.0,3,2499
Mercedes, A Class,Semi-Auto,Diesel,2019,,145.0,56.5,2.0,66.0,4,25899
Mercedes,,Semi-Auto,Diesel,2019,13924.0,145.0,65.7,2.0,65.0,1,27980
VW, Polo,Semi-Auto,Petrol,2017,,20.0,60.1,1.2,39.0,1,12498
VW, Golf,Manual,Petrol,2019,12392.0,145.0,49.6,1.0,32.0,2,12289
Audi, A4,Manual,Diesel,2016,44830.0,20.0,70.6,2.0,86.0,2,13990
Mercedes, A Class,Automatic,Petrol,2017,24597.0,,53.3,1.6,98.0,2,16750
VW, Passat,Semi-Auto,Diesel,2020,10.0,150.0,49.6,1.6,38.0,3,20998
Skoda, Octavia,Manual,Diesel,2017,51233.0,0.0,74.3,1.6,,2,8800
BMW, 2 Series,Semi-Auto,Petrol,2019,3748.0,145.0,47.9,2.0,92.0,0,21995
Ford, Fiesta,Manual,Petrol,2016,10094.0,125.0,54.3,1.2,90.0,4,7991
BMW, X1,Automatic,Diesel,2016,13505.0,125.0,57.6,2.0,36.0,4,18797
Opel, Astra,Manual,Petrol,2018,17044.0,150.0,51.4,1.4,70.0,0,11299
Opel, Insigni,Manual,Diesel,2019,7405.0,145.0,61.4,1.6,97.0,2,16190
VW, Golf,Automatic,Petrol,2019,4500.0,145.0,32.8,2.0,59.0,2,29999
Audi, A,Manual,Petrol,2017,27937.0,30.0,,1.4,56.0,3,13991
Ford, Focus,Manual,Petrol,2019,20893.0,150.0,60.1,1.0,87.0,0,14400
Ford, Fiesta,Manual,Petrol,2016,38392.0,0.0,65.7,1.0,39.0,1,8800
Audi, S5,Automatic,Petrol,2011,93820.0,325.0,30.1,3.0,75.0,4,11495
VW, Touareg,Automatic,Diesel,2017,85454.58629151213,235.0,,3.0,86.0,4,24900
VW, scirocco,Automatic,Diesel,2016,28902.0,125.0,53.3,2.0,39.0,4,13800
VW, T-Cross,Manual,Diesel,2019,793.0,145.0,53.3,1.6,64.0,2,17999
Audi, Q3,Semi-Auto,Petrol,2019,13456.0,145.0,,1.5,45.0,3,24990
Mercedes, CLA Class,Manual,Petrol,2017,22171.0,145.0,51.4,1.6,32.0,2,15600
Ford, Kuga,Manual,Diesel,2017,29764.0,145.0,64.2,1.5,98.0,4,15000
VW, Touareg,Semi-Auto,Diesel,2019,8310.0,145.0,34.0,3.0,84.0,0,41032
Hyundai, Kona,Automatic,Hybrid,2020,7000.0,135.0,52.3,1.6,55.0,0,15399
Toyota, Yaris,Automatic,Hybrid,2015,45000.0,0.0,78.0,1.5,42.0,4,8995
Audi, A4,Manual,Petrol,2017,22309.0,150.0,51.4,1.4,69.0,4,18101
Hyundai, Tucson,Manual,Petrol,2019,13270.0,145.0,34.9,1.6,72.0,3,16211
Opel, Corsa,Manual,Petrol,2016,28223.0,30.0,55.4,1.4,76.0,3,5810
Skoda, Superb,Automatic,Petrol,2012,85000.0,240.0,38.7,1.8,33.0,3,5740
VW, Golf,Manual,Petrol,2019,9000.0,145.0,49.6,1.0,63.0,4,16250
Mercedes, C Class,Semi-Auto,Diesel,2018,11258.0,145.0,65.7,2.1,38.0,2,25999
Ford, Fiesta,Manual,Petrol,2016,11566.0,20.0,62.8,1.0,78.0,2,10540
Skoda, Fabia,Manual,Petrol,2017,14338.0,20.0,58.9,1.2,42.0,0,10490
BMW, 4 Series,Manual,Petrol,2017,19000.0,145.0,46.3,2.0,87.0,0,17990
BMW, X5,Automatic,Diesel,2015,36439.0,205.0,,3.0,31.0,1,28950
Audi, A1,Manual,Petrol,2019,4467.0,150.0,46.3,1.5,31.0,3,21644
VW, Up,Manual,Petrol,2020,5000.0,145.0,54.3,1.0,85.0,2,10815
Skoda, Superb,Manual,Diesel,2016,38980.0,20.0,67.3,2.0,,1,13999
VW, Polo,Manual,Petrol,2017,30000.0,150.0,60.1,1.2,83.0,2,10499
Mercedes, A Class,Semi-Auto,,2017,12272.0,145.0,74.3,1.5,40.0,4,16065
Toyota, Yaris,Manual,Petrol,2016,21020.0,30.0,58.0,2.781776206784307,64.0,4,7970
Hyundai, Tucson,Semi-Auto,Diesel,2018,16522.0,,47.1,1.6,70.0,1,17998
Ford, EcoSport,Manual,Petrol,2017,33836.0,145.0,,1.0,69.0,0,10495
Audi, Q3,Manual,Diesel,2015,60820.0,165.0,,2.0,77.0,2,13291
Toyota, Yaris,Manual,Petrol,2018,10525.0,145.0,58.9,1.5,86.0,0,10298
Audi, A3,Manual,Petrol,2008,93000.0,160.0,43.5,1.4,99.0,2,4590
Mercedes, cls class,Semi-Auto,Petrol,2018,8673.0,145.0,36.2,3.0,90.0,3,41112
Audi, A4,Semi-Auto,Petrol,2019,10205.0,145.0,38.2,2.0,89.0,0,25050
VW, Polo,Semi-Auto,Petrol,2019,3487.0,150.0,,1.0,68.0,4,17495
Toyota, Yaris,Manual,Petrol,2013,76920.0,125.0,58.9,1.3,93.0,2,4698
Mercedes, B Class,Semi-Auto,Diesel,2019,1000.0,145.0,55.4,2.0,70.0,2,24589
Hyundai, Tucson,Manual,Diesel,2017,37587.0,145.0,54.3,2.0,99.0,4,14498
VW, Golf,Semi-Auto,Petrol,2019,2780.0,145.0,32.8,2.0,40.0,2,34995
Mercedes, E Class,Automatic,Diesel,2016,28575.0,125.0,58.9,,71.0,4,16900
VW, Polo,Manual,Petrol,2016,15947.0,20.0,58.9,1.0,65.0,4,9542
BMW, 2 Series,Semi-Auto,Petrol,2020,1000.0,145.0,,1.5,34.0,1,25995
Ford, Kuga,Manual,Diesel,2017,82584.13442011928,30.0,64.2,1.5,32.0,3,14490
Opel, Mokka X,Semi-Auto,Petrol,,13429.0,160.0,43.5,1.4,62.0,4,12900
Audi, Q2,Manual,Petrol,2019,5786.0,145.0,40.9,1.5,34.0,4,22950
BMW, X1,Semi-Auto,Petrol,2019,2701.0,150.0,39.8,2.0,40.0,1,29995
Opel, Insignia,Automatic,Diesel,2011,99982.0,205.0,47.1,2.0,47.0,,3888
Toyota, Yaris,Manual,Petrol,2017,2781.0,150.0,58.9,1.5,37.0,3,9991
Opel, Astra,Manual,Diesel,2019,8000.0,145.0,85.6,1.6,46.0,1,16999
Opel, Astra,Automatic,Diesel,2016,50068.0,125.0,61.4,1.6,82.0,1,9495
Audi, A4,Semi-Auto,Petrol,2020,6998.0,145.0,38.2,2.0,38.0,1,34798
VW, Polo,Manual,Petrol,2018,15000.0,150.0,51.4,1.0,56.0,2,13999
Mercedes, E Class,Semi-Auto,Diesel,2020,159.0,145.0,45.6,3.0,97.0,0,45990
Audi, A3,Semi-Auto,Petrol,2019,7898.0,145.0,34.9,2.0,76.0,1,31990
Ford, Fiesta,Manual,Petrol,2019,6937.0,145.0,40.3,1.5,3.2257436177114727,4,16399
BMW, X2,Manual,Petrol,2019,4931.0,145.0,41.5,1.5,53.0,2,22000
Opel, Mokka X,Manual,Petrol,2018,29998.0,150.0,39.2,1.4,69.0,0,11990
Ford, Focus,Automatic,Petrol,2019,2314.0,145.0,39.2,1.5,38.0,0,21350
VW, Tiguan,Manual,Diesel,2016,29800.0,125.0,56.5,2.0,88.0,1,13000
Opel, mokka,Manual,Petrol,2016,17204.0,160.0,44.8,1.4,82.0,0,10698
VW,Polo,Manual,Petrol,2016,8100.0,20.0,60.1,1.0,69.0,1,9499
Mercedes, E Class,Automatic,Diesel,2017,15474.0,,72.4,2.0,32.0,1,19950
Toyota, Yaris,Manual,Petrol,2019,5000.0,145.0,47.9,1.5,85.0,0,11795
BMW, 1 Series,Manual,Diesel,2009,120000.0,30.0,,2.0,73.0,4,2995
Ford, Fiesta,Manual,,2018,12875.0,145.0,64.2,1.1,82.0,0,9890
Mercedes, C Class,Automatic,Diesel,2017,14161.0,145.0,,2.1,69.0,2,24280
Ford, Fiesta,Manual,Petrol,2015,25550.0,0.0,65.7,1.0,54.0,4,8222
BMW, Z4,Semi-Auto,Petrol,2019,4586.0,150.0,33.2,,46.0,4,35995
Toyota, Aygo,Manual,Petrol,2018,10121.0,150.0,69.0,1.0,62.0,4,7250
VW, Polo,Semi-Auto,Petrol,2018,22923.0,145.0,47.9,2.0,69.0,1,16999
Audi, TT,Automatic,Petrol,2019,1791.0,145.0,34.9,2.0,57.0,3,31750
Skoda, Kodiaq,Automatic,Petrol,2019,10.0,150.0,,1.5,65.0,3,28495
Ford, Kuga,Manual,Diesel,2016,31810.0,125.0,60.1,2.0,67.0,4,11000
Audi, a3,Manual,Petrol,2018,17789.0,145.0,54.3,1.5,57.0,1,19995
Mercedes, A Class,Automatic,Petrol,2019,9460.0,150.0,28.5,1.3,35.0,4,22480
Opel, ASTRA,Manual,Diesel,2019,10.0,145.0,,1.6,53.0,1,15740
VW,Golf,Manual,Diesel,2005,122000.0,160.0,,2.0,99.0,3,2595
Skoda, Octavia,Manual,Petrol,2016,20663.0,30.0,55.4,1.4,72.0,1,10795
BMW, 1 series,Manual,Diesel,2019,999.0,,72.4,1.5,64.0,1,19888
, Focus,,Petrol,2012,76000.0,30.0,56.5,1.0,42.0,4,5000
Ford, Focus,Semi-Auto,Diesel,2017,26482.0,150.0,74.3,1.5,77.0,4,12390
Mercedes, C Class,Automatic,Diesel,2019,10637.0,150.0,64.2,2.0,53.0,4,24790
Audi, A6,Automatic,Diesel,2019,1500.0,,,3.0,63.0,4,43695
Hyundai, Ioniq,Automatic,Hybrid,2020,5395.0,135.0,62.8,1.6,89.0,4,20995
Mercedes, CLA Class,Automatic,Diesel,2019,10193.0,145.0,51.4,2.1,75.0,4,25440
Mercedes, A Class,Semi-Auto,Diesel,2020,1000.0,145.0,67.3,1.5,54.0,1,24409
Audi, A3,Automatic,Petrol,2018,20175.0,145.0,42.2,1.5,85.0,3,19000
Audi, A3,Semi-Auto,Diesel,2019,5051.0,145.0,51.4,2.0,46.0,1,24662
Mercedes, A Class,Manual,Petrol,2019,116.0,145.0,28.5,1.3,37.0,2,22799
Toyota, Aygo,Manual,Petrol,2009,28230.0,20.0,62.8,1.0,50.0,3,4050
Opel, Astra,Manual,Petrol,2016,27474.0,125.0,51.4,1.4,95.0,1,10001
, Crossland X,Manual,Petrol,2017,31222.0,150.0,58.9,1.2,71.0,1,9798
Ford, Focus,Manual,Petrol,2019,5298.0,150.0,60.1,1.0,74.0,3,17990
Opel, Mokka,Manual,Petrol,2015,34997.0,200.0,,1.6,33.0,2,7798
BMW, 1 Series,Automatic,Petrol,2014,38809.0,145.0,48.7,1.6,64.0,0,10999
Mercedes, C Class,Semi-Auto,Diesel,2019,15195.0,145.0,61.4,2.0,90.0,1,25999
VW, Up,Manual,Petrol,,30320.0,20.0,62.8,1.0,56.0,2,5180
Hyundai,,Manual,Petrol,2013,74520.80802423196,20.0,61.4,1.2,88.0,1,4390
VW, Tiguan,Semi-Auto,Diesel,2019,,145.0,40.4,2.0,36.0,2,24350
VW, Golf,Semi-Auto,Petrol,2018,,145.0,,2.0,85.0,3,23495
BMW, 4 Series,Semi-Auto,Diesel,2017,26814.0,,55.4,3.0,85.0,1,20480
Mercedes, A Class,Manual,Diesel,2016,25036.0,30.0,62.8,2.1,,1,15740
Ford, S-MAX,Manual,Diesel,2016,36918.0,125.0,,2.0,91.0,,17988
VW, Golf,Manual,Petrol,2013,69689.0,,53.3,1.4,72.0,4,7300
Audi,,Manual,Petrol,2014,51390.0,125.0,53.3,1.4,42.0,1,9490
Ford, Focus,Manual,Diesel,2014,90391.0,20.0,67.3,1.6,42.0,2,5298
Mercedes, C Class,Semi-Auto,Petrol,2020,5000.0,145.0,44.1,1.5,36.0,2,39995
Audi, A6,Automatic,Diesel,2019,100.0,145.0,50.4,2.0,93.0,,30500
Opel, Grandland X,Automatic,Diesel,2019,34327.0,145.0,57.7,1.5,95.0,4,15990
Hyundai, Tucson,Manual,Petrol,2017,25053.0,,38.7,1.6,42.0,4,15390
Opel, Crossland X,Manual,Petrol,2019,8912.0,145.0,44.8,1.2,35.0,3,10890
BMW,,Semi-Auto,Diesel,2017,31508.0,150.0,62.8,2.0,92.0,2,19450
VW, Gol,Automatic,Petrol,2019,1900.0,145.0,44.8,1.5,86.0,0,22500
BMW, 3 Series,Manual,Diesel,2016,93760.0,20.0,72.4,2.0,30.0,3,9195
BMW, X6,Semi-Auto,Petrol,2019,1402.0,145.0,26.4,3.0,43.0,0,69993
Opel, Corsa,Manual,Petrol,2019,7873.0,145.0,,1.4,97.0,2,9795
Skoda, Fabia,Manual,Petrol,2015,38711.0,20.0,60.1,1.2,79.0,2,7491
Mercedes, V Class,Manual,Diesel,2019,22691.0,145.0,46.3,2.1,60.0,1,22950
Mercedes, C Class,Manual,Diesel,2016,58858.0,30.0,65.7,1.6,73.0,3,13391
VW, Polo,Manual,Petrol,2012,54042.0,145.0,47.9,1.4,34.0,2,6320
Mercedes, C Class,Semi-Auto,Diesel,2019,7419.0,,64.2,2.0,45.0,3,24990
Hyundai, Santa Fe,Automatic,Diesel,2020,2885.0,145.0,39.2,2.2,78.0,0,36999
VW, T-Roc,Automatic,Petrol,,3853.0,145.0,39.8,1.5,44.0,2,25990
Toyota, Yaris,Manual,Petrol,2019,3900.0,145.0,47.9,1.5,62.0,2,12933
BMW, Z4,Automatic,Petrol,2003,70000.0,325.0,,3.0,44.0,1,3495
Toyota, RAV4,Manual,Diesel,2016,56437.0,125.0,60.1,2.0,35.0,1,13000
Mercedes, E Class,Semi-Auto,Diesel,2013,39632.0,160.0,47.9,3.0,79.0,1,15182
Toyota, Auris,Manual,Petrol,2016,16576.0,125.0,52.3,1.2,38.0,2,9998
VW, Golf,Manual,Petrol,2019,11.0,145.0,47.1,1.5,44.0,2,18490
Mercedes, C Class,Semi-Auto,Diesel,2019,15838.0,145.0,61.4,2.0,45.0,3,24498
BMW, X1,Automatic,Petrol,2016,7390.0,160.0,44.8,2.0,84.0,0,21000
Ford, fiesta,Manual,Petrol,2018,23730.0,145.0,56.5,1.0,54.0,1,10600
VW, Tiguan,Semi-Auto,Diesel,2019,3300.0,145.0,45.6,2.0,75.0,2,27995
Hyundai, I40,Manual,Diesel,2017,26500.0,150.0,,1.7,86.0,0,11388
Hyundai, I10,Manual,Petrol,2016,,20.0,61.4,1.0,57.0,2,5995
Hyundai, I30,Manual,Petrol,2019,3750.0,145.0,42.2,1.4,44.0,4,17490
Mercedes, C Class,Automatic,Diesel,2016,27268.0,30.0,64.2,2.1,37.0,0,16449
Audi, A3,Manual,Petrol,2016,26701.0,30.0,58.9,1.4,74.0,3,16950
Opel,Astra,Manual,Petrol,2020,10.0,145.0,54.3,1.2,39.0,2,15998
Hyundai, I40,Automatic,Diesel,,27712.0,125.0,56.5,1.7,64.0,4,11400
Ford, Kuga,Manual,,2019,11312.0,145.0,,,61.0,4,19995
BMW,3 Series,Manual,Diesel,2016,38206.0,30.0,64.2,2.0,89.0,3,14699
Ford, B-MAX,Manual,Petrol,2018,,145.0,55.4,1.0,72.0,0,11989
Mercedes, E Class,Semi-Auto,Diesel,2015,54089.0,125.0,56.5,2.1,85.0,2,15490
VW, Polo,Manual,Petrol,2014,24959.0,20.0,58.9,1.2,35.0,1,8997
VW, Golf,Manual,Diesel,2017,20665.0,0.0,74.3,1.6,52.0,3,12882
Opel, Adam,Manual,Petrol,2017,21262.0,125.0,52.3,1.4,64.0,1,8895
Hyundai, IX20,Manual,Petrol,2013,42320.0,,45.6,1.4,70.0,1,6000
Audi, A4,Semi-Auto,Petrol,,3000.0,145.0,42.2,2.0,89.0,3,32995
Toyota, RAV4,Automatic,Diesel,2014,47545.0,,42.2,2.2,59.0,3,11498
Opel, Astra,Manual,Diesel,2016,26592.0,20.0,72.4,1.6,94.0,2,8903
Opel, GRANDLAND X,Manual,Diesel,2018,11369.0,145.0,70.6,1.6,56.0,0,14499
VW, Polo,Manual,Petrol,2016,45000.0,20.0,60.1,1.2,54.0,4,8499
BMW, 3 Series,Manual,Diesel,2016,27779.0,30.0,64.2,2.0,76.0,4,14250
Hyundai, Kona,Manual,Petrol,2018,8764.0,145.0,,1.0,86.0,4,15445
Audi, A1,Semi-Auto,Petrol,2017,13458.0,150.0,56.5,1.4,35.0,4,16970
Hyundai, Tucson,Semi-Auto,Diesel,2017,30345.0,125.0,57.6,1.7,90.0,3,17180
Ford, Ka+,Manual,Petrol,2019,66.0,145.0,43.5,1.2,78.0,4,12840
Mercedes, V Class,Automatic,Diesel,2018,15232.0,,48.7,2.1,97.0,0,19750
Ford, Focus,Manual,Petrol,2019,2500.0,145.0,34.5,2.3,86.0,1,28000
Audi, A1,Manual,Petrol,2016,30200.0,30.0,57.6,1.4,96.0,4,10250
Skoda, superb,Semi-Auto,Diesel,2016,43212.0,30.0,61.4,2.0,64.0,2,12999
Mercedes, C Class,Automatic,Diesel,2016,65000.0,30.0,64.2,2.1,89.0,3,15990
Opel, Astra,Manual,Petrol,2015,61779.0,,48.7,1.4,44.0,2,5991
VW, UP,Manual,Petrol,2015,54005.0,20.0,60.1,1.0,69.0,4,5298
Skoda, Fabi,Manual,Petrol,2019,12841.0,145.0,57.7,1.0,,1,8270
Mercedes, A Class,Semi-Auto,Petrol,2020,1000.0,,53.3,1.3,34.0,3,25729
Audi, A4,Automatic,Diesel,2019,16500.0,145.0,49.6,2.0,81.0,2,24350
Mercedes, C Class,Semi-Auto,,,7894.0,145.0,60.1,2.1,91.0,1,20498
Toyota, Aygo,Manual,Petrol,2016,15023.0,0.0,69.0,1.0,60.0,3,6995
Opel, Corsa,Manual,,2015,65696.0,30.0,55.4,1.4,90.0,1,5295
Ford, Fiesta,Manual,Petrol,2015,34362.0,125.0,54.3,,86.0,0,7498
Opel, Mokka X,Manual,Petrol,2018,5210.0,145.0,39.2,1.4,59.0,0,10990
Audi, A6,Semi-Auto,Petrol,2016,24827.0,,30.7,4.0,46.0,4,31991
Mercedes, GLE Class,Automatic,,2017,8363.0,,47.9,2.1,78.0,4,27500
Mercedes, GL Class,Automatic,Diesel,2013,60462.0,325.0,35.3,3.0,71.0,4,25998
Opel, Corsa,Manual,Petrol,2018,12184.0,150.0,43.5,1.4,66.0,0,9598
Mercedes, GLC Class,Semi-Auto,Diesel,2020,1000.0,145.0,40.9,2.0,50.0,3,37189
Ford, Fiesta,Manual,Petrol,2016,27470.0,,65.7,1.0,73.0,4,9910
Audi, A4,Semi-Auto,Diesel,2017,28500.0,20.0,70.6,2.0,68.0,4,16990
Mercedes, E Class,Semi-Auto,Diesel,2017,19228.0,145.0,65.7,2.0,31.0,4,22499
Ford, Focus,Manual,Diesel,2017,14772.0,150.0,74.3,1.5,64.0,2,11798
VW, Arteon,Semi-Auto,Petrol,2018,21299.0,145.0,47.1,2.0,48.0,1,22995
Mercedes, SL CLASS,Automatic,Petrol,2018,1565.0,145.0,47.1,2.0,53.0,2,27890
Mercedes, GLA Class,Semi-Auto,Diesel,2016,20422.0,125.0,56.5,2.1,55.0,1,18640
Ford, Kuga,Manual,Diesel,2015,36066.0,125.0,,2.0,56.0,0,9979
Mercedes, C Class,Semi-Auto,Diesel,2016,31360.0,20.0,64.2,2.1,,4,16390
Opel,,Manual,Diesel,2017,34875.0,20.0,68.9,1.6,72.0,1,10990
Opel, Corsa,Automatic,Petrol,2017,6389.0,145.0,47.1,1.4,59.0,0,11420
Ford, Fiesta,Manual,Petrol,2019,5626.0,145.0,,1.0,44.0,0,13800
Ford, EcoSport,Manual,Diesel,2016,23444.0,30.0,64.2,1.5,83.0,0,8950
Mercedes, SL CLASS,Manual,Petrol,2017,15407.0,145.0,43.5,2.0,99.0,1,16700
Audi, A3,Automatic,Diesel,2016,57407.0,125.0,57.6,2.0,41.0,3,16000
Ford, Kuga,Manual,Diesel,2016,33608.0,,60.1,2.0,79.0,1,13999
Mercedes, GLE Class,Automatic,Diesel,2016,42102.0,,39.2,3.0,73.0,0,34975
Ford, Focus,Manual,Petrol,2017,11717.0,145.0,41.5,2.0,79.0,0,19000
Ford, Fiesta,Manual,Petrol,2017,32482.0,,65.7,1.0,98.0,0,9950
Ford, focus,Manual,Diesel,2016,30086.0,0.0,74.3,1.5,85.0,0,10250
VW, T-Roc,Manual,Petrol,2018,18849.0,150.0,,1.0,94.0,4,17771
Audi, A4,Manual,Petrol,2019,,145.0,39.2,2.0,56.0,2,22490
Hyundai, Tucson,Manual,Diesel,2017,34559.0,145.0,58.9,2.0,81.0,1,13690
Opel, Ada,Manual,Petrol,2017,31389.0,125.0,53.3,1.2,39.0,0,6890
Mercedes, A Class,Semi-Auto,Diesel,2013,52214.0,30.0,,1.8,32.0,1,10630
Audi, A8,Semi-Auto,Diesel,2018,12640.0,150.0,50.4,3.0,91.0,1,34500
Hyundai, I30,Semi-Auto,Petrol,2017,23505.0,150.0,51.4,1.4,35.0,4,11495
Opel, Mokka ,Manual,Petrol,2018,33662.0,145.0,39.2,1.4,68.0,2,12933
Skoda, Fabia,Manual,Petrol,2017,16052.0,150.0,,1.2,87.0,0,9990
BMW, 5 Series,Semi-Auto,Petrol,2019,5951.0,150.0,,2.0,94.0,4,25980
VW, Tiguan,Manual,Diesel,2020,145.0,145.0,42.8,2.0,74.0,3,33860
Ford, Focus,Manual,Petrol,2016,46480.0,20.0,61.4,1.0,30.0,1,8125
Opel, Zafira,Manual,Petrol,2005,88000.0,265.0,35.8,1.6,96.0,,1295
BMW, 2 Series,Manual,Petrol,2016,7390.0,165.0,44.8,2.0,30.0,2,15490
VW, Golf,Manual,Petrol,2015,43417.0,,39.8,2.0,57.0,3,16998
Mercedes, GLC Class,Semi-Auto,Diesel,2020,2271.0,145.0,44.8,2.0,34.0,2,34999
BMW, 1 Series,Manual,Petrol,2019,7565.0,145.0,53.3,1.5,40.0,4,15199
Opel, Mokka X,Manual,Diesel,2016,47256.0,,68.9,1.6,78.0,2,8991
Ford, Fiesta,Manual,Petrol,2019,1667.0,145.0,58.9,1.0,64.0,3,15995
Ford, Fiesta,Semi-Auto,Petrol,2013,23000.0,145.0,47.9,1.6,94.0,0,7995
Opel, Astra,Manual,Diesel,2017,29709.0,145.0,78.5,1.6,97.0,1,9150
Ford, Kuga,Manual,Diesel,2019,9968.0,145.0,38.2,2.0,69.0,2,19699
Ford, Fiesta,Manual,Petrol,2019,3557.0,145.0,55.4,1.0,81.0,0,16000
Opel, Corsa,Manual,Petrol,2020,10.0,150.0,,1.2,44.0,2,15998
Ford, Grand C-MAX,Automatic,Diesel,2016,19525.0,299.473503908807,56.5,2.0,49.0,4,13499
Ford, Fiesta,Manual,Petrol,2013,27413.0,0.0,65.7,1.0,55.0,4,7361
VW, Golf,Manual,Diesel,2014,68063.0,0.0,74.3,1.6,72.0,4,6991
VW, T-Roc,Manual,Petrol,2018,22930.0,145.0,53.3,1.5,50.0,2,18900
BMW, 3 Series,Semi-Auto,Diesel,2015,26762.0,165.0,51.4,3.0,75.0,1,18980
Ford, KA,Manual,Petrol,2014,40770.0,30.0,57.7,1.2,93.0,3,4340
VW, Tiguan,Automatic,,2019,8980.0,145.0,45.6,2.0,52.0,4,29950
BMW, 3 Series,Automatic,Diesel,2018,20461.0,145.0,60.1,2.0,98.0,1,17620
Ford, Kuga,Semi-Auto,Diesel,2018,16200.0,299.473503908807,54.3,2.0,47.0,4,23499
Toyota, Hilux,Automatic,Diesel,2018,12255.0,260.0,36.2,2.4,69.0,4,24995
VW, Golf SV,Manual,Diesel,,5212.0,145.0,55.4,1.6,88.0,3,17990
, Q3,Semi-Auto,Petrol,2017,10255.0,145.0,40.4,2.0,74.0,1,25444
Toyota, Auris,Automatic,Hybrid,2017,22352.0,135.0,78.5,1.8,48.0,2,15956
Audi, A1,Manual,Petrol,2016,29627.0,30.0,55.4,1.4,38.0,3,12977
BMW, 1 Serie,Manual,Diesel,2018,10842.0,145.0,65.7,2.0,62.0,3,16775
BMW, 1 Series,Manual,Petrol,2018,5531.0,145.0,37.2,1.5,52.0,1,16139
Opel, Zafira,Manual,Diesel,2014,61974.0,145.0,55.4,2.0,72.0,1,6900
Opel, Corsa,Manual,Petrol,2019,50.0,150.0,43.5,1.4,54.0,4,11799
, Citigo,Manual,Petrol,2017,36609.0,,64.2,1.0,,1,6395
Hyundai, I10,Manual,,2019,100.0,145.0,49.6,1.0,56.0,1,10220
BMW, 2 Series,Manual,Petrol,2017,24893.0,150.0,53.3,1.5,36.0,2,13990
Skoda, Superb,Manual,Diesel,2017,26928.0,145.0,58.9,2.0,64.0,2,15101
Hyundai, I20,Manual,Petrol,2014,43911.0,30.0,57.6,1.2,,4,5950
Mercedes, A Class,Manual,Diesel,2013,60000.0,20.0,72.4,1.5,92.0,2,8975
Toyota, Yaris,Manual,Petrol,2017,37521.0,30.0,55.0,1.3,42.0,2,9242
Mercedes, E Class,Automatic,Diesel,2013,22000.0,165.0,47.9,3.0,75.0,2,16500
Mercedes, A Class,Automatic,Diesel,2016,45000.0,20.0,,2.1,,1,15000
Opel, Astra,Manual,Petrol,2019,5196.0,145.0,47.9,1.4,73.0,4,14999
VW, Touareg,Automatic,Diesel,2019,6985.0,145.0,34.0,3.0,46.0,2,43990
BMW, 2 Series,Semi-Auto,Petrol,2020,13.0,145.0,47.9,2.0,31.0,2,22990
Opel, Astra,Manual,Petrol,2015,41585.0,,51.4,1.4,54.0,4,7399
Toyota, Aygo,Manual,Petrol,2015,31234.0,0.0,69.0,1.0,79.0,2,6460
BMW, X1,Semi-Auto,Diesel,2018,13245.0,150.0,,2.0,84.0,1,24081
BMW, 5 Series,Automatic,Diesel,2014,73500.0,30.0,62.8,2.0,69.0,4,12000
BMW, 4 Series,Semi-Auto,Diesel,2019,5656.0,150.0,50.4,3.0,73.0,0,28990
Ford, Fiesta,Manual,Petrol,2018,7733.0,150.0,65.7,1.0,49.0,1,11600
Audi,,Manual,Petrol,2019,95204.18167360188,,38.2,2.0,75.0,2,23990
Opel, Mokka X,Manual,Petrol,2017,33852.0,150.0,47.1,1.4,36.0,1,10991
Ford, Focus,Manual,Petrol,2018,7066.0,145.0,57.7,1.0,87.0,0,14497
Mercedes, B Class,Automatic,Petrol,2012,74397.0,145.0,47.9,1.6,53.0,4,7899
Audi, A4,Manual,Diesel,2016,37655.0,20.0,68.9,2.0,72.0,0,16000
VW, Golf,Manual,Petrol,2018,24110.0,,54.3,1.4,45.0,3,13700
Audi, S3,Manual,Petrol,2015,48800.0,205.0,39.8,2.0,59.0,1,17950
Ford, EcoSport,Manual,Petrol,2019,4500.0,,51.4,1.0,67.0,2,15984
Ford, Fiesta,Manual,Petrol,2018,21581.0,145.0,,1.0,52.0,0,11699
Skoda, Citigo,Manual,Petrol,2015,24786.0,0.0,67.3,1.0,68.0,3,6195
Mercedes, A Class,Automatic,Petrol,2017,1755.0,145.0,24.8,4.0,76.0,1,109495
Mercedes, A Class,Semi-Auto,Diesel,2020,16.0,145.0,67.3,1.5,70.0,2,27995
Ford, Edge,Automatic,Diesel,2018,19458.0,145.0,47.9,2.0,56.0,4,25999
Audi, Q7,Automatic,Diesel,2011,94000.0,300.0,38.2,3.0,88.0,1,16494
Ford,fiesta,Manual,Petrol,2019,12286.0,145.0,58.9,1.0,98.0,2,11798
Mercedes, C Class,Semi-Auto,Petrol,2019,2000.0,145.0,44.1,1.5,79.0,3,24389
VW, Tiguan,Automatic,Diesel,2019,14379.0,145.0,,2.0,56.0,3,30230
Toyota, Aygo,Manual,Petrol,2015,24619.0,0.0,69.0,1.0,80.0,2,7200
Mercedes, CLS Class,Semi-Auto,Diesel,2015,33087.0,165.0,51.4,3.0,58.0,3,20498
Audi, A4,Semi-Auto,Diesel,2017,36044.0,30.0,64.2,3.0,93.0,1,18450
Audi, Q3,Manual,Petrol,2019,2000.0,145.0,40.9,1.5,47.0,0,25000
Mercedes, CL Class,Manual,Petrol,2017,32282.0,145.0,51.4,1.6,88.0,4,16490
Ford, Fiesta,,Petrol,2017,19496.0,145.0,65.7,1.0,55.0,2,10000
Opel, Antara,Manual,Diesel,2013,82059.0,235.0,44.1,2.2,94.0,2,5495
, Kona,Automatic,Hybrid,2020,25446.0,135.0,,1.6,53.0,2,13999
Skoda, Rapid,Manual,Petrol,2017,23002.0,145.0,57.7,1.2,59.0,0,8990
Toyota, Aygo,Manual,Petrol,2017,20000.0,145.0,68.9,1.0,57.0,2,7490
Audi, A1,Manual,Diesel,2017,21713.0,0.0,76.3,1.6,33.0,0,11300
Skoda, Yeti,Semi-Auto,Petrol,2016,33800.0,125.0,51.4,1.2,60.0,4,12995
Opel, Astra,Manual,Petrol,2019,23117.0,145.0,51.4,0.7395338990348711,98.0,3,12498
Mercedes, GLC Class,Automatic,Diesel,2015,48500.0,,56.5,2.1,44.0,3,21999
Skoda, Rapid,Manual,Diesel,2017,36562.0,150.0,74.3,1.4,42.0,0,8390
VW, Passat,Manual,Diesel,2016,34991.0,20.0,67.3,1.6,61.0,2,12995
Opel, Meriva,Manual,Petrol,2009,90771.0,160.0,44.1,1.4,49.0,4,1795
VW, Golf SV,Semi-Auto,Petrol,2019,50.0,145.0,42.8,1.5,52.0,4,22250
VW, Up,Manual,Petrol,2017,26718.0,20.0,64.2,1.0,41.0,2,6962
VW, Tiguan,Manual,Petrol,2016,17992.0,150.0,48.7,1.4,82.0,4,18491
Opel, Mokka X,Manual,Petrol,2018,34024.0,,39.2,1.4,40.0,4,11985
BMW, 3 Series,Automatic,Diesel,2017,28140.0,160.0,51.4,3.0,71.0,3,19600
Audi, A4,Semi-Auto,Diesel,2020,3515.0,150.0,54.3,3.0,72.0,3,28970
BMW, 1 Series,Manual,Diesel,2017,16423.0,150.0,72.4,1.5,55.0,4,13500
Ford, Focus,Manual,Petrol,2017,32511.0,150.0,41.5,2.0,66.0,0,14998
, GLC Class,Semi-Auto,Diesel,2016,26065.0,145.0,56.5,2.1,75.0,0,26320
Ford, Fiesta,Manual,Petrol,2018,,145.0,65.7,1.0,44.0,3,11295
Ford, Fiesta,Manual,Petrol,2016,17021.0,125.0,54.3,1.2,51.0,3,7995
Ford, EcoSport,Manual,Petrol,2018,24479.0,145.0,54.3,1.0,98.0,4,12570
VW, Golf,Manual,Petrol,2014,46992.0,150.0,47.1,2.0,64.0,4,13991
Ford, KA,Manual,Petrol,2008,77000.0,200.0,43.5,1.3,65.0,,1550
Ford, Focus,Manual,Petrol,2016,34887.0,20.0,,1.0,98.0,1,8249
Ford, ecosport,Manual,,2018,10017.0,150.0,54.3,1.0,76.0,0,12291
BMW, 1 Series,Semi-Auto,Petrol,2016,31661.0,316.48718937402634,39.8,3.0,72.0,4,19773
Toyota, Prius,Automatic,Other,2015,30862.0,10.0,64.2,1.8,82.0,0,21990
VW, Polo,Manual,Petrol,2016,47754.0,20.0,60.1,1.0,77.0,1,8082
Toyota, Yaris,Automatic,Hybrid,2016,20924.0,0.0,78.0,1.5,46.0,4,13290
Ford, Ka+,Manual,Petrol,2018,12563.0,145.0,57.7,1.2,31.0,3,7499
Mercedes, C Class,Semi-Auto,Diesel,2017,12283.0,145.0,64.2,2.1,92.0,3,20480
VW,Sharan,Semi-Auto,Diesel,2019,1694.0,,41.5,2.0,84.0,3,28000
BMW, 1 Series,Manual,Petrol,2012,92000.0,145.0,49.6,1.6,49.0,3,5995
VW, Up,Semi-Auto,Petrol,2018,20974.0,145.0,68.9,1.0,94.0,2,8750
Ford, EcoSport,Manual,Petrol,2016,16602.0,125.0,52.3,1.0,32.0,1,10000
, Puma,Manual,Petrol,,384.0,145.0,49.6,1.0,55.0,0,24500
Audi, A3,Manual,Petrol,2017,8763.0,30.0,60.1,1.4,34.0,3,18698
Ford, Fiesta,Manual,Petrol,2015,25449.0,30.0,54.3,1.2,74.0,2,5795
Mercedes, C Class,Automatic,Petrol,2016,29446.0,160.0,44.8,2.0,48.0,1,17991
VW, Up,Manual,Petrol,2017,15000.0,145.0,64.2,1.0,67.0,1,7562
Mercedes, C Class,Automatic,Diesel,2016,23196.0,30.0,65.7,1.6,43.0,4,16250
Mercedes, C Class,Semi-Auto,Diesel,2017,20380.0,30.0,65.7,2.1,49.0,4,25494
VW, Polo,Manual,Diesel,2019,7956.0,145.0,57.7,1.6,74.0,0,13790
Audi, A3,Manual,Petrol,2015,39522.0,20.0,60.1,1.4,76.0,2,14990
Mercedes, C Class,Automatic,Diesel,2016,42427.0,125.0,60.1,2.1,30.0,2,17100
BMW, 4 Series,Semi-Auto,Diesel,2018,10948.0,145.0,,2.0,56.0,2,22000
Opel, Corsa,Manual,Petrol,2014,,,51.4,1.2,91.0,3,4499
Opel, Crossland X,Manual,Petrol,2019,11756.0,145.0,46.3,1.2,93.0,3,10999
VW, Polo,Manual,Petrol,2016,32000.0,20.0,60.1,1.2,38.0,3,8795
Mercedes, C Class,Semi-Auto,Diesel,2019,7224.0,145.0,61.4,2.0,56.0,2,29399
Audi, A4,Semi-Auto,Diesel,2016,27800.0,125.0,58.9,3.0,49.0,3,20950
Skoda, FABIA,Manual,Petrol,2019,1325.0,145.0,57.7,1.0,83.0,2,11250
Ford, Focus,Manual,Diesel,2015,50004.0,0.0,74.3,1.5,57.0,3,8540
Mercedes, GLA Class,Semi-Auto,Diesel,2019,11241.0,145.0,67.3,3.723712168624484,67.0,0,23980
BMW, 4 Series,Semi-Auto,Diesel,2020,10.0,145.0,65.7,2.0,79.0,3,27495
Audi, A4,Automatic,Diesel,2019,9000.0,145.0,,2.0,72.0,4,27000
Opel, Grandland X,Manual,Petrol,2019,3000.0,145.0,44.1,1.2,49.0,0,15995
BMW, 1 Series,Automatic,Diesel,2016,36858.0,125.0,60.1,2.0,80.0,3,14200
Toyota, Aygo,Manual,Petrol,2018,19558.0,,,1.0,84.0,0,8495
Ford, Fiesta,Manual,Petrol,2016,35500.0,20.0,62.8,1.0,42.0,0,8900
Opel, INSIGNIA,Manual,Petrol,2017,24041.0,20.0,68.9,1.6,54.0,4,9995
Audi, A4,Manual,Diesel,,60604.0,20.0,,2.0,65.0,1,11950
Audi, A5,Automatic,Petrol,2020,3000.0,145.0,40.4,2.0,99.0,0,30444
Ford, Fiesta,Manual,Petrol,2017,15060.0,125.0,,1.2,33.0,0,8500
Skoda, Fabia,Manual,Petrol,2016,14946.0,,60.1,1.2,99.0,3,9655
Ford, Ka+,Manual,Petrol,2018,4799.0,145.0,43.5,1.2,91.0,4,9791
Ford,,Manual,Diesel,2019,6700.0,145.0,64.2,1.5,71.0,2,14890
Ford, Focus,Manual,Petrol,2019,10900.0,145.0,58.9,1.0,40.0,3,15600
Mercedes, c class,Automatic,Other,2017,52897.0,0.0,134.5,2.0,62.0,1,17400
Ford, Fiesta,Manual,Petrol,2016,31000.0,145.0,47.9,1.6,97.0,4,11495
Opel, Corsa,Automatic,Petrol,2016,14549.0,145.0,47.9,1.4,37.0,2,9500
Audi, Q3,Semi-Auto,Petrol,2020,,150.0,40.4,1.5,85.0,4,30990
Ford, B-MAX,Manual,Petrol,2013,31472.0,30.0,57.7,1.0,98.0,1,6995
VW, Tiguan,Semi-Auto,Diesel,2017,25318.0,160.0,49.6,2.0,86.0,1,22990
Mercedes, E Class,Semi-Auto,Diesel,2017,,30.0,65.7,2.0,97.0,2,20150
Mercedes, E Class,Semi-Auto,Diesel,2019,7697.0,145.0,48.7,3.0,75.0,0,35849
Hyundai, Santa Fe,Semi-Auto,Diesel,2019,17340.0,,39.2,2.2,35.0,2,31735
Audi, Q5,Semi-Auto,Diesel,2020,5480.0,145.0,34.5,3.0,40.0,4,53990
VW, Tiguan,Semi-Auto,Diesel,,3000.0,145.0,39.8,2.0,83.0,1,28490
Mercedes, C Class,Automatic,Petrol,2019,1800.0,145.0,44.1,2.0,66.0,4,32499
Toyota, VERSO,Manual,Petrol,2016,14103.0,205.0,41.5,1.6,90.0,4,11298
Ford, KUGA,Automatic,Diesel,2018,21516.0,140.0,54.3,2.0,40.0,2,24995
Mercedes, C Class,Automatic,Petrol,2015,26400.0,125.0,52.3,2.0,89.0,0,15990
Ford, Fiesta,Manual,Petrol,2018,32160.0,,65.7,1.0,70.0,2,10500
Opel, Mokka X,Manual,Petrol,2018,32772.0,150.0,39.2,1.4,90.0,4,11900
Mercedes, SL CLASS,Semi-Auto,Petrol,2019,1776.0,145.0,28.0,5.5,90.0,0,79299
BMW,,Semi-Auto,Diesel,,8605.0,145.0,65.7,2.0,65.0,2,24908
Ford, Focus,Manual,Petrol,2018,19653.0,145.0,41.5,2.0,84.0,2,17989
Opel, Corsa,Manual,Petrol,2017,28033.0,30.0,55.4,1.4,53.0,0,7680
BMW, X5,Automatic,Diesel,2016,,205.0,47.1,3.0,67.0,1,28990
Skoda,,Manual,Diesel,2014,64551.0,0.0,,1.6,91.0,4,8998
Mercedes, B Class,Automatic,Diesel,2014,31251.0,30.0,61.4,2.1,44.0,2,11250
Ford, Focus,Manual,Petrol,2019,7373.0,145.0,58.9,1.0,92.0,2,14430
Audi, A6,Manual,Diesel,2016,34000.0,30.0,,2.0,74.0,4,16450
VW, Tiguan,Semi-Auto,Petrol,2017,15484.0,145.0,38.2,2.0,1.7694736373257314,3,25999
Mercedes, C Class,Automatic,Diesel,2019,4885.0,145.0,57.7,2.0,85.0,3,29498
Mercedes, C Class,Semi-Auto,Diesel,2016,16723.0,125.0,60.1,2.1,89.0,3,21495
VW, Golf,Manual,Diesel,2013,37164.0,0.0,74.3,1.6,61.0,2,7991
Ford, Fiesta,Manual,Petrol,2017,17226.0,145.0,54.3,1.2,83.0,3,8374
VW, CC,Semi-Auto,Diesel,2016,29000.0,150.0,53.3,2.0,34.0,0,11250
Audi, Q7,Automatic,Diesel,2016,41032.0,300.0,39.2,4.0,80.0,0,48995
Ford, Fiesta,Manual,Petrol,2016,22919.0,0.0,65.7,1.0,35.0,2,8298
Ford, Galaxy,Manual,Diesel,2017,37614.0,125.0,56.5,2.0,37.0,2,17999
VW, Golf,Manual,Diesel,2016,73370.0,20.0,67.3,2.0,78.0,2,12300
Mercedes, C Class,,Diesel,2019,14874.0,145.0,61.4,2.0,86.0,1,25549
Ford, fiesta,Manual,Petrol,2004,88936.0,200.0,44.1,1.4,84.0,0,2295
BMW, 3 Series,Manual,Diesel,,101930.0,20.0,,2.0,74.0,3,8695
Audi, TT,Manual,Diesel,2016,18263.0,30.0,62.8,2.0,52.0,,16998
Opel,,Manual,Diesel,2019,3251.0,145.0,60.1,1.5,99.0,0,15299
BMW, X5,Automatic,Diesel,2016,59000.0,200.0,47.1,3.0,43.0,2,26520
Mercedes, E Class,Automatic,Diesel,2016,49521.0,160.0,51.4,3.0,50.0,0,22990
VW, T-Cross,Manual,Petrol,2019,3558.0,145.0,47.9,1.0,85.0,3,20699
Hyundai, i10,Manual,Petrol,2018,7374.0,145.0,57.7,1.2,95.0,3,8795
BMW, 2 Series,Manual,,2016,79460.0,20.0,68.9,2.0,59.0,3,8500
Hyundai, Tucson,Manual,Petrol,2016,27397.0,165.0,,1.6,57.0,2,12067
, GLC Class,Semi-Auto,Diesel,2019,9551.0,145.0,56.5,2.1,99.0,0,34950
Ford, Focus,Manual,Petrol,2016,45256.0,20.0,60.1,1.0,64.0,2,8498
Mercedes, CL Class,Semi-Auto,Petrol,2019,101.0,145.0,,1.3,61.0,0,28929
Ford, B-MAX,Manual,Diesel,2017,15999.0,0.0,74.4,1.5,66.0,1,8990
Audi, Q3,Semi-Auto,Diesel,2013,40510.0,200.0,47.9,2.0,95.0,4,13700
Audi, Q5,Automatic,Diesel,2015,49431.0,260.0,,3.0,42.0,2,23990
Audi, A4,Semi-Auto,Diesel,2019,5000.0,145.0,51.4,2.0,42.0,3,26695
Hyundai, I40,Manual,Diesel,2014,76531.0,30.0,55.4,1.7,35.0,3,8999
Skoda, Karoq,Automatic,Diesel,2019,4935.0,145.0,62.8,1.6,56.0,1,18850
BMW, 5 Series,Automatic,Diesel,2019,3718.0,145.0,,2.0,68.0,4,30980
Opel, Crossland X,Manual,Petrol,2019,25000.0,290.4867850792564,44.8,1.2,47.0,0,12139
VW, Tiguan,Semi-Auto,Petrol,2016,10557.0,200.0,42.2,1.4,47.0,2,17498
Audi, A4,Automatic,Diesel,2016,120470.0,30.0,61.4,2.0,61.0,1,12795
Ford, EcoSport,Manual,Diesel,2018,13125.0,150.0,,1.5,77.0,2,12991
Ford, Kuga,Automatic,Petrol,2017,8800.0,240.0,38.2,1.5,46.0,1,14995
Toyota, Aygo,Manual,Petrol,2018,33857.0,145.0,69.0,1.0,35.0,0,6000
Mercedes, GLC CLASS,Semi-Auto,Diesel,2019,7780.0,145.0,41.5,2.1,52.0,0,31795
Ford, Kuga,Manual,Petrol,,12162.0,145.0,39.2,1.5,94.0,0,17998
VW, Polo,Manual,Petrol,2017,28994.0,20.0,60.1,1.0,98.0,0,9495
Mercedes, GLA Class,Semi-Auto,Diesel,2017,29057.0,,67.3,2.1,,2,17990
Ford, Fiesta,Manual,Petrol,2017,13998.0,,65.7,1.0,,3,9849
Ford, Focus,Manual,Petrol,2018,15705.0,145.0,57.7,1.0,91.0,3,12700
Ford, Focus,Manual,Diesel,2013,30869.0,20.0,67.3,1.6,56.0,3,6490
Mercedes, C Class,Automatic,Diesel,2016,42310.0,30.0,64.2,2.1,32.0,2,17300
Opel,,Manual,Petrol,2016,27051.0,200.0,42.2,1.4,63.0,4,11250
Mercedes, V Class,Semi-Auto,Diesel,2017,6316.0,145.0,45.6,2.2,90.0,2,34980
Mercedes, E Class,Semi-Auto,Diesel,2019,1.0,145.0,,3.0,52.0,0,37995
Toyota, Yaris,Automatic,Hybrid,2019,3471.0,135.0,76.3,1.5,32.0,1,17990
Toyota, RAV4,Automatic,Hybrid,2016,40049.0,20.0,57.6,2.5,98.0,4,18490
Hyundai, IX20,Manual,Petrol,2017,12417.0,125.0,16.35015250273762,1.4,52.0,0,8940
Ford, Focus,Manual,Diesel,2017,25279.0,0.0,74.3,1.5,40.0,0,12998
Opel, Astra,Manual,Petrol,2018,14400.0,145.0,45.6,1.6,70.0,1,12295
VW, Polo,Manual,Petrol,2017,24341.0,20.0,60.1,1.2,62.0,0,10000
, A3,Manual,,2017,20359.0,30.0,60.1,1.4,37.0,1,17498
Toyota, Yari,Manual,Petrol,2017,29271.0,30.0,58.0,1.3,81.0,3,8499
Mercedes, A Class,Automatic,Petrol,2020,2983.0,145.0,,1.3,39.0,0,25644
Mercedes, CL Class,Semi-Auto,Petrol,2019,2001.0,145.0,38.2,2.0,42.0,2,27149
Toyota, Aygo,Manual,Petrol,2017,24086.0,0.0,69.0,1.0,51.0,3,6295
VW, POLO,Manual,Petrol,,3205.0,145.0,52.3,1.0,84.0,0,15985
Ford, C-MAX,Automatic,Diesel,2016,82584.13442011928,20.0,64.2,1.5,62.0,2,11497
Audi, A6,Automatic,Diesel,2019,6200.0,145.0,35.8,0.1545293172703747,49.0,2,46750
BMW, 3 Series,Semi-Auto,Diesel,2019,10430.0,150.0,52.3,2.0,88.0,0,27888
Audi, A4,Automatic,Petrol,2019,6000.0,145.0,40.9,2.0,35.0,2,30500
Opel, Astra,Manual,Diesel,2019,10.0,145.0,58.9,1.6,30.0,4,14775
BMW, 3 Series,Manual,Petrol,2014,59776.0,165.0,44.8,2.0,77.0,1,9999
Mercedes, A Class,Semi-Auto,Diesel,2020,1000.0,145.0,67.3,1.5,32.0,1,24109
Opel, Meriva,Manual,Petrol,2017,20672.0,,47.1,1.4,91.0,2,8698
BMW, X3,Semi-Auto,Petrol,2019,17173.0,145.0,30.4,2.0,46.0,3,31200
Mercedes, C Class,Semi-Auto,Diesel,2017,46512.0,145.0,65.7,2.1,65.0,2,22000
Ford, C-MAX,Semi-Auto,Diesel,2016,25356.0,20.0,64.2,1.5,32.0,0,10498
Ford, Focus,Manual,Petrol,2017,14724.0,,60.1,1.0,68.0,4,12300
Skoda, Octavia,Semi-Auto,Petrol,2019,2965.0,,46.3,2.0,44.0,3,19490
Ford, Focus,Manual,Petrol,2015,40253.0,20.0,60.1,1.0,91.0,1,8000
Ford, Ka+,Manual,Petrol,2019,255.0,145.0,47.9,1.2,38.0,4,12000
Audi, Q5,Automatic,Diesel,2013,50111.0,200.0,47.1,2.0,37.0,2,13999
Mercedes, E Class,Semi-Auto,Diesel,2019,15189.0,145.0,72.4,2.0,77.0,0,24349
Opel, COMBO LIFE,Manual,Diesel,2019,9726.0,145.0,53.3,1.5,97.0,3,13798
Hyundai, Kona,Manual,Petrol,2019,17976.0,145.0,44.1,1.0,89.0,2,14485
Ford, Kug,Automatic,Petrol,2017,13265.0,240.0,38.2,1.5,68.0,3,13998
Audi, A1,Manual,Petrol,2016,20905.0,30.0,56.5,1.4,48.0,0,14495
Audi, Q3,Semi-Auto,Diesel,2013,34925.0,200.0,47.9,2.0,32.0,1,13950
VW, Polo,Semi-Auto,Petrol,2016,23268.0,20.0,61.4,1.4,95.0,0,12998
Ford,,Manual,Petrol,2018,7273.0,145.0,48.7,1.2,95.0,4,8895
VW, Polo,Manual,Petrol,2018,4702.0,145.0,64.2,1.0,77.0,4,12990
Skoda, Superb,Semi-Auto,Diesel,2016,52722.0,30.0,62.8,2.0,43.0,2,13450
Toyota, Yaris,Manual,Petrol,2019,5571.0,145.0,47.9,1.5,59.0,4,11995
VW, Up,Manual,Petrol,2020,63.0,145.0,54.3,1.0,43.0,3,9990
Ford, EcoSport,Automatic,Petrol,2018,28536.0,145.0,48.7,1.0,34.0,1,13895
Mercedes, C Class,Semi-Auto,Petrol,2018,3748.0,145.0,44.1,1.5,33.0,3,28480
Ford, Fiesta,Manual,Petrol,2018,29100.0,150.0,65.7,1.0,36.0,1,10700
Opel, Mokka,Manual,Petrol,2015,33671.0,200.0,,1.6,58.0,3,7795
Toyota, Auris,Automatic,Petrol,2011,150000.0,0.0,70.6,1.8,35.0,4,4999
Hyundai, IX20,Automatic,Petrol,2017,27918.0,145.0,,1.6,81.0,2,9628
Toyota, Yari,Automatic,Hybrid,2015,29852.0,0.0,78.0,1.5,80.0,2,10490
Skoda, Octavia,Manual,Petrol,2017,7000.0,165.0,45.6,2.0,77.0,2,17495
Audi, A3,Manual,Petrol,2017,15000.0,150.0,54.3,1.5,43.0,1,18250
Ford, Focus,Automatic,Petrol,2016,29320.0,125.0,51.4,1.0,95.0,,10250
BMW, X4,Semi-Auto,Diesel,2020,999.0,145.0,37.2,3.0,68.0,2,46995
Mercedes, B Class,Semi-Auto,Petrol,2019,10713.0,145.0,45.6,1.3,79.0,2,20998
Opel, Ampera,Automatic,Electric,2015,34461.0,0.0,235.4,1.4,83.0,1,12999
Ford, Kuga,Manual,Diesel,2017,9969.0,145.0,,1.5,36.0,1,17495
Ford, Focus,Manual,Petrol,2015,20018.0,20.0,60.1,1.0,51.0,3,9495
Audi, A5,Automatic,Diesel,2016,38895.0,125.0,58.9,2.0,75.0,1,17000
Opel, Corsa,Manual,Diesel,2014,53479.0,30.0,,1.3,89.0,4,4785
Ford,,Manual,Petrol,2015,35130.0,30.0,57.7,1.2,77.0,4,5000
Opel, Corsa,Manual,Petrol,2017,36234.0,30.0,,1.4,96.0,2,7999
Audi, Q5,Semi-Auto,Diesel,,5700.0,145.0,38.2,2.0,56.0,1,38000
VW, Tiguan,Manual,Diesel,2017,15000.0,145.0,50.4,2.0,34.0,1,18250
Skoda, Fabia,Manual,Petrol,2019,12300.0,145.0,57.7,1.0,95.0,3,9999
Audi, Q3,Semi-Auto,Diesel,2015,18776.0,150.0,55.4,2.0,76.0,0,16490
BMW, 1 Series,Manual,Diesel,2016,34683.0,0.0,83.1,1.5,86.0,3,11000
Mercedes, C Class,Automatic,Diesel,2008,90000.0,260.0,42.2,2.1,99.0,2,4995
Audi, Q2,Manual,Petrol,2018,10581.0,145.0,52.3,1.4,56.0,1,18351
VW, Golf,Manual,Diesel,2017,63544.0,145.0,67.3,1.6,44.0,0,9780
Audi, A1,Manual,Diesel,2018,37074.0,145.0,,1.6,77.0,0,12495
BMW, 2 Series,Semi-Auto,Petrol,2019,2070.0,145.0,40.9,1.5,80.0,3,21500
Mercedes, CLS Class,Semi-Auto,Diesel,2019,4001.0,145.0,47.9,2.9,48.0,0,40998
VW, Golf,Manual,Diesel,2017,27815.0,20.0,67.3,2.0,94.0,1,18495
Ford, Fiesta,Manual,Petrol,2017,14186.0,145.0,65.7,1.0,71.0,4,10451
VW, Tiguan,Semi-Auto,Diesel,2016,37665.0,,,2.0,31.0,2,13498
BMW, 1 Series,Semi-Auto,Petrol,2017,15010.0,145.0,39.8,3.0,97.0,1,20998
Ford, Fiesta,Manual,Diesel,2014,50016.0,,78.5,1.6,41.0,4,6695
BMW, 4 Series,Manual,Petrol,2019,8129.0,145.0,46.3,2.0,38.0,1,24888
Toyota, Aygo,Manual,Petrol,2018,16283.0,145.0,,1.0,61.0,1,6995
BMW,2 Series,Automatic,Diesel,2019,3890.0,,,2.0,67.0,2,25449
Opel, Astra,Manual,Petrol,2016,37300.0,125.0,51.4,1.4,38.0,0,8498
VW, Polo,Manual,Petrol,2016,41501.0,20.0,60.1,1.2,84.0,3,9250
VW, Tiguan,Semi-Auto,Diesel,2017,20392.0,145.0,49.6,2.0,60.0,0,19842
Ford, Kuga,Manual,Diesel,2017,11744.0,30.0,64.2,1.5,73.0,2,13600
Ford, Fiesta,Manual,Petrol,2016,15635.0,0.0,65.7,,63.0,,8995
Audi, A3,Manual,Petrol,2016,21771.0,20.0,62.8,1.0,48.0,3,12800
Ford, Focus,Automatic,Petrol,2019,13312.0,145.0,50.4,1.0,95.0,2,15298
VW, Polo,Semi-Auto,Petrol,2019,10324.0,145.0,45.6,1.0,43.0,2,14290
, X5,Semi-Auto,Diesel,2020,1501.0,145.0,37.7,3.0,81.0,2,51880
BMW, X1,Automatic,Diesel,2016,41571.0,125.0,,2.0,50.0,3,15199
Opel, Insignia,Automatic,Diesel,2018,33894.0,145.0,,2.0,89.0,4,15199
VW, T-Cross,Manual,Petrol,2019,337.0,145.0,,1.0,54.0,0,18945
Audi,A4,Manual,Petrol,2016,25634.0,145.0,51.4,1.4,67.0,2,14500
Ford, Fiesta,Manual,Petrol,2015,49142.0,125.0,,1.2,40.0,3,7000
Toyota, Aygo,Manual,Petrol,2017,,145.0,68.9,1.0,59.0,0,9295
Opel, Astra,Manual,Petrol,2017,15255.0,125.0,51.4,1.4,61.0,4,10170
Hyundai, Tucson,Manual,Petrol,2016,38334.0,165.0,44.8,1.6,48.0,4,11500
Opel, Zafira,Manual,Petrol,2017,10883.0,200.0,42.2,1.4,44.0,0,12000
VW, Golf,Semi-Auto,Petrol,2020,100.0,,45.6,1.5,71.0,3,22490
Mercedes, E Class,Semi-Auto,Diesel,2017,19893.0,145.0,54.3,3.0,73.0,4,24980
Opel, Grandland X,Manual,Diesel,2019,6639.0,,56.5,1.5,33.0,0,16590
Toyota, Prius,Automatic,Hybrid,2015,32314.0,0.0,,1.8,44.0,0,15499
VW, Golf,Manual,Petrol,2018,16666.0,150.0,,2.0,92.0,0,23995
Opel, Corsa,Manual,Petrol,2019,9118.0,,44.8,1.4,31.0,1,10698
VW, Passat,,Diesel,2020,7082.0,145.0,37.2,2.0,78.0,3,32965
Skoda, Octavia,Semi-Auto,Diesel,2019,10925.0,150.0,70.6,1.6,69.0,3,14995
Skoda, rapid,Manual,Petrol,2019,,145.0,58.9,,,3,9545
Audi, A3,Manual,Diesel,2019,100.0,145.0,51.4,1.6,92.0,1,18490
Ford, Focus,Manual,Diesel,2016,72085.0,20.0,67.3,2.0,97.0,4,11500
VW, Amarok,Automatic,Diesel,2018,5940.0,,,3.0,56.0,1,30999
VW, Golf,Manual,Petrol,2019,6846.0,150.0,36.2,2.0,,4,27999
Opel, Corsa,Manual,Petrol,2019,1195.0,145.0,43.5,1.4,65.0,3,10320
Mercedes, E Class,Semi-Auto,Petrol,2018,11999.0,,32.8,3.0,95.0,4,39495
BMW,,Semi-Auto,Petrol,2020,105.0,145.0,38.7,2.0,65.0,1,30990
Toyota, Aygo,Manual,Petrol,2017,9961.0,,68.9,1.0,32.0,3,7990
Mercedes, E Class,Semi-Auto,Hybrid,2019,7220.0,135.0,188.3,2.0,53.0,4,41399
, C-MAX,Manual,Petrol,2017,1217.0,150.0,55.4,1.0,92.0,1,11499
VW, Golf,Manual,Diesel,2019,5414.0,145.0,57.7,1.6,31.0,0,16693
VW, Up,Manual,Petrol,2017,33269.0,,64.2,1.0,86.0,2,7290
VW, Passat,,Diesel,2019,3433.0,145.0,47.9,2.0,49.0,2,22941
VW, Tiguan,Manual,Diesel,2018,12535.0,145.0,58.9,2.0,88.0,0,23495
Opel, Corsa,Manual,Petrol,2019,6560.0,145.0,43.5,1.4,83.0,0,10995
VW, sharan,Semi-Auto,Diesel,2019,8602.0,145.0,41.5,2.0,75.0,1,26990
Ford, Fiesta,Semi-Auto,Petrol,2017,19145.0,0.0,57.7,1.0,50.0,1,11499
Hyundai, Tucson,Manual,Diesel,2017,36681.0,30.0,,1.7,47.0,4,12995
Mercedes, A Class,Manual,Petrol,2003,109090.0,235.0,40.0,1.4,74.0,1,650
Mercedes, C Class,Semi-Auto,Petrol,2019,9938.0,145.0,46.3,1.5,56.0,0,26925
BMW, 3 Series,Semi-Auto,Diesel,2019,7685.0,145.0,48.7,2.0,35.0,1,35000
Audi, Q3,Semi-Auto,Petrol,2020,2500.0,145.0,31.4,2.0,69.0,0,34750
Mercedes, A Class,Semi-Auto,Petrol,2019,10617.0,150.0,53.3,1.3,61.0,0,23500
Opel, Corsa,Manual,Petrol,2019,5014.0,145.0,43.5,1.4,58.0,2,8890
VW, Golf,Semi-Auto,Petrol,2018,23537.0,145.0,44.1,2.0,81.0,4,20499
VW, Passat,Semi-Auto,Diesel,2013,71249.0,150.0,54.3,2.0,77.0,3,7999
Hyundai, tucson,Semi-Auto,Petrol,2017,19099.0,145.0,39.8,1.6,61.0,2,17095
BMW, Z3,,Petrol,1998,56500.0,270.0,35.3,1.9,96.0,2,3950
Opel, Antara,Manual,Diesel,2013,62000.0,240.0,44.1,2.2,67.0,2,6599
Toyota, Yaris,Automatic,Hybrid,2017,21709.0,0.0,86.0,1.5,75.0,3,11995
Skoda, Octavia,Manual,Petrol,2017,30972.0,150.0,58.9,1.0,43.0,0,11495
Toyota, Aygo,Manual,Petrol,2017,17047.0,0.0,69.0,1.0,46.0,1,6550
Ford, EcoSport,Manual,Petrol,2019,3207.0,145.0,27.70948954406702,1.0,74.0,1,16100
Ford,,Semi-Auto,Petrol,2016,2903.0,160.0,44.8,1.6,56.0,3,10795
Audi, Q3,Semi-Auto,Petrol,2019,7199.0,145.0,32.1,2.0,61.0,1,33490
Ford, Fiesta,Manual,Petrol,2014,18358.0,0.0,65.7,,67.0,3,8495
Hyundai, I30,Manual,Petrol,2015,20662.0,,,1.4,51.0,1,8498
, Gol,Manual,Petrol,,21706.0,150.0,47.1,2.0,59.0,1,19999
Ford, Focus,Manual,Petrol,2015,35689.0,205.0,41.5,2.0,38.0,1,13998
Hyundai, Kona,Manual,Petrol,2018,8906.0,145.0,,1.0,90.0,4,13499
VW, Polo,Manual,Petrol,2016,27934.0,20.0,,1.2,91.0,0,9991
Audi, A1,Manual,Petrol,2016,21700.0,0.0,67.3,1.0,43.0,4,10799
Audi, Q5,Semi-Auto,Diesel,2015,35520.0,260.0,41.5,3.0,41.0,1,23998
Toyota, Yaris,Manual,Petrol,2017,19680.0,145.0,58.9,1.5,34.0,2,8998
Audi, A3,Semi-Auto,Diesel,2017,15000.0,145.0,70.6,1.6,39.0,2,20450
Opel, Astra,Manual,Diesel,2016,29468.0,20.0,72.4,1.6,38.0,1,8990
VW, Passat,Manual,Diesel,2019,16482.0,145.0,53.3,2.0,56.0,2,14990
VW, Golf,Manual,Petrol,2016,25882.0,30.0,53.3,1.4,82.0,2,12999
, Focus,Manual,Petrol,2013,29353.0,30.0,56.5,1.0,73.0,3,6991
Ford, focus,Manual,,2016,31500.0,0.0,74.3,1.5,74.0,1,10142
Opel, Mokka,Manual,Diesel,2015,49618.0,125.0,60.1,,45.0,2,8999
Ford, Fiesta,Manual,Petrol,2018,24608.0,,65.7,1.0,93.0,3,10999
Toyota, Aygo,Manual,Petrol,2017,13335.0,145.0,69.0,1.0,63.0,4,7990
Opel, Crossland X,Automatic,Petrol,2019,392.0,150.0,44.1,1.2,82.0,0,16990
Opel, Corsa,Manual,Petrol,2019,9493.0,145.0,43.5,1.4,53.0,3,10399
Opel, Mokka X,Manual,Petrol,2019,9479.0,145.0,39.2,1.4,60.0,1,14000
Mercedes, A Class,Automatic,Diesel,2019,15446.0,,68.9,1.5,88.0,1,18844
Skoda, Yeti,Manual,Petrol,2014,13593.0,165.0,46.3,1.2,33.0,1,11000
Mercedes, C Class,Automatic,Petrol,2019,21927.0,145.0,,3.0,73.0,1,34890
Opel, Insignia,Manual,Diesel,2015,73667.0,290.4867850792564,62.8,2.0,76.0,,7200
VW, Polo,Manual,Petrol,2017,9801.0,20.0,58.9,1.0,89.0,2,9980
BMW, 3 Series,Automatic,Hybrid,2016,22317.0,,134.5,2.0,77.0,2,19399
Hyundai, I10,Manual,Petrol,2017,24705.0,145.0,60.1,1.0,90.0,1,6999
Audi, Q7,Semi-Auto,Diesel,2017,45000.0,145.0,39.2,4.0,51.0,0,47000
Opel, Astra,Manual,Diesel,2018,8382.0,145.0,76.3,1.6,60.0,4,11200
Mercedes, B Class,Semi-Auto,Diesel,2019,2369.0,145.0,55.4,2.0,78.0,3,26899
Hyundai, I20,Manual,Petrol,2013,47602.0,30.0,57.6,1.2,,2,4950
Opel, Insignia,Automatic,Petrol,2018,10000.0,145.0,47.1,1.5,77.0,1,15490
VW, Polo,Automatic,Petrol,2017,13512.0,,50.4,1.8,36.0,3,15990
Opel, Astra,Automatic,Diesel,2017,19728.0,125.0,61.4,1.6,60.0,2,10799
Audi, A6,Semi-Auto,Diesel,2013,67636.0,260.0,42.2,3.0,63.0,2,15290
BMW, 3 Series,Automatic,Diesel,2017,12330.0,30.0,64.2,2.0,48.0,0,16900
VW, Golf,Semi-Auto,Petrol,2017,37269.0,0.0,65.7,1.0,35.0,1,11798
Audi, A3,Manual,Petrol,2016,47602.0,30.0,,1.4,92.0,0,13500
Audi, A5,Automatic,Petrol,2019,250.0,145.0,40.4,2.0,34.0,4,30650
BMW, 1 Series,Automatic,Petrol,2017,4632.0,145.0,54.3,1.5,49.0,2,17695
VW, Passat,Manual,Diesel,2015,68922.0,20.0,68.9,1.6,90.0,4,8991
BMW, X5,Automatic,Diesel,2017,39593.0,200.0,47.1,3.0,38.0,2,32990
Ford, Ka+,Manual,Petrol,2017,23458.0,30.0,57.7,1.2,99.0,,7170
VW, Golf,Semi-Auto,Petrol,2018,29551.0,,39.8,2.0,83.0,3,23980
Hyundai, i10,Manual,Petrol,2017,35162.0,150.0,60.1,1.0,62.0,4,7259
Skoda, Fabia,Manual,Petrol,2017,24598.0,150.0,60.1,1.2,92.0,0,8500
VW, T-Roc,Semi-Auto,Petrol,2019,2860.0,145.0,39.8,1.5,70.0,0,22495
Toyota, RAV4,Automatic,Hybrid,2019,7735.0,135.0,49.6,2.5,71.0,2,33892
BMW, 5 series,Automatic,Petrol,2019,123.0,145.0,39.2,3.0,34.0,4,41550
Audi, A3,Manual,Petrol,2013,58867.0,125.0,53.3,1.4,94.0,1,8498
VW, Passat,Semi-Auto,Diesel,,3800.0,145.0,49.6,1.6,42.0,3,21989
VW, Passat,Semi-Auto,Diesel,2017,15118.0,145.0,60.1,2.0,86.0,4,18990
Mercedes, A Class,Automatic,Diesel,2019,4554.0,145.0,62.8,1.5,46.0,1,22299
VW, Tiguan,Semi-Auto,Diesel,2017,52286.0,145.0,49.6,2.0,74.0,0,20981
BMW, 1 Series,Automatic,Diesel,2019,9516.0,145.0,48.7,2.0,38.0,4,31200
VW, Tiguan Allspace,Semi-Auto,Petrol,2019,1633.0,150.0,35.8,1.5,78.0,0,28242
Audi, Q8,Semi-Auto,Diesel,2019,2715.0,145.0,9.821461970493658,3.0,45.0,4,51950
Opel, Corsa,Manual,Petrol,2017,27654.0,30.0,55.4,1.4,78.0,2,6999
Audi, A4,Semi-Auto,Petrol,2017,13632.0,145.0,51.4,1.4,30.0,0,19490
Audi, A4,Automatic,Diesel,2019,5432.0,145.0,50.4,2.0,70.0,0,25999
Audi, A4,Automatic,,2017,21218.0,30.0,65.7,2.0,45.0,0,19000
Audi, A1,Automatic,Petrol,2019,6481.0,150.0,40.9,2.0,31.0,4,22450
Toyota, Yaris,Automatic,Hybrid,2016,25750.0,,86.0,1.5,68.0,2,11000
Audi, A4,Manual,Petrol,2017,12823.0,145.0,52.3,1.4,42.0,3,17490
VW, Up,Manual,Petrol,2015,8730.0,,61.4,1.0,80.0,0,6390
Ford, C-MAX,Manual,Petrol,2015,,30.0,55.4,1.0,47.0,2,7990
Hyundai, I10,Manual,Petrol,2018,40050.0,150.0,60.1,1.0,53.0,0,7500
VW, Gol,Manual,Petrol,2018,27260.0,145.0,58.9,1.0,89.0,3,12590
BMW, 3 Series,Semi-Auto,Diesel,2016,26949.0,160.0,51.4,3.0,74.0,2,19581
VW, Passat,Semi-Auto,Diesel,2017,77445.0,145.0,70.6,1.6,94.0,4,11691
Skoda, Fabia,Manual,Petrol,,24834.0,145.0,64.2,1.0,59.0,4,8990
BMW, 4 Series,Manual,Petrol,2015,21324.0,200.0,39.8,2.0,88.0,0,15331
Ford,Focus,Manual,Petrol,2017,16601.0,200.0,41.5,2.0,30.0,2,17899
Ford, Ka+,Manual,Petrol,2018,17554.0,145.0,57.7,1.2,44.0,0,9000
BMW, 2 Series,Automatic,Hybrid,2016,115470.0,0.0,,1.5,78.0,2,10500
Ford, Kuga,Manual,Diesel,2019,16324.0,145.0,47.9,2.0,95.0,2,16900
Toyota, Aygo,Semi-Auto,Petrol,2016,15999.0,0.0,67.0,1.0,90.0,2,7440
Mercedes, GLE Class,Automatic,Diesel,2016,36098.0,205.0,47.9,2.1,64.0,3,25000
Audi, TT,Manual,Petrol,2016,27203.0,165.0,46.3,1.8,67.0,3,17900
Skoda,Octavia,Manual,Petrol,2018,37130.0,150.0,56.5,1.5,46.0,2,12690
Ford, Fiesta,Manual,Petrol,2018,14401.0,150.0,65.7,1.0,55.0,0,12250
Opel, Mokka,Manual,Diesel,2015,22113.0,20.0,68.9,1.6,54.0,0,9500
Toyota, Aygo,Manual,Petrol,2017,14156.0,145.0,69.0,1.0,62.0,0,7995
Mercedes, C Class,Semi-Auto,Diesel,2015,24923.0,30.0,64.2,2.1,51.0,4,17636
Ford, Fiesta,Manual,Petrol,2018,7000.0,,40.3,1.5,32.0,0,16991
Mercedes, GLA Class,Semi-Auto,Diesel,2017,36414.0,30.0,64.2,2.1,87.0,2,16990
VW, T-Roc,Manual,Diesel,2018,6482.0,145.0,50.4,1.6,75.0,0,18595
Opel, Astra,Manual,Petrol,2019,5761.0,145.0,62.8,1.0,86.0,2,11700
VW, T-Cross,Manual,Petrol,2019,5238.0,145.0,48.7,1.0,85.0,3,16750
Toyota, Prius,Automatic,Hybrid,2014,47221.0,0.0,134.5,1.8,74.0,3,15995
Hyundai, I20,Manual,Petrol,2017,18281.0,30.0,,1.2,31.0,1,8500
Mercedes, C Class,Automatic,Petrol,2018,7351.0,145.0,40.4,2.0,35.0,0,23480
Opel, Mokka X,Automatic,Petrol,2017,20148.0,,43.5,1.4,80.0,1,13900
Ford, Focus,Manual,Diesel,2017,14090.0,145.0,74.3,1.5,64.0,4,11370
Toyota, Yaris,Automatic,Hybrid,2016,30338.0,0.0,86.0,1.5,37.0,0,12191
BMW, M3,Semi-Auto,Petrol,2017,14894.0,300.0,,3.0,32.0,,38000
Toyota, Aygo,Manual,Petrol,2019,7052.0,150.0,57.7,1.0,48.0,1,9700
Mercedes, GLC Class,Semi-Auto,Petrol,2020,2729.0,145.0,34.0,2.0,92.0,4,34987
Toyota, Aygo,Automatic,Petrol,2018,19459.0,150.0,67.0,1.0,94.0,4,7785
VW, Tiguan,Semi-Auto,Diesel,2017,42755.0,,49.6,2.0,63.0,1,22750
Opel, Corsa,Manual,Petrol,2017,22524.0,30.0,55.4,1.4,44.0,2,7991
VW, Tiguan,Manual,Petrol,2017,25842.0,145.0,48.7,1.4,66.0,1,18950
BMW, 2 Series,Semi-Auto,Petrol,2017,14612.0,,38.2,3.0,65.0,2,20499
Mercedes, E Class,,Diesel,2019,13304.0,145.0,72.4,2.0,97.0,2,26499
Audi, A1,Manual,Petrol,2018,8413.0,,56.5,1.4,32.0,2,13995
BMW, 2 Serie,Semi-Auto,Diesel,2017,14500.0,20.0,68.9,2.0,57.0,3,14200
Mercedes, GLE Class,Semi-Auto,Diesel,2016,42913.0,,47.9,2.1,34.0,4,24998
Ford, Galaxy,Manual,Diesel,2018,55203.0,150.0,56.5,2.0,53.0,1,13985
BMW, 1 Series,Semi-Auto,Diesel,2017,17988.0,145.0,61.4,2.0,90.0,0,17950
Audi, A3,Manual,Diesel,2020,3000.0,145.0,56.5,2.0,65.0,0,20499
VW, Golf,Manual,Diesel,2018,34756.0,150.0,61.4,1.6,69.0,0,15189
Ford, Focus,Manual,Petrol,2017,30564.0,145.0,58.9,1.0,66.0,4,11795
Audi, Q3,,Petrol,2016,14997.0,125.0,50.4,1.4,60.0,2,16150
Opel, Astra,Manual,Petrol,2014,31083.0,125.0,51.4,1.4,51.0,4,6782
Opel, Zafira,Automatic,Diesel,2015,10234.0,200.0,46.3,2.0,62.0,2,10797
, Tiguan,Manual,Petrol,2019,15576.0,145.0,40.9,1.5,34.0,0,19798
Audi, A5,Semi-Auto,Diesel,2020,1000.0,145.0,50.4,2.0,79.0,0,30000
Ford, Kuga,Manual,Diesel,2019,7758.0,145.0,47.9,2.0,35.0,3,18399
Ford, Focus,Automatic,Petrol,2016,12416.0,125.0,51.4,1.0,95.0,4,10489
Ford, Focus,Manual,Petrol,2014,78767.0,150.0,47.9,1.6,99.0,3,5299
Audi, A4,Automatic,Diesel,,4983.0,145.0,48.7,2.0,39.0,3,27490
Opel, Astra,Manual,Petrol,2019,15408.0,150.0,46.3,1.4,67.0,2,13359
Audi, Q8,Automatic,Diesel,,6000.0,145.0,32.8,3.0,34.0,0,64990
BMW, 1 Series,Manual,Diesel,2016,46035.0,20.0,70.6,1.5,64.0,1,10899
Hyundai, I30,Manual,Petrol,2019,2813.0,145.0,45.6,1.0,57.0,2,13750
Ford, Focus,Automatic,Petrol,2019,10677.0,145.0,41.5,1.0,74.0,4,18295
Audi, A6,Semi-Auto,Diesel,2017,41672.0,20.0,64.2,2.0,78.0,1,17875
Toyota, Yaris,Automatic,,2018,10142.0,140.0,76.3,1.5,54.0,4,13900
Mercedes, A Class,Automatic,Diesel,2015,83000.0,20.0,67.3,2.1,89.0,,11490
VW, T-Roc,Semi-Auto,Petrol,2018,6532.0,145.0,41.5,2.0,58.0,1,23799
BMW, 1 Series,Semi-Auto,,2019,7500.0,145.0,34.5,2.0,,1,30123
Toyota, Auris,Automatic,Hybrid,2016,13821.0,0.0,78.5,1.8,33.0,2,14999
Opel, Meriva,Manual,Diesel,2011,50500.0,125.0,,1.2,73.0,3,3250
Ford, Fiesta,Manual,Petrol,2018,10970.0,145.0,58.9,1.0,86.0,1,10998
BMW, X1,Semi-Auto,Diesel,2019,9027.0,,50.4,2.0,54.0,0,26480
Ford, Fiesta,Semi-Auto,Petrol,2017,21899.0,0.0,57.7,1.0,38.0,3,9789
VW, Sharan,Semi-Auto,Diesel,2017,15352.0,150.0,54.3,2.0,84.0,1,19991
VW, Up,Automatic,Petrol,2013,56169.0,20.0,62.8,1.0,51.0,3,6600
Opel, Astra,Manual,Petrol,2018,167.0,145.0,52.3,1.4,72.0,4,12795
Hyundai, I10,Manual,Petrol,2013,,20.0,,1.2,85.0,3,3995
Skoda, Fabia,Manual,Petrol,2017,33988.0,145.0,58.9,1.2,35.0,3,10491
BMW, 3 Series,Automatic,Diesel,2018,10591.0,145.0,67.3,2.0,80.0,1,16200
Skoda, Yeti Outdoor,Semi-Auto,Petrol,2017,22929.0,125.0,51.4,1.2,50.0,0,12860
Opel, Astra,Manual,Petrol,2016,26696.0,125.0,51.4,1.4,89.0,3,9298
BMW, 3 Series,Semi-Auto,Diesel,2019,4250.0,145.0,,2.0,55.0,4,29450
BMW, X1,Semi-Auto,Diesel,2014,68647.0,160.0,52.3,2.0,44.0,3,9998
Toyota, yaris,Manual,Petrol,2017,14361.0,145.0,58.9,1.5,91.0,4,10590
Opel, Mokka X,Manual,Petrol,2016,46340.0,150.0,47.1,1.4,96.0,0,8995
VW, Golf SV,Manual,Diesel,2019,,145.0,55.4,1.6,33.0,0,16750
Mercedes, GLC Class,Semi-Auto,Diesel,2019,5218.0,145.0,40.9,2.0,67.0,0,39790
VW, T-Roc,Manual,Petrol,,5.0,145.0,42.2,1.5,90.0,4,25480
Ford, Focus,Manual,,2017,22344.0,150.0,51.4,1.5,42.0,4,11650
Mercedes, A Class,Manual,Petrol,2017,18977.0,145.0,52.3,1.6,73.0,4,14089
Opel, Grandland X,Automatic,Diesel,2019,5489.0,145.0,53.3,1.5,70.0,2,20990
Ford,Fiesta,Manual,Petrol,2015,42627.0,20.0,62.8,1.0,80.0,3,7791
BMW, 3 Series,Semi-Auto,Diesel,2019,4025.0,150.0,,3.0,55.0,0,38980
Audi, A6,Manual,Diesel,2016,57572.0,30.0,61.4,2.0,56.0,0,13490
Ford, Focus,Manual,Petrol,2018,9795.0,145.0,58.9,1.0,32.0,3,14999
Opel, Mokka X,Manual,Petrol,2019,9495.0,145.0,39.2,1.4,37.0,0,14500
VW, Polo,Semi-Auto,Petrol,2019,3389.0,145.0,39.8,2.0,34.0,3,19999
BMW, X4,Automatic,Diesel,2015,51532.0,145.0,54.3,2.0,80.0,0,19500
Skoda, Octavia,Manual,Petrol,2018,17436.0,145.0,58.9,1.0,83.0,1,11485
Skoda, Yeti Outdoor,Manual,Diesel,2016,19212.0,30.0,62.8,2.0,58.0,0,11498
BMW,1 Series,Manual,Diesel,2016,71603.0,20.0,70.6,1.5,94.0,1,9990
Toyota, Yaris,Manual,Petrol,2015,29568.0,30.0,58.0,1.3,86.0,0,7695
Audi, Q5,Semi-Auto,Diesel,2016,42000.0,240.0,42.8,3.0,33.0,2,28795
Skoda, Yeti,Manual,Diesel,2017,36078.0,,62.8,2.0,30.0,0,10500
Hyundai, I10,Manual,Petrol,2015,44444.0,30.0,57.6,1.2,61.0,3,6500
Opel, Mokka X,Manual,Petrol,2018,4186.0,150.0,47.1,1.4,83.0,2,12915
BMW, 1 series,Manual,Petrol,2013,50000.0,145.0,49.6,1.6,,3,8000
Opel, Crossland X,Manual,Diesel,2018,30148.0,150.0,78.5,1.6,95.0,3,10400
, E Class,Semi-Auto,Diesel,2019,7630.0,145.0,48.7,3.0,88.0,0,35149
Ford, Grand Tourneo Connect,Automatic,Diesel,2016,29000.0,125.0,56.6,1.5,34.0,4,13000
Skoda, OCTAVIA,Manual,Petrol,2019,13500.0,150.0,55.4,1.5,79.0,3,14995
Toyota, Yaris,Semi-Auto,Petrol,2009,81300.0,30.0,55.4,1.3,30.0,2,3750
VW, Polo,Manual,Petrol,2015,19583.0,20.0,60.1,1.0,88.0,4,8432
Opel, Adam,Manual,Petrol,2019,6291.0,145.0,53.3,1.2,90.0,0,9490
Ford, Ka+,Manual,Petrol,2019,1196.0,145.0,43.5,1.2,66.0,3,9950
Mercedes, C Class,Automatic,Diesel,2016,,30.0,64.2,2.1,34.0,4,19400
BMW, 4 Series,Manual,Diesel,2015,33636.0,145.0,55.4,2.0,87.0,1,15780
BMW, 1 Series,Manual,Diesel,2017,30393.0,0.0,78.5,1.5,43.0,2,11000
Mercedes, E Class,Semi-Auto,Diesel,2017,24046.0,30.0,65.7,2.0,77.0,2,19490
Audi, A6,Automatic,Diesel,2019,9000.0,145.0,47.9,2.0,94.0,1,30500
VW, Golf,Semi-Auto,Petrol,2019,9430.0,145.0,37.7,2.0,34.0,0,29250
Skoda, Karoq,Manual,Petrol,2018,14667.0,145.0,53.3,1.0,87.0,,16490
Audi, Q5,Automatic,Diesel,2019,11254.0,145.0,38.2,2.0,71.0,0,33850
VW,,Semi-Auto,Petrol,2017,17500.0,150.0,55.4,1.4,99.0,0,13995
Opel, Corsa,Manual,Petrol,2013,47277.0,,51.4,1.2,65.0,3,4498
Mercedes, A Class,Manual,Diesel,2016,62528.0,30.0,64.2,2.1,35.0,1,10500
VW, Golf,Manual,Diesel,2018,34000.0,145.0,61.4,1.6,36.0,,15189
Audi, A3,Manual,Diesel,2020,100.0,,52.3,1.6,86.0,0,26500
VW, Polo,Manual,Petrol,2017,23252.0,20.0,60.1,1.0,99.0,3,8298
Skoda, Yeti Outdoor,Manual,Petrol,2016,42706.0,125.0,51.4,1.2,46.0,4,11725
Toyota, Yaris,Manual,Petrol,2018,18946.0,145.0,58.9,1.5,90.0,2,10721
BMW, 1 Series,Manual,Petrol,2015,27411.0,305.0,35.3,3.0,,1,16491
Skoda, Kamiq,Manual,Petrol,2019,1500.0,145.0,47.9,1.0,68.0,0,17495
VW, Golf,Automatic,Hybrid,2016,31513.0,,,1.4,95.0,4,17999
Opel, Astra,Manual,Petrol,2017,,145.0,51.4,1.4,42.0,2,9999
Ford, Fiesta,Manual,Petrol,2016,58740.0,0.0,65.7,1.0,92.0,4,6630
Audi, A3,Manual,Diesel,2019,9500.0,145.0,55.4,2.0,42.0,3,22400
Skoda,,Automatic,Petrol,2018,27835.0,145.0,54.3,1.0,36.0,1,15999
Audi, A5,Semi-Auto,Diesel,2017,27049.0,145.0,67.3,2.0,63.0,0,19498
BMW, 2 SERIES,Automatic,Diesel,2018,20915.0,,49.6,2.0,68.0,4,20000
Ford, Focus,Manual,Petrol,2018,14034.0,145.0,58.9,1.0,67.0,4,15295
Opel, Astra,Manual,Petrol,2018,24133.0,145.0,62.8,1.0,92.0,4,9610
Ford, Focus,Manual,Diesel,2017,31350.0,145.0,74.3,1.5,,4,10500
VW, Passat,Manual,Diesel,2019,16796.0,150.0,51.4,,34.0,0,17391
Toyota, RAV4,Manual,Diesel,2015,63000.0,165.0,49.6,2.2,93.0,3,10995
VW, Polo,Manual,Petrol,2020,10.0,145.0,52.3,1.0,77.0,0,17290
Toyota, Yaris,Manual,Petrol,2018,29479.0,145.0,56.5,,52.0,1,10485
Ford, Kuga,Automatic,Diesel,2014,49701.0,200.0,,2.0,76.0,4,10895
Ford, Focus,Manual,Diesel,2015,66486.0,20.0,67.3,2.0,31.0,2,10200
VW, Golf,Manual,Diesel,2020,2500.0,145.0,57.7,1.6,79.0,4,19990
VW, Polo,Semi-Auto,Petrol,2019,1941.0,145.0,45.6,1.0,75.0,1,15891
BMW, 1 Series,Semi-Auto,,2019,13171.0,150.0,67.3,2.0,44.0,3,19895
Ford, Focus,Manual,Petrol,2013,37002.0,20.0,58.9,1.0,41.0,4,6790
Ford, S-MAX,Automatic,Petrol,2016,,260.0,35.8,2.0,82.0,2,18395
Toyota, Yaris,Manual,Petrol,2015,43455.0,30.0,58.0,1.3,77.0,2,7750
Opel, Astra,Manual,,2018,15044.0,150.0,46.3,1.4,80.0,3,13000
VW, Polo,Manual,Petrol,2016,29653.0,20.0,60.1,1.2,77.0,2,9232
Mercedes, C Class,Automatic,Diesel,2019,10454.0,145.0,64.2,2.0,39.0,1,25890
VW, Sharan,Semi-Auto,Diesel,2016,20041.0,145.0,54.3,2.0,91.0,3,18400
BMW, 5 Series,Semi-Auto,Diesel,2019,4885.0,145.0,60.1,2.0,31.0,2,30450
Skoda, Kodiaq,Automatic,Petrol,2017,24000.0,145.0,38.2,2.0,86.0,2,23250
Ford, Fiesta,Manual,Petrol,2019,7269.0,145.0,60.1,1.0,68.0,4,14730
VW, Golf,Manual,Diesel,2019,8422.0,145.0,56.5,1.6,88.0,1,13855
Skoda, Octavia,Manual,Diesel,2018,18244.0,145.0,68.9,1.6,80.0,2,11798
Mercedes, GLA Class,Semi-Auto,Diesel,2018,12796.0,145.0,56.5,2.1,,0,23512
VW, Polo,Manual,Petrol,2018,10839.0,150.0,,1.0,31.0,2,11995
Opel,,Manual,Petrol,2014,36801.0,125.0,51.4,1.4,45.0,3,4998
VW, Golf,Manual,Petrol,2014,24554.0,205.0,39.8,2.0,44.0,2,17981
Ford, Focus,Manual,Diesel,2016,41394.0,0.0,74.3,1.5,68.0,4,10955
Ford, Fiesta,Manual,Petrol,2018,6397.0,145.0,56.5,1.0,63.0,3,12491
, Octavia,Semi-Auto,Petrol,2018,4582.0,145.0,54.3,1.5,82.0,0,17990
Skoda, Octavia,Manual,Diesel,2018,12694.0,,68.9,1.6,,1,13498
Hyundai, Tucson,Manual,Diesel,2018,21642.0,145.0,61.7,1.7,53.0,0,12698
Ford, Fiesta,Automatic,Petrol,2018,9514.0,145.0,54.3,1.0,54.0,2,11850
Ford, Focu,Manual,Petrol,2018,16473.0,145.0,,1.0,50.0,1,11999
Ford, Tourneo Custom,Manual,Diesel,2018,2500.0,145.0,32.5,2.0,88.0,0,19995
BMW, 8 Series,Semi-Auto,Petrol,2020,700.0,,,3.0,62.0,3,59995
Audi, Q3,Semi-Auto,Diesel,2017,15336.0,145.0,51.4,2.0,79.0,2,25082
Audi,A1,Manual,Petrol,2020,5000.0,145.0,47.9,1.0,99.0,4,21000
Audi, RS3,Automatic,Petrol,2018,17515.0,145.0,34.0,2.5,81.0,3,36490
Ford, Fiesta,Manual,Petrol,2017,2942.0,145.0,65.7,1.0,32.0,1,11199
Toyota, yaris,Manual,Petrol,2019,4416.0,145.0,47.9,1.5,89.0,3,11990
Skoda, Fabia,Manual,Petrol,2019,7770.0,145.0,60.1,1.0,99.0,2,12998
VW, Arteon,Semi-Auto,Diesel,2020,3000.0,145.0,44.1,2.0,53.0,0,31500
, Golf,Manual,Petrol,2019,50.0,145.0,47.1,1.5,65.0,0,20000
VW, Up,Manual,Petrol,2013,40211.0,20.0,62.8,1.0,89.0,3,4750
VW, Golf,Manual,Diesel,2019,13144.0,145.0,57.7,1.6,44.0,0,13995
VW, Passat,,Diesel,2016,50415.0,20.0,70.6,1.6,59.0,0,10499
Ford, Fiesta,Manual,Petrol,2015,8034.0,125.0,54.3,1.2,60.0,3,6995
Audi, Q3,Semi-Auto,Petrol,2016,22351.0,145.0,47.9,1.4,66.0,3,17032
, Mokka,Manual,Diesel,2016,55779.0,30.0,,1.6,57.0,2,7799
Audi, Q3,,Petrol,2020,3500.0,145.0,32.5,2.0,61.0,3,32799
Mercedes, E Class,Automatic,Diesel,2018,32250.0,145.0,72.4,2.0,37.0,3,19000
Audi, A4,Automatic,Petrol,2013,42011.0,145.0,,2.0,82.0,1,9498
, Tucson,Manual,Petrol,2019,4353.0,145.0,35.3,1.6,79.0,3,18000
BMW, 1 Series,Manual,Petrol,2019,5623.0,145.0,52.3,1.5,74.0,1,18999
Audi, Q2,Semi-Auto,Petrol,2020,5000.0,145.0,42.2,1.5,82.0,1,26950
VW,,Manual,Petrol,2019,3971.0,145.0,38.2,1.5,34.0,3,20890
VW, Scirocco,Manual,Petrol,2016,22000.0,,47.1,2.0,45.0,4,11750
Ford, Focus,Semi-Auto,Diesel,2017,14478.0,,74.3,1.5,59.0,2,12590
Opel, Corsa,Manual,Petrol,2006,61467.0,145.0,48.7,1.2,88.0,0,1495
Mercedes,GLA Class,Semi-Auto,Diesel,2019,1000.0,145.0,64.2,2.1,37.0,4,24999
Toyota, Auris,Automatic,Hybrid,2016,56680.0,0.0,70.6,1.8,69.0,4,12500
BMW, X3,Automatic,Diesel,2015,77120.0,,54.3,2.0,93.0,0,13985
Mercedes, A Class,Automatic,Diesel,2016,16479.0,20.0,,2.1,73.0,1,17624
Mercedes, GLA Class,Automatic,Diesel,2016,16429.0,125.0,56.5,2.1,44.0,4,20412
VW, Passat,Manual,Diesel,2018,18000.0,145.0,,2.0,44.0,4,18900
Audi, A4,Manual,Diesel,2013,129680.0,30.0,64.2,2.0,69.0,0,6000
Ford, Fiesta,Manual,Petrol,2018,18447.0,299.473503908807,65.7,1.0,56.0,3,11110
Ford, Fiesta,Manual,Petrol,2018,11667.0,145.0,64.2,1.1,77.0,2,9690
VW, Gol,Semi-Auto,Diesel,2019,15773.0,145.0,54.3,1.6,74.0,4,15995
Mercedes, E Class,Semi-Auto,Diesel,2018,6283.0,145.0,57.7,2.0,57.0,2,31480
BMW, 3 Series,Semi-Auto,Diesel,2019,11706.0,150.0,55.4,2.0,92.0,3,21450
Opel, Crossland X,Manual,Petrol,2020,628.0,145.0,47.1,1.2,31.0,1,17490
VW, Polo,Semi-Auto,Petrol,2019,2225.0,,46.3,1.0,49.0,3,19849
Toyota, Aygo,Manual,Petrol,2018,27111.0,145.0,68.9,1.0,31.0,3,7995
VW, Polo,Automatic,Petrol,2017,20597.0,145.0,60.1,1.2,74.0,2,11750
VW, Golf,Semi-Auto,Petrol,2019,4019.0,145.0,37.7,2.0,71.0,1,26202
BMW, 4 Series,Semi-Auto,Diesel,2019,7038.0,150.0,52.3,3.0,99.0,3,26592
Mercedes,,Semi-Auto,Petrol,2016,40000.0,205.0,43.5,2.0,90.0,0,20999
VW, Passat,Manual,Diesel,2016,28426.0,0.0,76.3,1.6,97.0,0,11399
BMW, 3 Series,Semi-Auto,Diesel,2019,2460.0,145.0,53.3,2.0,65.0,3,27995
Ford, Focus,Manual,Petrol,2018,8968.0,145.0,60.1,1.0,94.0,4,12799
, X,Semi-Auto,Diesel,2020,5000.0,150.0,31.4,3.0,47.0,4,78000
Mercedes, GLC Class,Semi-Auto,Diesel,2018,27297.0,145.0,56.5,2.1,50.0,4,25980
Ford, Mondeo,Manual,Diesel,2017,90190.0,0.0,74.3,1.5,3.2257436177114727,1,8295
Ford, Fiesta,Manual,Petrol,2019,4590.0,150.0,48.7,1.1,36.0,2,11798
Ford, Fiesta,Manual,Petrol,2015,25283.0,0.0,65.7,1.0,49.0,3,8040
Audi, A1,,Petrol,2016,32371.0,30.0,55.4,1.4,92.0,1,13990
Hyundai, Kona,Manual,Petrol,2019,10.0,145.0,44.1,1.0,91.0,1,19989
Audi, A4,Automatic,Diesel,2017,42156.0,145.0,64.2,3.0,,2,18470
Ford, Kuga,Automatic,Diesel,2018,33421.0,145.0,54.3,2.0,38.0,0,17800
BMW, 1 Series,Semi-Auto,Petrol,2019,4628.0,145.0,34.5,3.822757846971372,51.0,0,29995
VW, Up,Semi-Auto,Petrol,2019,4500.0,,52.3,1.0,88.0,2,12490
, Adam,Manual,Petrol,2017,,125.0,53.3,1.2,85.0,2,8430
Mercedes,A Class,Automatic,Diesel,2017,37014.0,150.0,74.3,1.5,61.0,0,13500
Ford, Fiesta,Manual,Petrol,2015,45837.0,125.0,54.3,1.2,77.0,4,7999
BMW, X2,Semi-Auto,Diesel,2019,6950.0,145.0,58.9,2.0,33.0,0,28150
Opel, Viva,Manual,Petrol,2016,18771.0,20.0,62.8,1.0,59.0,3,6230
Hyundai, I20,,Petrol,2019,14.0,145.0,46.3,1.2,84.0,4,12495
Audi, A3,Semi-Auto,Petrol,2019,3188.0,145.0,42.2,1.5,77.0,0,23237
Audi, A3,Semi-Auto,Petrol,2019,2480.0,145.0,34.9,2.0,82.0,3,32990
Ford, Fiesta,Manual,Petrol,2017,12280.0,150.0,54.3,1.2,99.0,0,8191
Toyota, Verso,Manual,Petrol,2016,9000.0,200.0,41.5,1.6,48.0,1,11495
Audi, Q7,Semi-Auto,Diesel,2017,28542.0,150.0,47.9,3.0,37.0,2,34995
VW, Polo,Semi-Auto,Petrol,2019,3329.0,145.0,39.8,2.0,85.0,0,19290
Opel, Astra,Manual,Diesel,2016,26737.0,20.0,72.4,1.6,81.0,3,9499
BMW,3 Series,Semi-Auto,Diesel,2016,,145.0,56.5,3.0,50.0,0,17640
Ford, Focus,Manual,Petrol,,12049.0,145.0,58.9,1.0,51.0,2,15890
Audi, A6,Automatic,Diesel,2016,71311.0,30.0,61.4,2.0,96.0,0,12000
Opel, Astra,Manual,Petrol,2016,22176.0,125.0,51.4,1.4,35.0,2,9991
Audi,A3,Semi-Auto,Petrol,2019,4000.0,145.0,44.1,,91.0,3,25499
Toyota, Aygo,Manual,Petrol,2017,17000.0,150.0,68.9,1.0,58.0,4,7120
Ford, Fiesta,Manual,Petrol,2016,50640.0,20.0,62.8,1.0,74.0,0,9995
BMW, 2 Series,Automatic,Petrol,2016,48841.0,,46.3,2.0,93.0,,12700
Hyundai, IX20,,Petrol,2015,27328.0,125.0,50.4,1.4,87.0,3,8032
Opel, Astra,Manual,Petrol,2020,20.0,145.0,54.3,1.2,60.0,4,15295
Ford, Fiesta,Manual,Petrol,2016,40789.0,20.0,62.8,1.0,67.0,1,9000
Hyundai,I10,Manual,Petrol,2018,29157.0,145.0,60.1,1.0,62.0,4,7180
Opel, Astra,Manual,Diesel,2015,103000.0,30.0,62.8,2.0,33.0,2,3950
Opel, Corsa,Manual,Petrol,2017,25646.0,,81.56893960820311,1.4,87.0,1,6999
Mercedes, C Class,Automatic,Petrol,2019,6655.0,145.0,44.1,2.0,77.0,1,27066
Ford, Fiesta,Manual,Petrol,2017,19043.0,0.0,65.7,1.0,60.0,2,8902
, Yaris,Manual,Petrol,2018,14841.0,,,1.5,64.0,4,10295
Toyota, Verso,Manual,Petrol,2016,28212.0,200.0,41.5,1.6,64.0,2,11690
Hyundai, Kona,Manual,Petrol,2019,3475.0,,44.1,1.0,74.0,1,14995
Mercedes, GLC Class,Semi-Auto,Petrol,2019,1000.0,145.0,,4.0,47.0,0,75729
Audi, A5,Automatic,Diesel,2019,95204.18167360188,145.0,46.3,2.0,49.0,3,25000
VW, Touran,Manual,Diesel,2013,44800.0,125.0,61.4,1.6,78.0,4,9990
Hyundai, Tucson,Manual,Diesel,2016,,30.0,61.7,1.7,54.0,,11990
Ford, C-MAX,Manual,Petrol,2015,34792.0,30.0,55.4,1.0,,0,8591
VW, Passat,Manual,Diesel,2016,42828.0,,,2.0,68.0,1,11150
VW, Polo,Manual,Petrol,2019,6401.0,150.0,49.6,1.0,87.0,3,15995
Ford, Focus,Manual,Petrol,2016,32316.0,20.0,60.1,1.0,,1,9910
Skoda, Fabia,Manual,Petrol,2019,2652.0,145.0,51.4,1.0,71.0,0,11495
Ford, Focus,Manual,Diesel,2019,3674.0,145.0,57.7,1.5,70.0,4,18400
Ford, Fiesta,Manual,Petrol,2017,18454.0,,,1.0,89.0,2,8495
Ford, Ka+,Manual,Petrol,2017,16910.0,145.0,57.7,1.2,,4,7850
BMW, 5 Series,Semi-Auto,Diesel,2019,101.0,145.0,60.1,2.0,54.0,2,30750
Skoda, Fabia,Manual,Petrol,2017,44770.0,20.0,60.1,1.2,85.0,4,7995
Skoda, Octavia,Semi-Auto,Diesel,2018,2760.0,145.0,61.4,2.0,87.0,0,20000
VW,,Automatic,Diesel,2016,45579.0,30.0,62.8,2.0,94.0,3,16995
Skoda, Fabia,Manual,Petrol,2015,51878.0,,58.8,1.0,84.0,3,6000
Hyundai, Tucson,Manual,Diesel,2017,15804.0,30.0,61.7,1.7,63.0,0,14798
BMW, 5 Series,Semi-Auto,Diesel,2015,64194.0,165.0,51.4,3.0,92.0,2,16000
Hyundai, I20,Manual,Petrol,2015,23656.0,30.0,55.4,1.2,44.0,3,7398
VW, Polo,Semi-Auto,Petrol,2019,3624.0,145.0,39.8,2.0,32.0,1,18991
BMW, 2 Series,Semi-Auto,Diesel,2019,1614.0,145.0,49.6,2.0,41.0,4,27990
Mercedes, C Class,Semi-Auto,Diesel,,41650.0,145.0,65.7,2.1,90.0,2,15999
VW, Gol,Manual,Diesel,2019,15222.0,145.0,57.7,1.6,86.0,0,14650
Audi, Q3,Manual,Petrol,2019,2288.0,145.0,40.9,1.5,88.0,3,26495
Ford, Kuga,Manual,Diesel,2017,47233.0,145.0,54.3,2.0,,0,14500
Audi, Q3,Manual,Diesel,2019,5000.0,145.0,42.8,2.0,70.0,2,26990
Hyundai, Ioniq,Automatic,Hybrid,2017,20513.0,135.0,78.5,1.6,77.0,3,16595
Ford, Ka+,Manual,Petrol,,7117.0,145.0,47.9,1.2,82.0,1,9291
Ford, Fiesta,Manual,Petrol,2012,65177.0,145.0,47.9,1.6,72.0,0,6995
Skoda, Octavia,Manual,Diesel,2018,7580.0,145.0,68.9,1.6,53.0,0,14495
Audi, TT,Automatic,Petrol,2019,,145.0,30.1,2.5,58.0,0,53990
Skoda, Octavia,Manual,Petrol,2016,,30.0,,1.4,59.0,3,9377
Opel, Astra,Automatic,Petrol,2014,36000.0,,39.8,1.6,66.0,0,6925
VW, Golf,Semi-Auto,Hybrid,2015,32025.0,0.0,188.3,1.4,62.0,2,15870
Audi, A4,Manual,,2006,80000.0,300.0,33.6,2.0,89.0,3,3888
Mercedes, X-CLASS,Automatic,Diesel,2018,21000.0,260.0,35.8,2.3,59.0,2,27995
VW, Scirocco,Manual,Diesel,2017,15063.0,145.0,55.4,2.0,74.0,4,15190
Toyota, C-HR,Manual,Petrol,2019,12887.0,145.0,41.5,1.2,31.0,2,16995
Ford, Grand Tourneo Connect,Manual,Diesel,2019,11.0,145.0,46.3,1.5,81.0,4,18490
Mercedes,,Semi-Auto,Diesel,2020,1250.0,145.0,,2.0,41.0,2,39995
Toyota, Prius,Automatic,Hybrid,2016,21184.0,0.0,94.1,1.8,66.0,0,19390
Opel, Corsa,Manual,Petrol,2019,5.0,145.0,43.5,1.4,79.0,2,12495
BMW, 1 Series,Manual,Diesel,2017,16000.0,145.0,,1.5,34.0,0,11490
Hyundai,,Manual,Petrol,2017,6200.0,145.0,60.1,1.0,57.0,1,7995
Toyota, Yaris,Automatic,Hybrid,2015,49479.0,0.0,78.0,1.5,41.0,1,10995
Mercedes, CL Class,Semi-Auto,Diesel,2019,,145.0,,2.2,71.0,1,26499
Mercedes, A Class,Automatic,Diesel,2019,11288.0,145.0,68.9,1.5,86.0,3,18798
Opel, Crossland X,Manual,Petrol,2019,83688.65539191502,145.0,47.1,1.2,39.0,2,11500
BMW, 5 Series,Automatic,Diesel,2019,1550.0,145.0,62.8,2.0,94.0,1,29850
VW, Polo,Manual,Petrol,2017,,145.0,60.1,2.9857934392613865,65.0,3,9841
Toyota, Yaris,Manual,Petrol,2019,6903.0,145.0,47.9,1.5,90.0,4,11811
Ford, Fiesta,Manual,Petrol,2016,33056.0,125.0,54.3,1.2,52.0,0,7580
VW, Polo,Manual,Petrol,2015,24857.0,20.0,60.1,1.2,30.0,1,8995
Hyundai, I10,Manual,Petrol,2017,29488.0,145.0,60.1,1.0,42.0,3,7603
BMW, Z4,Semi-Auto,Petrol,2019,1561.0,150.0,33.2,3.0,43.0,0,38850
Hyundai, I10,Manual,Petrol,2018,2442.0,145.0,57.7,1.2,32.0,3,8995
Ford, Fiesta,Manual,,2015,21261.0,0.0,65.7,1.0,40.0,4,9200
Skoda, Octavia,Automatic,Diesel,2015,74933.0,125.0,60.1,2.0,83.0,4,11030
VW, Up,Manual,Petrol,2017,37514.0,145.0,64.2,1.0,70.0,1,7400
VW, Golf,Semi-Auto,Petrol,2016,46941.0,205.0,39.8,2.0,35.0,4,17895
Opel, Mokka,Manual,Petrol,2016,8638.0,200.0,40.9,,34.0,4,9999
Skoda, Citigo,Manual,Petrol,2017,18637.0,20.0,64.2,1.0,33.0,4,6790
Opel,Corsa,Manual,Petrol,2014,42196.0,125.0,54.3,1.4,55.0,2,6000
Hyundai, Tucso,Manual,Diesel,2016,17574.0,30.0,,1.7,56.0,4,12499
VW, Caddy Life,Manual,Diesel,2020,1700.0,150.0,51.4,2.0,96.0,1,22000
Hyundai, Tucson,Semi-Auto,Diesel,2017,28393.0,145.0,57.7,1.7,32.0,1,17780
BMW, 3 Series,Manual,Diesel,2016,43400.0,125.0,,2.0,39.0,1,14995
Opel,Astra,Manual,Petrol,2016,34886.0,160.0,45.6,1.6,84.0,3,10250
Ford, Fiesta,Manual,Petrol,2016,16647.0,0.0,65.7,1.0,91.0,1,9998
Opel, Mokka X,Manual,Petrol,2017,26444.0,145.0,47.1,1.4,63.0,4,12500
, T-ROC,Semi-Auto,Diesel,2019,3831.0,,49.6,2.0,50.0,1,22990
Audi, Q5,Semi-Auto,Petrol,2017,17506.0,145.0,,2.0,75.0,0,31252
Audi, A4,Automatic,Diesel,2019,2798.0,145.0,44.8,2.0,81.0,2,29991
Hyundai, I30,Manual,Diesel,2015,50221.0,0.0,78.4,1.6,87.0,2,7298
VW, POLO,,Petrol,2017,22367.0,,58.9,1.0,,2,10175
Mercedes, GLA Class,Semi-Auto,Diesel,2018,11370.0,145.0,56.5,2.1,90.0,3,20799
Audi, Q2,Automatic,Petrol,2017,26821.0,145.0,52.3,1.4,98.0,1,19790
Opel, Insignia,Manual,Petrol,2017,55946.0,145.0,46.3,1.5,99.0,4,11499
Mercedes, A Class,Semi-Auto,Diesel,2019,3653.0,150.0,68.9,1.5,61.0,2,20199
Ford, Kuga,Manual,Diesel,2013,74576.0,145.0,53.3,2.0,71.0,4,8395
Skoda,Superb,Automatic,Diesel,2017,57254.0,,61.4,2.0,72.0,4,14495
BMW, 5 Series,Semi-Auto,Diesel,2019,4242.0,145.0,,3.0,82.0,1,39995
Audi, TT,Semi-Auto,Petrol,2015,44935.0,,44.1,2.0,77.0,1,17544
Toyota, GT86,Automatic,Petrol,2013,28335.0,,39.8,2.0,94.0,3,11599
Ford, Focus,Manual,Petrol,2018,15448.0,145.0,57.7,1.0,43.0,4,12998
Ford, Fiesta,Semi-Auto,Petrol,2017,26942.0,150.0,,1.0,60.0,2,11400
Opel, Mokka X,Manual,Petrol,2018,5547.0,145.0,,1.4,38.0,2,11800
Opel, Astra,Manual,Petrol,2017,32846.0,125.0,50.4,1.4,70.0,1,10498
Opel, Mokka,Manual,Petrol,2015,37090.0,160.0,44.8,1.4,70.0,2,8298
Ford, Fiesta,Semi-Auto,Petrol,,40478.0,145.0,47.9,1.6,55.0,2,7570
Ford, Ka+,Manual,Petrol,2017,14401.0,145.0,57.7,1.2,93.0,3,7299
Opel, Mokka X,Manual,Petrol,2019,,145.0,39.2,1.4,39.0,4,12298
Audi, A5,Automatic,Diesel,2014,88000.0,125.0,58.9,2.0,68.0,0,9990
Mercedes, A Class,Semi-Auto,Petrol,2017,19000.0,125.0,,1.6,98.0,3,17500
Mercedes, C Class,Automatic,Petrol,2011,61242.0,200.0,41.5,1.8,48.0,2,8894
Ford, Focus,Manual,Petrol,2018,19388.0,145.0,60.1,1.0,90.0,2,16800
VW, Tiguan,Manual,Diesel,2016,8948.0,125.0,,2.0,49.0,0,17990
Mercedes, E Class,Automatic,Diesel,2015,22000.0,140.0,,3.0,32.0,4,17480
Audi, A1,Manual,Petrol,2017,18698.0,150.0,67.3,1.0,43.0,1,12000
Opel, Insignia,Manual,Diesel,2016,17000.0,20.0,68.9,1.6,76.0,2,10995
Audi,,Semi-Auto,Petrol,2017,28988.0,150.0,47.9,1.4,66.0,,21995
Skoda, Fabia,Automatic,Petrol,2019,8193.0,150.0,60.1,1.0,46.0,3,14000
Mercedes, C Class,Automatic,Diesel,2016,25925.0,145.0,54.3,2.1,87.0,1,23950
Audi, A5,Semi-Auto,Diesel,2020,2000.0,145.0,51.4,2.0,98.0,3,29750
Skoda, Fabia,Manual,Petrol,2016,36850.0,20.0,60.1,,50.0,3,8499
Audi, A5,Manual,Diesel,2015,48853.0,145.0,56.5,2.0,38.0,4,15998
Ford, Fiesta,Manual,Petrol,2018,11539.0,145.0,60.1,1.0,50.0,1,9590
Mercedes, C Class,Semi-Auto,Diesel,2019,1000.0,145.0,57.7,2.0,98.0,4,32429
VW, Tiguan,Semi-Auto,,2019,9000.0,145.0,,2.0,57.0,4,33995
Audi, A1,Semi-Auto,Petrol,2020,5432.0,150.0,44.8,1.5,57.0,4,25888
Mercedes, GLC Class,Semi-Auto,Petrol,2019,4086.0,145.0,43.5,2.0,78.0,2,31649
VW, Polo,Manual,Petrol,2016,29549.0,20.0,60.1,1.0,47.0,1,7875
Skoda, Octavia,Manual,Diesel,2019,17.0,145.0,68.9,0.1914624239266638,92.0,4,14990
Hyundai, I20,Manual,Petrol,2016,20934.0,30.0,56.5,1.2,32.0,2,7760
Ford, Fiesta,Manual,Petrol,,11521.0,145.0,64.2,1.1,55.0,2,8900
Mercedes, GLC Class,Semi-Auto,Diesel,2015,,125.0,56.5,2.1,51.0,1,22990
Skoda, Superb,Semi-Auto,Diesel,2017,26777.0,145.0,61.4,2.0,46.0,0,16995
Opel, Corsa,Manual,Petrol,2017,37273.0,145.0,54.3,1.4,74.0,2,7998
Ford, Fiesta,Manual,Petrol,2018,26357.0,145.0,,1.0,33.0,0,10790
Opel, Astra,Semi-Auto,Diesel,2017,18769.0,30.0,62.8,1.6,76.0,0,10190
Toyota, Aygo,Manual,Petrol,2017,9092.0,0.0,,1.0,68.0,1,6890
Opel, Corsa,Manual,Petrol,2013,39300.0,125.0,,1.2,41.0,,5495
Mercedes, E Class,Semi-Auto,Diesel,2016,45143.0,30.0,65.7,2.0,37.0,0,18880
Mercedes, A CLASS,Automatic,Diesel,2016,25151.0,0.0,,1.5,90.0,4,13823
BMW, 4 Series,Manual,Petrol,2018,17024.0,145.0,,2.0,78.0,,18280
Opel, Corsa,Manual,Petrol,2012,48661.0,125.0,,1.2,99.0,0,4799
Ford, Fiesta,Manual,Petrol,2018,19550.0,145.0,56.5,1.0,68.0,0,11200
Hyundai, Tucson,Manual,Petrol,2019,101.0,145.0,,1.6,50.0,3,21490
Mercedes, GLC Class,Semi-Auto,Diesel,2017,21263.0,145.0,56.5,2.1,44.0,3,28998
BMW, 2 Series,Semi-Auto,Diesel,2020,5000.0,145.0,48.7,2.0,64.0,4,29999
Hyundai, Tucson,Manual,Petrol,2018,9046.0,145.0,44.8,1.6,87.0,2,15691
Mercedes, E Class,Automatic,Diesel,2015,50087.0,145.0,53.3,3.0,90.0,2,15998
Audi, Q3,Semi-Auto,Diesel,2013,52765.0,200.0,47.9,2.0,57.0,4,11998
Ford, Focus,Manual,Petrol,2018,11285.0,150.0,60.1,1.0,80.0,1,12000
Opel, Mokka X,Manual,Petrol,2017,3173.0,145.0,47.1,1.4,62.0,3,12698
Opel, Crossland X,Manual,Petrol,2019,15460.0,150.0,44.8,1.2,64.0,3,11698
Audi, Q3,Manual,Petrol,2019,3000.0,145.0,40.9,1.5,97.0,,24990
Audi, Q7,Semi-Auto,Diesel,2018,37923.0,145.0,48.7,3.0,78.0,1,33075
Ford, Fiest,Manual,Petrol,2018,7380.0,145.0,55.4,1.0,90.0,2,13995
Opel, Mokka,,Petrol,2016,15978.0,160.0,44.8,1.4,64.0,1,10400
Mercedes, GL Class,Automatic,Diesel,2016,36000.0,235.0,42.8,3.0,32.0,2,27990
Opel, GTC,Manual,Diesel,2017,67928.0,150.0,,1.6,54.0,1,7298
BMW, X1,Automatic,,2019,1100.0,145.0,60.1,2.0,56.0,1,25999
Hyundai, I10,Manual,Petrol,2018,14804.0,145.0,60.1,1.0,70.0,2,8490
Audi, Q5,Automatic,Diesel,2019,175.0,150.0,38.2,2.0,30.0,4,32500
BMW, 4 Series,Semi-Auto,Diesel,2020,16.0,,51.4,3.0,34.0,0,35100
Ford, Fiesta,Manual,Petrol,2016,,0.0,65.7,1.0,35.0,1,8698
Opel, Mokka X,Automatic,Petrol,2017,10000.0,145.0,43.5,1.4,63.0,3,13270
Toyota, RAV4,Automatic,Hybrid,2016,33390.0,20.0,55.4,2.5,80.0,0,21990
BMW, 2 Series,Manual,Diesel,2019,6521.0,145.0,60.1,2.0,62.0,2,22480
Toyota, Aygo,Manual,Petrol,2015,19714.0,0.0,69.0,1.0,59.0,3,6399
Ford, S-MAX,Manual,Diesel,2016,56583.0,125.0,56.5,2.0,53.0,0,15895
VW, Up,Manual,Petrol,2012,31566.0,0.0,68.9,1.0,68.0,0,4539
Audi,Q3,Semi-Auto,Diesel,2017,38235.0,145.0,55.4,2.0,53.0,2,19490
Ford, Focus,Manual,Petrol,2019,5257.0,145.0,58.9,1.0,93.0,3,15595
Mercedes, GLE Class,Automatic,Petrol,2016,41199.0,300.0,32.8,3.0,31.0,0,29570
BMW, 3 Series,Semi-Auto,Diesel,2019,5000.0,145.0,48.7,2.0,80.0,2,29500
Skoda, Kodiaq,Automatic,Diesel,2020,3000.0,150.0,38.7,2.0,87.0,4,36900
Mercedes, C Class,Automatic,Diesel,2019,7275.0,145.0,61.4,2.0,69.0,4,29450
Audi, A5,Automatic,Petrol,2019,2913.0,145.0,39.8,2.0,90.0,3,28450
Ford, Focus,Manual,Petrol,2017,33274.0,145.0,60.1,1.0,,3,10497
Skoda, Fabia,Manual,Petrol,2019,13046.0,145.0,61.4,1.0,42.0,1,11959
Audi, Q3,Semi-Auto,,,61000.0,205.0,47.9,2.0,33.0,1,10995
Mercedes, C Class,Automatic,Diesel,2016,41358.0,20.0,65.7,2.1,39.0,3,14999
Ford, Tourneo Connect,Manual,Petrol,2017,16310.0,125.0,50.4,1.0,31.0,1,10998
VW, Golf,Automatic,Diesel,2019,10000.0,145.0,49.6,2.0,88.0,1,26495
Ford, Fiesta,Manual,Petrol,2016,38043.0,0.0,65.7,1.0,35.0,4,8300
Ford, Focus,Semi-Auto,Petrol,2017,23361.0,145.0,51.4,1.0,49.0,2,11498
Audi, A4,Manual,Diesel,2015,84638.0,20.0,,,75.0,1,9249
Ford, Focus,Manual,Petrol,2019,7989.0,145.0,60.1,1.0,82.0,2,15700
Toyota, Auris,Manual,Petrol,2013,41959.0,145.0,47.9,1.6,69.0,2,6622
VW, Polo,Manual,Petrol,2017,17913.0,145.0,60.1,1.0,31.0,1,9677
Mercedes, CLS Class,Semi-Auto,Diesel,2015,40912.0,125.0,57.7,2.1,51.0,3,19298
Opel, Mokka X,Manual,Petrol,2019,5.0,145.0,,1.4,99.0,1,14999
Opel, Grandland X,Automatic,,2019,13321.0,145.0,57.7,2.0,81.0,2,21495
Opel, Corsa,Manual,Petrol,2013,53093.0,125.0,51.4,1.4,92.0,2,4561
Hyundai, Ioniq,Automatic,Hybrid,,37125.0,135.0,78.5,1.6,80.0,2,13789
Opel, Corsa,Manual,Petrol,2017,37800.0,30.0,55.4,1.4,98.0,0,6495
Hyundai, I30,Manual,Diesel,2014,38703.0,0.0,76.3,1.6,38.0,3,7174
VW, T-Ro,Manual,Petrol,2020,10.0,145.0,42.2,1.5,89.0,1,31895
Opel, Mokka,Automatic,Petrol,2015,16165.0,160.0,,1.4,73.0,1,10108
Toyota, Yaris,Automatic,Hybrid,2016,18525.0,0.0,86.0,1.5,46.0,1,11490
BMW, X3,Automatic,Diesel,2019,123.0,145.0,54.3,2.0,87.0,0,38900
Skoda, Fabi,Manual,Petrol,2019,5500.0,,60.1,1.0,47.0,2,11950
Opel, Astra,Manual,Petrol,2019,9634.0,145.0,62.8,1.0,62.0,0,15796
VW, Touareg,Semi-Auto,Diesel,2019,6306.0,145.0,,3.0,90.0,0,41782
Opel, Mokka,Manual,,2016,19966.0,200.0,40.9,1.6,98.0,3,9070
Mercedes, C Class,Automatic,Petrol,2019,2638.0,,45.6,1.5,44.0,2,26396
Ford, Focus,Manual,Diesel,2017,33432.0,0.0,74.3,1.5,44.0,1,9780
Ford, Kuga,Automatic,Petrol,2017,3379.0,299.473503908807,38.2,1.5,32.0,0,14698
Mercedes, C Class,Semi-Auto,Diesel,2017,23257.0,145.0,61.4,2.1,80.0,2,18660
Ford, Fiesta,Semi-Auto,Petrol,2017,14916.0,0.0,57.7,1.0,82.0,3,12000
Hyundai, i10,Semi-Auto,Petrol,2017,15526.0,150.0,47.9,1.2,86.0,4,8500
Audi, A5,Manual,Petrol,2017,12978.0,145.0,,2.0,98.0,0,20450
Skoda, Yeti,Semi-Auto,Petrol,2016,20967.0,,51.4,1.2,47.0,1,10747
Opel, Corsa,Manual,Petrol,2019,2378.0,145.0,43.5,1.4,56.0,1,9490
Audi, A4,Semi-Auto,Petrol,2020,20.0,145.0,40.9,2.0,43.0,1,32000
Toyota, Aygo,Semi-Auto,Petrol,2017,10160.0,145.0,,1.0,94.0,3,9498
Toyota, Yaris,Manual,Petrol,2018,18610.0,150.0,56.5,1.5,42.0,3,11885
Skoda, Yeti Outdoor,Semi-Auto,Petrol,2017,23470.0,150.0,,1.2,66.0,2,13495
VW, Golf,Automatic,Diesel,2015,39482.0,125.0,55.4,2.0,73.0,0,12219
Hyundai, I10,Manual,Petrol,2017,30367.0,145.0,57.7,1.2,79.0,4,7000
BMW, X3,Automatic,Diesel,2014,47925.0,160.0,50.4,2.0,94.0,4,14999
Opel, Corsa,Manual,Petrol,2016,26994.0,30.0,55.4,1.4,31.0,2,6995
Opel, Meriva,Manual,Diesel,2007,64000.0,145.0,37.7,1.7,72.0,4,2999
VW, Polo,Manual,Petrol,2019,7846.0,150.0,52.3,1.0,50.0,0,14226
Toyota, Auris,Automatic,Hybrid,2017,31316.0,0.0,78.5,1.8,54.0,0,16095
Hyundai, Tucson,Semi-Auto,Petrol,2019,4899.0,,35.8,1.6,41.0,4,25499
Opel, Corsa,Manual,Petrol,2016,21600.0,30.0,54.3,1.4,36.0,1,7490
Skoda, Fabia,Manual,Petrol,2014,29357.0,125.0,53.3,1.2,43.0,4,6798
Toyota, RAV4,Manual,Diesel,2014,52561.0,125.0,57.6,2.0,87.0,2,11000
Mercedes, C Class,Automatic,Diesel,2016,32044.0,20.0,64.2,2.1,79.0,3,17699
Ford, Fiesta,Semi-Auto,Petrol,2017,11235.0,0.0,57.7,1.0,46.0,4,10698
Ford, Fiesta,Manual,Petrol,2018,14980.0,145.0,65.7,1.0,65.0,3,10995
VW, Passat,Automatic,Diesel,2016,21186.0,30.0,62.8,2.0,36.0,4,13450
Skoda, Yeti Outdoor,Semi-Auto,Petrol,2017,27769.0,150.0,51.4,1.2,83.0,1,12999
Skoda, Octavia,Semi-Auto,Diesel,2019,83.0,145.0,64.2,2.0,68.0,1,23495
Ford, Focus,Semi-Auto,Petrol,2015,39250.0,165.0,44.8,1.6,35.0,1,8495
Ford, Fiesta,Manual,Petrol,2016,10864.0,125.0,54.3,1.2,73.0,3,8950
Opel, Mokka X,Semi-Auto,Petrol,2017,26916.0,160.0,43.5,1.4,99.0,2,12655
Opel, Mokka X,Manual,Petrol,2019,12012.0,145.0,39.2,1.4,62.0,1,12998
Ford, ECOSPORT,Manual,Diesel,2018,4835.0,145.0,58.9,1.5,60.0,4,15995
Toyota, Aygo,Manual,Petrol,2017,6736.0,150.0,68.9,1.0,73.0,2,8475
VW, Up,Manual,Petrol,2018,8382.0,150.0,68.9,1.0,68.0,1,9791
Opel, Mokka X,Manual,Petrol,2018,6378.0,145.0,47.1,1.4,32.0,3,12277
VW, Golf,Semi-Auto,Petrol,2016,17237.0,,53.3,1.4,73.0,2,13995
BMW, 6 Series,Automatic,Diesel,2015,62953.0,160.0,,3.0,65.0,1,18990
BMW, X7,Automatic,Diesel,2019,7278.0,145.0,31.4,3.0,31.0,4,74480
VW, Up,Manual,Petrol,2015,18644.0,20.0,62.8,1.0,78.0,0,6995
Opel, Astra,Manual,Diesel,2016,12311.0,0.0,85.6,1.6,33.0,1,8750
Opel,,Manual,Petrol,2017,4067.0,30.0,55.4,1.4,42.0,3,8370
Toyota, Aygo,Manual,,2017,28980.0,145.0,68.9,1.0,65.0,0,7549
Mercedes, C Class,Manual,Diesel,2015,42785.0,20.0,68.9,2.1,33.0,3,14999
Toyota, RAV4,,Hybrid,2017,28486.0,,55.4,0.1628659545028228,61.0,0,22995
Opel, Combo Life,Manual,Petrol,,2494.0,150.0,42.2,1.2,72.0,1,13999
Toyota, Aygo,Manual,Petrol,2017,37224.0,150.0,,1.0,98.0,4,6488
Mercedes, GLA Class,Semi-Auto,,2019,7489.0,,,1.6,37.0,4,24995
Opel, Corsa,Manual,Petrol,2017,7184.0,145.0,55.4,1.4,64.0,4,7490
Opel, Astr,Manual,Petrol,2018,18712.0,145.0,61.4,1.0,37.0,2,9999
Opel, Grandland X,Manual,Diesel,,2876.0,145.0,55.4,1.5,89.0,0,17499
Hyundai, Kona,Manual,Petrol,2018,,145.0,44.1,1.0,,3,17495
Hyundai, Kona,,Petrol,2019,15575.0,145.0,44.1,1.0,62.0,2,13591
Skoda, Octavia,Semi-Auto,Diesel,2016,48088.0,125.0,60.1,2.0,78.0,4,13882
Opel, Corsa,Manual,Petrol,2013,18273.0,125.0,51.4,1.4,87.0,1,5590
VW, Polo,Manual,Petrol,2016,27408.0,20.0,60.1,1.2,47.0,1,9750
VW, Golf,Semi-Auto,,2019,1302.0,145.0,52.3,2.0,84.0,4,20980
BMW, 1 Series,Manual,Petrol,2019,6097.0,145.0,53.3,1.5,31.0,2,18000
Audi, Q2,Manual,Diesel,2017,50841.0,,89.77369267180958,1.6,53.0,0,15529
Opel, Mokka X,Manual,Petrol,2017,17000.0,145.0,47.1,1.4,32.0,4,10990
BMW, 3 Series,Semi-Auto,Diesel,2015,25243.0,30.0,62.8,2.0,43.0,2,12998
BMW, 3 Series,,,2019,4400.0,145.0,52.3,2.0,91.0,2,31630
BMW, 2 Series,Semi-Auto,Diesel,2019,4887.0,145.0,65.7,2.0,84.0,2,21980
Opel, Mokka X,Manual,Petrol,2018,16000.0,145.0,39.2,1.4,61.0,3,11950
Audi, A5,Automatic,Diesel,2019,3306.0,145.0,51.4,2.0,83.0,3,32450
Toyota, Yaris,Manual,Petrol,2017,24868.0,30.0,58.0,1.3,33.0,1,8498
Opel, Astra,Manual,Petrol,2013,43341.0,165.0,44.8,1.6,64.0,3,5999
VW, Tiguan,Semi-Auto,Diesel,2019,,145.0,35.3,2.0,67.0,0,31990
BMW, X1,Semi-Auto,Diesel,2014,55000.0,150.0,56.5,0.3134065828348564,43.0,,10295
VW, Touran,Automatic,Petrol,2019,,145.0,38.7,1.5,40.0,0,24690
Ford, Fiesta,Manual,Diesel,2016,27580.0,0.0,78.5,1.5,65.0,4,9795
Audi, Q2,Automatic,Petrol,2019,7655.0,145.0,40.9,1.5,32.0,1,23888
Opel, Corsa,Manual,Petrol,2016,59538.0,30.0,,1.4,91.0,4,6457
BMW, 3 Series,Semi-Auto,Diesel,2019,13957.0,150.0,52.3,2.0,56.0,3,24998
Hyundai, Tucson,Manual,,2015,49464.0,30.0,61.7,1.7,63.0,4,11000
Toyota, Aygo,Manual,Petrol,2016,9572.0,0.0,69.0,1.0,96.0,2,7495
, X1,Manual,Diesel,2013,67000.0,160.0,51.4,2.0,41.0,4,7640
Opel, Zafira,Manual,Petrol,2016,20888.0,200.0,42.2,1.4,82.0,0,9970
Mercedes, GLC Class,Automatic,Diesel,2016,52852.0,125.0,56.5,2.1,87.0,0,21750
Ford, C-MAX,Manual,Diesel,2019,8081.0,145.0,68.9,1.5,96.0,4,12600
, T-Cross,Automatic,Petrol,2019,2500.0,145.0,45.6,1.0,68.0,2,19400
Ford, Fiesta,Manual,Petrol,2017,11270.0,145.0,,1.0,82.0,1,10399
Toyota, Aygo,Manual,Petrol,2016,37267.0,0.0,69.0,1.0,66.0,3,6300
BMW, X1,Automatic,Diesel,2014,58599.0,160.0,51.4,2.0,44.0,3,11499
VW, Golf,Manual,Petrol,2019,16019.0,145.0,49.6,1.0,79.0,2,12000
Skoda, Fabia,Manual,Petrol,2017,17500.0,145.0,58.8,,41.0,0,8662
Skoda, Citigo,Manual,Petrol,2017,20179.0,150.0,68.9,1.0,34.0,0,6995
Opel, Corsa,Manual,Petrol,2018,9470.0,145.0,49.6,1.4,55.0,1,10249
Audi, Q7,Semi-Auto,Diesel,2020,,145.0,33.2,3.0,72.0,3,62990
Skoda, Superb,Automatic,Diesel,2019,12700.0,145.0,61.4,2.0,47.0,1,21495
Opel, Corsa,Manual,Petrol,2017,7472.0,30.0,54.3,1.4,82.0,3,9999
VW, Golf,Semi-Auto,Diesel,2017,15384.0,,58.9,2.0,,2,17498
Ford, Focus,Manual,Diesel,2017,23273.0,145.0,,1.5,70.0,2,10491
Ford, Kuga,Manual,Diesel,2014,41711.0,,53.3,2.0,48.0,0,11198
BMW, X5,Automatic,Diesel,2017,18000.0,145.0,42.8,3.0,43.0,1,41500
VW, T-Roc,Automatic,Petrol,2019,5195.0,145.0,32.5,2.0,97.0,3,32990
Ford, Edge,Manual,Diesel,2017,27210.0,145.0,47.9,2.0,94.0,1,21060
BMW, X6,Semi-Auto,Diesel,2019,3371.0,145.0,,3.0,86.0,3,58990
Hyundai, I40,Manual,Diesel,2017,15326.0,145.0,65.7,1.7,74.0,4,10277
Toyota, Yaris,Manual,Petrol,2019,5931.0,145.0,47.9,1.5,31.0,3,12495
VW, Arteon,Manual,Diesel,2019,3000.0,145.0,52.3,2.0,99.0,4,29000
BMW, 2 Series,Semi-Auto,Petrol,2020,10.0,,50.4,1.5,36.0,0,20980
Opel, Corsa,Manual,Petrol,2016,4778.0,125.0,,1.4,51.0,3,8150
BMW,3 Series,Manual,Diesel,2016,51379.0,20.0,,2.0,39.0,1,12480
Hyundai, Tucson,Manual,Petrol,2018,16662.0,,34.9,1.6,75.0,4,15295
VW, Polo,Automatic,Other,2017,30892.0,145.0,60.1,1.2,30.0,0,12495
Opel, Zafira,Manual,Petrol,2017,8504.0,290.4867850792564,41.5,1.4,67.0,3,11298
BMW, 2 Series,Manual,Petrol,2019,3266.0,145.0,52.3,1.5,79.0,0,22000
Mercedes, GLA Class,Semi-Auto,Diesel,2019,12117.0,145.0,67.3,2.1,34.0,4,22199
BMW, 3 Series,Semi-Auto,Diesel,2019,4063.0,145.0,62.8,2.0,62.0,1,23980
Mercedes, A CLASS,Automatic,Diesel,2016,80987.0,20.0,67.3,2.1,43.0,3,13800
VW, Golf,Semi-Auto,Diesel,2019,10040.0,150.0,52.3,2.0,48.0,3,20290
Opel, Corsa,Manual,Petrol,2019,9260.0,150.0,43.5,1.4,41.0,1,10498
Skoda, Octavia,Manual,Petrol,2017,25037.0,20.0,62.8,1.0,79.0,3,9350
BMW, M3,Manual,Petrol,2009,65000.0,580.0,21.9,4.0,31.0,3,16950
Ford, Kuga,,Diesel,2017,,145.0,60.1,,49.0,4,16355
Audi, A3,Manual,Petrol,2017,19471.0,145.0,55.4,1.5,71.0,2,19300
Audi, A5,Automatic,Diesel,2019,3794.0,145.0,,2.0,38.0,4,31900
Audi, A6,Automatic,Diesel,2019,5950.0,145.0,50.4,2.0,83.0,2,26450
VW, POLO,Manual,Petrol,2016,19767.0,20.0,60.1,1.2,48.0,3,9990
Opel, Corsa,Manual,Petrol,2016,40385.0,30.0,54.3,1.4,92.0,0,7298
Ford, FIESTA,Manual,Petrol,2017,16782.0,125.0,54.3,1.2,82.0,3,7820
Mercedes, B Class,Semi-Auto,Diesel,2019,8939.0,145.0,54.3,2.0,67.0,3,26999
Audi, A4,Manual,Petrol,2019,3000.0,145.0,39.2,2.0,59.0,4,28000
Mercedes, GLC Class,Semi-Auto,Diesel,2019,3989.0,145.0,44.8,2.0,32.0,4,32480
Audi, a5,Manual,Petrol,2019,10.0,145.0,37.7,2.0,75.0,1,30990
Mercedes, A Class,Manual,Diesel,2013,,20.0,70.6,1.5,77.0,2,9795
Skoda, Fabia,Manual,Petrol,2019,7113.0,150.0,52.3,1.0,87.0,,13490
Opel, Astra,Manual,Diesel,2017,37331.0,20.0,72.4,1.6,62.0,4,8430
Ford, Kuga,Manual,Diesel,2017,23581.0,,60.1,2.0,74.0,1,14000
Mercedes, A Class,Automatic,Petrol,2018,,145.0,,1.3,51.0,3,19750
Ford, Mustang,Manual,Petrol,2020,100.0,145.0,22.8,5.0,32.0,0,41000
Opel, Crossland X,Automatic,Diesel,2019,11048.0,145.0,,1.5,78.0,3,18999
Ford, Focus,Manual,Petrol,2017,5063.0,20.0,61.4,1.0,41.0,2,11295
BMW, X5,Semi-Auto,Diesel,2019,9591.0,,37.7,3.0,90.0,4,48980
Opel, Astra,Manual,Diesel,2017,68397.0,0.0,85.6,1.6,62.0,1,7070
VW, T-Roc,Manual,Diesel,2019,10182.0,145.0,,1.6,87.0,2,19450
Audi, Q3,Manual,Diesel,2013,36954.0,145.0,54.3,2.0,89.0,3,11699
Opel, Ada,Manual,Petrol,2018,27704.0,145.0,53.3,1.2,66.0,3,8799
BMW, X1,Semi-Auto,Diesel,2017,46622.0,125.0,57.6,2.0,64.0,1,16998
Mercedes, A Class,Manual,Petrol,2020,1932.0,145.0,,1.3,79.0,3,28200
VW, Golf SV,Manual,Diesel,2016,40421.0,30.0,65.7,2.0,58.0,1,9450
Opel,,Manual,Petrol,2019,13534.0,145.0,43.5,1.4,82.0,0,8690
BMW, 2 Series,Manual,Petrol,2016,26089.0,30.0,55.4,1.5,47.0,0,11976
Ford, Fiesta,Manual,Petrol,2019,10248.0,145.0,58.9,1.0,98.0,4,13498
Mercedes, GLA Class,Semi-Auto,Diesel,2017,26850.0,150.0,58.9,2.1,34.0,1,19480
VW, T-Roc,Manual,Petrol,2018,15000.0,,55.4,1.0,82.0,4,17999
Audi, A6,Manual,Diesel,2016,32808.0,30.0,61.4,2.0,36.0,2,16600
Ford, Fiesta,Manual,Petrol,2016,12620.0,0.0,65.7,2.6312004729689877,83.0,3,8574
Ford, Focus,,Diesel,2019,11407.0,145.0,,1.5,48.0,2,16481
Mercedes, C Class,Automatic,Hybrid,2017,18888.0,135.0,134.5,2.0,39.0,2,20999
VW, Golf,Manual,Petrol,2015,32678.0,30.0,53.3,1.4,32.0,4,10480
, E Class,Semi-Auto,Diesel,2019,14350.0,145.0,72.4,,63.0,1,24535
VW, Tiguan,Semi-Auto,Diesel,2017,26156.0,150.0,49.6,2.0,45.0,2,18490
, Polo,Manual,Petrol,2019,3222.0,145.0,52.3,1.0,92.0,1,15990
VW, T-Cross,Manual,Diesel,2019,2500.0,145.0,52.3,1.6,94.0,4,20689
Ford, Fiesta,Manual,Petrol,2019,7584.0,145.0,58.9,1.0,64.0,1,19000
Hyundai, I10,Manual,Petrol,2018,14788.0,150.0,60.1,1.0,57.0,0,7200
BMW, 3 Series,Automatic,Diesel,2017,36178.0,,70.6,2.0,91.0,1,14300
Skoda, Kamiq,Manual,Petrol,2020,2046.0,145.0,47.1,1.5,50.0,0,18499
Mercedes, E Class,Semi-Auto,Diesel,2017,29816.0,145.0,61.4,2.0,43.0,2,20998
Skoda, Octavia,Manual,Petrol,2018,9886.0,145.0,55.4,1.5,61.0,0,15774
VW, Golf,Manual,Petrol,2020,10.0,145.0,49.6,1.5,43.0,3,23990
VW, Golf,Manual,Petrol,2013,47941.0,,58.9,2.9857934392613865,68.0,3,10990
Skoda, Fabia,Manual,Petrol,2019,14315.0,145.0,57.7,1.0,75.0,1,10990
Toyota, Yaris,,Hybrid,2015,19228.0,0.0,78.0,1.5,77.0,2,11000
Ford, Fiesta,Automatic,Petrol,2017,30600.0,0.0,57.7,1.0,42.0,0,9495
Toyota, RAV4,Automatic,Hybrid,2017,30096.0,135.0,57.6,2.5,85.0,3,20870
VW, Polo,Manual,Petrol,2016,33069.0,20.0,60.1,1.2,,4,8995
Mercedes, SL CLASS,Automatic,Diesel,2017,8556.0,30.0,70.6,2.1,88.0,4,19329
VW, Polo,Manual,Petrol,2020,1770.0,145.0,48.7,1.0,74.0,0,14583
Mercedes, CLS Class,Automatic,Diesel,2016,32232.0,160.0,,3.0,30.0,1,22480
Ford, Fiesta,Manual,Petrol,2018,28521.0,145.0,64.2,1.1,61.0,2,9500
Ford, Fiesta,Manual,Petrol,2016,18016.0,0.0,65.7,1.0,48.0,2,10298
Opel, Astra,Manual,Petrol,2020,100.0,145.0,54.3,1.2,30.0,2,14990
BMW, 4 Series,Semi-Auto,Diesel,2019,3214.0,150.0,65.7,2.0,54.0,1,24998
BMW, 2 Series,Semi-Auto,Diesel,2016,25653.0,125.0,60.1,2.0,65.0,3,17240
Ford, KA+,Manual,Petrol,2017,24613.0,30.0,57.7,1.2,83.0,0,6800
Opel, Corsa,Manual,Petrol,2019,13.0,150.0,43.5,0.7395338990348711,87.0,2,10000
Hyundai, I20,Manual,Petrol,2015,48458.0,30.0,55.4,1.2,91.0,2,6790
Hyundai, Ioniq,Automatic,Hybrid,2017,22293.0,0.0,78.5,1.6,43.0,4,15780
VW, Shuttle,Manual,,2018,23027.0,,11.417267753816397,2.0,53.0,0,19998
BMW, X1,Semi-Auto,Diesel,2015,10258.0,30.0,,2.0,52.0,0,17990
Toyota, Aygo,Manual,Petrol,2019,1762.0,145.0,56.5,1.0,97.0,0,9450
VW, Up,Manual,Petrol,2019,6000.0,145.0,54.3,1.0,36.0,3,9375
Audi, Q7,Semi-Auto,Diesel,2019,9740.0,145.0,30.1,4.0,84.0,2,65290
Toyota, Aygo,Manual,Petrol,2017,11730.0,0.0,68.9,1.0,39.0,1,7750
Opel, Corsa,Manual,Petrol,2015,81826.0,125.0,52.3,1.2,40.0,4,4750
Mercedes, C Class,Automatic,Petrol,2019,1250.0,145.0,42.2,2.0,82.0,1,35000
Audi, A3,Manual,Diesel,2015,63769.0,20.0,68.9,2.0,73.0,1,9216
Mercedes, A Class,Semi-Auto,Diesel,2017,11456.0,20.0,70.6,2.1,52.0,0,16480
Ford, Focus,Manual,Petrol,2019,8580.0,145.0,58.9,1.0,52.0,3,15500
VW, Tiguan,Manual,Diesel,2017,21451.0,145.0,58.9,2.0,62.0,0,22494
BMW, 3 Series,Semi-Auto,Diesel,2015,33836.0,,60.1,2.0,35.0,0,15981
Toyota, Yaris,Automatic,Hybrid,2018,9114.0,135.0,76.3,,73.0,3,13995
Opel, Adam,Manual,Petrol,2016,10032.0,,52.3,1.4,97.0,1,8798
Audi, A3,Manual,,2016,55781.0,200.0,39.8,0.1545293172703747,88.0,3,20490
Opel, Zafira,Manual,Petrol,2017,23325.0,145.0,41.5,1.4,84.0,2,10798
Mercedes, A Class,Automatic,Diesel,2019,12272.0,145.0,67.3,1.5,57.0,3,22096
Opel, Astra,Manual,Petrol,2017,42858.0,125.0,51.4,1.4,82.0,,9350
Audi, A3,Semi-Auto,Petrol,2019,5000.0,145.0,39.2,2.0,77.0,4,26950
BMW, 5 Series,Automatic,Diesel,2019,6071.0,,53.3,3.0,67.0,4,32896
Toyota, AYGO,Semi-Auto,Petrol,2019,1862.0,145.0,55.4,1.0,56.0,4,12999
BMW, 3 Series,Automatic,Other,2017,50000.0,135.0,148.7,2.0,73.0,4,16745
Mercedes,,Automatic,Diesel,2013,42742.0,125.0,57.7,2.1,43.0,1,13300
Ford, EcoSport,Automatic,Petrol,2019,1080.0,145.0,44.1,1.0,98.0,2,17800
Mercedes, A Class,Manual,Diesel,2016,13359.0,20.0,68.9,1.5,68.0,1,15190
Mercedes, C Class,Automatic,Diesel,2013,64498.0,150.0,56.5,2.1,64.0,2,10490
Ford, Focus,Manual,Petrol,2019,18800.0,145.0,,1.0,72.0,3,15695
BMW, 5 Series,Automatic,Diesel,2017,28893.0,150.0,68.9,2.0,98.0,0,18700
VW, Golf,Automatic,Diesel,2019,4407.0,145.0,52.3,2.0,31.0,0,20486
Mercedes, SL CLASS,Semi-Auto,,2019,7950.0,145.0,47.1,2.0,45.0,2,29649
Audi, Q3,Manual,Petrol,2020,4000.0,145.0,40.9,1.5,61.0,1,26888
Mercedes, GLA Class,Automatic,Petrol,2019,3099.0,145.0,35.8,3.723712168624484,76.0,2,30000
Ford, Focus,Manual,Diesel,2017,9038.0,0.0,74.3,1.5,47.0,2,11998
Hyundai, Tucson,Manual,Diesel,2017,18235.0,30.0,61.7,1.7,81.0,4,12995
Skoda, Fabia,Manual,Petrol,2018,20236.0,150.0,64.2,1.0,83.0,2,7318
Audi, A5,Automatic,Diesel,2017,21649.0,145.0,58.9,3.0,58.0,1,22500
Opel, Crossland X,Manual,Diesel,2018,9730.0,145.0,,1.6,96.0,4,11500
Audi, A3,Manual,Diesel,2016,19494.0,30.0,67.3,2.0,3.11529529741442,3,12500
VW, Tiguan,Semi-Auto,Diesel,2016,48955.0,,49.6,2.0,79.0,0,14995
Skoda, Superb,Automatic,Diesel,2019,4990.0,145.0,47.1,2.0,59.0,4,28000
Mercedes, GLA Class,Semi-Auto,,2016,40882.0,125.0,56.5,,92.0,3,18435
Ford, Focus,Manual,Petrol,2017,26973.0,145.0,57.7,1.0,34.0,1,11999
Hyundai, Santa Fe,Semi-Auto,Diesel,2019,6918.0,145.0,39.2,2.2,76.0,1,35995
BMW, 3 Series,Manual,Diesel,2010,93261.0,125.0,60.1,2.0,48.0,2,6295
Audi, A3,Manual,Diesel,2015,30690.0,0.0,83.1,1.6,80.0,0,10999
Ford, Focus,Manual,Petrol,2017,14728.0,145.0,51.4,1.5,72.0,0,12250
Opel, insignia,Manual,Diesel,2015,36501.0,20.0,,1.6,82.0,3,8998
VW, Polo,Manual,Petrol,2017,6741.0,150.0,58.9,1.0,77.0,4,11290
BMW, X3,Semi-Auto,Diesel,2013,47111.0,160.0,50.4,2.0,54.0,0,14000
Toyota, Hilux,Manual,Diesel,2018,24775.0,260.0,,2.4,98.0,3,19298
Mercedes, C Class,Semi-Auto,Petrol,2017,33538.0,,41.5,2.0,49.0,1,17230
Skoda, Superb,Semi-Auto,Petrol,2018,19455.0,145.0,54.3,1.4,35.0,4,15498
BMW, 3 Series,Automatic,Diesel,2015,47741.0,200.0,49.6,3.0,96.0,4,19690
VW, Polo,Manual,Petrol,2017,14424.0,145.0,58.9,1.0,55.0,2,9690
Ford, Kuga,Automatic,Petrol,2017,4674.0,235.0,38.2,1.5,92.0,2,15110
Skoda, Fabia,Manual,Petrol,2016,22150.0,20.0,60.1,1.2,58.0,1,7790
Audi, A1,Semi-Auto,Petrol,2019,7650.0,145.0,47.1,,58.0,3,19750
VW, Tiguan,Manual,Diesel,2017,20000.0,145.0,50.4,2.0,43.0,0,19488
Mercedes, C Class,Automatic,Diesel,2017,66472.0,,64.2,2.1,58.0,4,14488
Ford, Focus,Manual,Petrol,2019,12892.0,,60.1,1.0,71.0,3,15199
Toyota, Corolla,Automatic,Hybrid,2019,5500.0,135.0,72.4,2.0,85.0,0,24995
Ford, Fiesta,Manual,Petrol,,4798.0,145.0,65.7,1.0,98.0,1,12500
VW, Golf,Semi-Auto,Petrol,2015,43426.0,30.0,53.3,1.4,36.0,2,11295
Mercedes, GLC Class,Semi-Auto,Diesel,2018,15000.0,145.0,,2.1,61.0,0,28295
VW, Polo,Manual,Petrol,2017,15787.0,20.0,60.1,1.2,64.0,4,11492
VW, T-Roc,Manual,Diesel,2020,2920.0,145.0,50.4,2.0,65.0,1,23590
BMW, X4,Semi-Auto,Diesel,2020,117.0,145.0,40.9,3.0,98.0,0,53630
Audi,,Automatic,Petrol,2019,2801.0,,47.1,1.0,52.0,1,20766
Toyota, Yaris,Manual,Petrol,2017,13420.0,145.0,56.5,1.5,31.0,2,10195
Opel, Mokka X,Manual,Petrol,2017,28688.0,145.0,47.1,1.4,70.0,1,10331
Mercedes, A Class,Semi-Auto,Petrol,2018,11716.0,150.0,53.3,1.3,80.0,0,21526
VW, Tiguan,Automatic,Diesel,2019,8192.0,145.0,39.8,2.0,78.0,4,28695
Toyota, C-HR,Automatic,Hybrid,2017,11499.0,135.0,74.3,1.8,85.0,2,21995
Opel, insignia,Manual,Petrol,2018,14000.0,145.0,47.1,1.5,45.0,3,13450
Ford, Focus,Manual,Diesel,2015,58655.0,20.0,67.3,2.0,31.0,2,11495
Skoda, Rapid,Manual,Petrol,2016,14474.0,20.0,57.7,1.2,96.0,0,8295
Audi, Q5,Semi-Auto,Diesel,2016,40787.0,200.0,45.6,3.0,87.0,0,21990
Audi, q5,Semi-Auto,Diesel,2019,9280.0,150.0,38.2,2.0,56.0,2,35500
Toyota, Aygo,Manual,Petrol,2017,38189.0,0.0,69.0,1.0,50.0,0,6299
Mercedes, e class,Automatic,Petrol,2019,7322.0,145.0,33.7,2.0,66.0,3,35660
Opel, Corsa,Manual,Petrol,2015,44797.0,30.0,55.4,1.4,76.0,2,6998
Ford, Fiesta,Manual,Petrol,2018,7100.0,150.0,65.7,1.0,74.0,2,11295
VW, Golf,Manual,Petrol,2017,17042.0,30.0,53.3,1.4,40.0,1,13880
Ford, Focus,Manual,Petrol,2017,19086.0,20.0,61.4,1.0,40.0,2,10500
Mercedes, GLA Class,Semi-Auto,Diesel,2019,13136.0,145.0,67.3,2.1,51.0,0,23149
Opel, Corsa,Manual,Petrol,2013,71518.0,125.0,51.4,1.2,92.0,2,3790
Audi, Q5,Automatic,Diesel,2019,10301.0,,39.2,2.0,82.0,4,30750
Skoda, Kodiaq,Manual,Petrol,2017,30096.0,150.0,45.6,1.4,98.0,0,16999
VW, Tiguan,Semi-Auto,Diesel,2016,12377.0,160.0,49.6,2.0,77.0,2,24292
, Pol,Automatic,Petrol,2016,10548.0,20.0,60.1,1.2,51.0,0,12300
VW, Polo,Automatic,Petrol,2016,19662.0,,60.1,1.2,42.0,4,11500
VW,Up,Manual,Petrol,2015,38881.0,20.0,62.8,1.0,54.0,4,6395
Toyota, Yaris,Automatic,Hybrid,2014,21661.0,0.0,80.7,1.5,94.0,2,11290
Audi, Q2,Automatic,Petrol,2017,12500.0,150.0,54.3,1.4,94.0,0,20690
