RecordID,Competition,Edition,Athlete Id,Sex,Region,Education,Age group,Income,Disability,Previous attempts,Late enrollment,Athlete score,Mental preparation,Train bf competition,Strength training,Sand training,Recovery,Supplements,Cardiovascular training,Outdoor Workout,Squad training,Physiotherapy,Plyometric training,No coach,Sport-specific training,Other training,Past injuries,Outcome
22185,Local Match,2020.0,351034.0,M,Western Europe,High school,0-35,Middle-Low,False,1.0,False,0.0,False,994.0,2669.0,0.0,590.0,476.0,892.0,False,0.0,23.0,25.0,False,52.0,55.0,True,1
35901,Federation League,2022.0,525870.0,M,East Asia,Middle school,0-35,Middle,False,0.0,False,0.0,False,245.0,48.0,0.0,377.0,73.0,1.0,False,5.0,0.0,0.0,False,7.0,0.0,True,1
30469,Local Match,2019.0,543763.0,M,Central Asia,High school,0-35,Middle,False,0.0,False,0.0,True,136.0,222.0,7.0,119.0,111.0,513.0,False,0.0,3.0,0.0,False,4.0,0.0,True,1
20837,Regional Tournament,2019.0,576940.0,F,East Asia,High school,35-55,High,False,0.0,False,0.0,False,989.0,67.0,6.0,6108.0,43.0,101.0,False,1.0,0.0,0.0,False,26.0,0.0,False,1
50537,Federation League,2022.0,414963.0,F,Western Europe,High school,0-35,High,False,0.0,False,0.0,,536.0,391.0,10.0,273.0,161.0,12.0,False,3.0,0.0,0.0,False,71.0,0.0,True,1
69634,Regional Tournament,2019.0,522441.0,M,North America,High school,35-55,High,False,0.0,False,0.0,False,62.0,35.0,1.0,47.0,72.0,69.0,False,0.0,0.0,0.0,False,8.0,0.0,False,1
58244,Continental Championship,2019.0,589211.0,M,North America,High school,35-55,Middle-High,False,0.0,False,60.0,False,255.0,,0.0,99.0,7.0,204.0,False,0.0,391.0,0.0,False,19.0,4.0,True,1
24526,National Cup,2022.0,429015.0,M,Southern Africa,High school,0-35,Middle-Low,False,0.0,False,0.0,False,124.0,46.0,0.0,63.0,103.0,975.0,False,0.0,0.0,0.0,False,7.0,0.0,False,1
10082,Local Match,2022.0,517551.0,M,South Asia,High school,0-35,Middle-High,False,2.0,False,0.0,False,323.0,846.0,0.0,84.0,168.0,730.0,True,4.0,0.0,0.0,False,11.0,3.0,True,1
17255,,2021.0,138704.0,M,Middle East,High school,0-35,High,False,0.0,False,0.0,False,312.0,455.0,0.0,196.0,218.0,1.0,False,1.0,79.0,0.0,False,36.0,0.0,True,1
44818,Continental Championship,2021.0,618619.0,M,Central Asia,Middle school,0-35,High,False,0.0,False,0.0,False,47.0,238.0,0.0,18.0,8.0,99.0,False,0.0,0.0,0.0,False,5.0,1.0,True,0
86637,Regional Tournament,2022.0,651659.0,F,South America,Middle school,35-55,Middle-Low,False,0.0,False,60.0,False,239.0,645.0,7.0,69.0,63.0,147.0,False,4.0,0.0,7.0,False,2.0,0.0,True,1
96359,Regional Tournament,2021.0,628442.0,F,Central Asia,Middle school,0-35,Middle-Low,False,0.0,False,0.0,False,21.0,7.0,0.0,5.0,9.0,31.0,False,0.0,0.0,0.0,False,2.0,0.0,True,0
87860,Regional Tournament,2021.0,518711.0,F,Northern Africa,High school,0-35,Low,False,2.0,False,0.0,False,6.0,0.0,0.0,13.0,0.0,0.0,False,0.0,0.0,0.0,False,0.0,0.0,False,0
48085,Regional Tournament,2021.0,626297.0,F,East Asia,Middle school,35-55,High,False,0.0,False,0.0,False,116.0,44.0,0.0,95.0,37.0,54.0,False,0.0,0.0,0.0,False,16.0,0.0,False,0
39743,National Cup,2022.0,688770.0,M,Northern Africa,High school,0-35,High,False,0.0,False,60.0,False,79.0,42.0,0.0,0.0,56.0,262.0,False,0.0,0.0,0.0,False,4.0,0.0,False,1
17894,Regional Tournament,2020.0,379402.0,F,Southern Africa,High school,0-35,High,False,1.0,False,45.0,False,44.0,7.0,0.0,193.0,8.0,39.0,False,0.0,0.0,0.0,False,3.0,0.0,False,0
73167,Regional Tournament,2021.0,628827.0,F,Northern Africa,High school,0-35,Middle-Low,True,0.0,False,0.0,False,21.0,36.0,0.0,12.0,2.0,14.0,False,0.0,0.0,0.0,False,9.0,0.0,False,0
95882,Local Match,2019.0,580477.0,M,Western Europe,Middle school,0-35,High,True,0.0,False,60.0,False,204.0,626.0,29.0,153.0,196.0,445.0,False,0.0,3.0,0.0,False,21.0,0.0,True,0
43850,Regional Tournament,2022.0,523132.0,F,Western Europe,High school,0-35,High,False,1.0,False,0.0,False,267.0,692.0,2.0,91.0,32.0,159.0,False,22.0,0.0,14.0,False,1.0,0.0,True,1
42943,Regional Tournament,2021.0,1626021.0,F,South America,Middle school,35-55,Middle-Low,False,0.0,False,0.0,False,91.0,65.0,0.0,58.0,54.0,82.0,False,2.0,0.0,0.0,False,9.0,0.0,False,1
33485,Local Match,2021.0,136054.0,F,South Asia,University Degree,0-35,High,False,0.0,False,30.0,True,392.0,864.0,0.0,193.0,248.0,632.0,False,9.0,8.0,0.0,False,15.0,0.0,True,1
69087,Regional Tournament,2020.0,204746.0,F,South America,High school,0-35,Low,False,0.0,False,60.0,False,124.0,7.0,0.0,180.0,33.0,66.0,False,0.0,0.0,0.0,False,0.0,0.0,False,1
12642,World Championship,2021.0,629853.0,F,Eastern Europe,Middle school,0-35,High,False,0.0,False,,False,144.0,232.0,2.0,31.0,26.0,114.0,False,0.0,0.0,0.0,False,0.0,0.0,True,1
54974,Federation League,2021.0,232827.0,M,East Asia,University Degree,35-55,High,False,0.0,False,0.0,False,254.0,,0.0,582.0,105.0,2.0,False,8.0,76.0,0.0,False,4.0,0.0,True,1
49576,Regional Tournament,2019.0,516364.0,F,Western Europe,Middle school,35-55,Middle-High,False,0.0,False,0.0,False,70.0,52.0,0.0,99.0,34.0,80.0,False,1.0,0.0,0.0,False,9.0,0.0,False,0
99918,World Championship,2021.0,612363.0,F,Western Europe,High school,0-35,Low,False,0.0,False,,False,8.0,7.0,0.0,0.0,0.0,0.0,False,0.0,0.0,0.0,False,0.0,0.0,True,0
37297,Regional Tournament,2022.0,2423078.0,M,South America,High school,35-55,Low,False,2.0,False,0.0,False,2.0,10.0,0.0,0.0,0.0,0.0,False,0.0,0.0,0.0,False,0.0,0.0,True,0
51222,Regional Tournament,2019.0,609811.0,F,North America,University Degree,0-35,Low,False,0.0,False,0.0,False,637.0,132.0,0.0,1137.0,105.0,170.0,False,2.0,0.0,0.0,False,27.0,0.0,False,1
85813,National Cup,2022.0,655484.0,M,Western Europe,High school,0-35,Low,True,0.0,False,30.0,False,16.0,4.0,0.0,0.0,13.0,113.0,False,0.0,0.0,0.0,False,1.0,0.0,False,0
97868,Regional Tournament,2019.0,573654.0,F,Eastern Europe,High school,0-35,High,False,0.0,False,0.0,False,186.0,12.0,0.0,827.0,8.0,81.0,False,0.0,0.0,0.0,False,4.0,0.0,False,1
38351,Federation League,2019.0,561476.0,M,Western Europe,Middle school,0-35,Middle-High,False,0.0,False,0.0,False,231.0,258.0,0.0,212.0,169.0,0.0,False,10.0,65.0,0.0,False,25.0,0.0,True,1
40407,Local Match,2021.0,630269.0,M,South America,University Degree,0-35,Low,False,0.0,False,0.0,False,107.0,95.0,0.0,52.0,94.0,35.0,False,0.0,2.0,0.0,False,12.0,0.0,False,0
90703,Local Match,2020.0,554331.0,M,East Asia,Middle school,35-55,High,False,0.0,False,0.0,False,751.0,3276.0,0.0,718.0,641.0,1326.0,False,0.0,229.0,28.0,False,61.0,93.0,True,1
33437,National Cup,2021.0,609450.0,M,North America,University Degree,0-35,Middle,False,0.0,False,0.0,False,3.0,18.0,0.0,2.0,2.0,44.0,False,0.0,0.0,0.0,False,1.0,0.0,False,0
85851,National Cup,2021.0,614477.0,F,East Asia,High school,0-35,Middle-High,False,0.0,False,0.0,False,290.0,326.0,0.0,22.0,328.0,1204.0,False,0.0,0.0,0.0,False,7.0,0.0,False,0
11383,Regional Tournament,2022.0,646415.0,F,Southern Europe,High school,0-35,Low,False,0.0,False,60.0,False,104.0,137.0,0.0,0.0,25.0,88.0,False,0.0,0.0,0.0,False,0.0,0.0,True,0
25381,National Cup,2022.0,471580.0,M,Southern Europe,Middle school,0-35,High,False,1.0,False,,False,239.0,363.0,0.0,241.0,96.0,1188.0,False,23.0,0.0,0.0,False,0.0,0.0,False,1
52827,Regional Tournament,2019.0,613738.0,F,Oceania,University Degree,0-35,Middle-Low,False,0.0,False,60.0,False,330.0,71.0,0.0,355.0,60.0,83.0,False,0.0,0.0,0.0,False,21.0,0.0,False,1
10369,Local Match,2020.0,398656.0,M,Eastern Europe,High school,0-35,High,False,0.0,False,60.0,False,412.0,802.0,0.0,448.0,418.0,959.0,False,0.0,3.0,0.0,False,24.0,10.0,True,0
48513,Local Match,2020.0,537133.0,F,Oceania,Middle school,0-35,Middle-Low,True,0.0,False,0.0,False,338.0,513.0,0.0,431.0,235.0,24.0,False,0.0,10.0,7.0,False,35.0,21.0,True,0
54146,Federation League,2021.0,593607.0,M,Central Asia,High school,0-35,Middle-Low,False,0.0,False,0.0,False,121.0,220.0,0.0,50.0,96.0,14.0,False,0.0,28.0,0.0,False,1.0,0.0,True,1
78197,Regional Tournament,2021.0,624544.0,F,Northern Africa,High school,0-35,Low,True,0.0,False,30.0,False,18.0,21.0,0.0,5.0,20.0,0.0,False,0.0,0.0,0.0,False,4.0,0.0,True,0
30756,Local Match,2019.0,572397.0,M,Southern Europe,Middle school,0-35,High,False,0.0,False,0.0,True,238.0,406.0,0.0,142.0,299.0,845.0,False,3.0,3.0,0.0,False,11.0,3.0,True,1
93964,Regional Tournament,2021.0,612862.0,F,East Asia,High school,0-35,High,False,0.0,False,0.0,False,326.0,103.0,2.0,1047.0,94.0,130.0,False,0.0,0.0,0.0,False,26.0,0.0,False,1
28546,Local Match,2020.0,534750.0,M,Central Asia,High school,0-35,High,False,0.0,False,60.0,False,623.0,1579.0,0.0,216.0,440.0,58.0,False,0.0,38.0,12.0,False,32.0,49.0,True,0
49077,Local Match,2020.0,2560595.0,M,Western Europe,Middle school,0-35,Middle-High,False,0.0,False,0.0,False,285.0,1670.0,0.0,293.0,255.0,1036.0,False,0.0,13.0,10.0,False,27.0,24.0,True,1
61049,Olympic Games,2022.0,2330254.0,M,South America,Middle school,35-55,Middle,False,0.0,False,0.0,False,779.0,845.0,0.0,1144.0,71.0,0.0,False,0.0,0.0,0.0,False,28.0,0.0,True,1
39724,National Cup,2021.0,617348.0,F,Eastern Europe,High school,0-35,Low,False,0.0,False,,False,305.0,74.0,0.0,582.0,124.0,1107.0,False,8.0,0.0,0.0,False,12.0,0.0,False,1
29391,National Cup,2021.0,621655.0,M,Northern Africa,Middle school,0-35,Middle-High,False,0.0,False,0.0,False,58.0,26.0,0.0,8.0,19.0,39.0,False,0.0,0.0,0.0,False,1.0,0.0,False,0
72848,Federation League,2020.0,514773.0,F,East Asia,High school,0-35,High,False,0.0,False,60.0,False,161.0,83.0,0.0,178.0,65.0,9.0,False,0.0,28.0,0.0,False,50.0,7.0,False,0
68316,Federation League,2020.0,529525.0,F,Northern Africa,Middle school,0-35,Middle,False,1.0,False,60.0,False,32.0,26.0,0.0,22.0,2.0,1.0,False,0.0,0.0,0.0,False,1.0,0.0,False,0
61216,Continental Championship,2021.0,624384.0,M,Southern Europe,Middle school,0-35,Middle,False,0.0,False,,False,8.0,34.0,0.0,0.0,0.0,3.0,False,2.0,0.0,0.0,False,1.0,0.0,False,0
90918,Regional Tournament,2019.0,596451.0,F,Western Europe,High school,35-55,High,True,0.0,False,0.0,False,1248.0,126.0,0.0,2139.0,99.0,232.0,False,0.0,0.0,0.0,False,81.0,0.0,False,1
25203,National Cup,2021.0,492357.0,M,Central Asia,High school,35-55,Middle-High,False,0.0,False,,False,570.0,46.0,0.0,1200.0,64.0,319.0,False,6.0,0.0,0.0,False,5.0,0.0,False,0
69561,Local Match,2021.0,1072259.0,M,Northern Africa,University Degree,35-55,High,False,0.0,False,30.0,True,234.0,637.0,0.0,275.0,182.0,621.0,False,10.0,136.0,0.0,False,8.0,0.0,True,1
93823,World Championship,2019.0,607256.0,,Eastern Europe,Middle school,0-35,Low,False,0.0,False,,False,300.0,577.0,8.0,269.0,51.0,119.0,False,0.0,0.0,0.0,False,0.0,0.0,True,1
86885,World Championship,2019.0,600202.0,M,East Asia,Middle school,35-55,Middle-Low,False,0.0,False,,False,68.0,386.0,0.0,0.0,17.0,190.0,False,0.0,0.0,0.0,False,0.0,0.0,True,1
15334,National Cup,2021.0,570967.0,F,South America,Middle school,35-55,Middle-Low,False,0.0,False,0.0,False,264.0,129.0,0.0,2.0,106.0,833.0,False,0.0,0.0,0.0,False,9.0,0.0,False,1
35465,Federation League,2021.0,627581.0,M,Middle East,Middle school,35-55,Low,True,0.0,False,0.0,False,331.0,89.0,0.0,187.0,72.0,1.0,False,6.0,170.0,0.0,False,11.0,0.0,True,0
95139,Regional Tournament,2019.0,47855.0,F,North America,Middle school,35-55,Low,False,3.0,True,140.0,False,10.0,0.0,0.0,0.0,0.0,0.0,False,0.0,0.0,0.0,False,2.0,0.0,True,0
33669,Local Match,2019.0,583993.0,M,East Asia,High school,0-35,High,True,0.0,False,60.0,False,453.0,817.0,0.0,372.0,225.0,698.0,False,0.0,25.0,10.0,False,18.0,8.0,True,0
19634,Regional Tournament,2019.0,582190.0,F,Western Europe,Middle school,0-35,Middle-High,False,0.0,False,0.0,False,58.0,48.0,0.0,299.0,39.0,66.0,False,0.0,0.0,0.0,False,11.0,0.0,False,0
68041,Local Match,2021.0,2242732.0,M,Middle East,University Degree,35-55,High,False,0.0,False,30.0,True,304.0,1371.0,0.0,101.0,378.0,1331.0,False,0.0,35.0,18.0,False,28.0,7.0,True,1
28558,National Cup,2021.0,556584.0,M,Western Europe,University Degree,35-55,High,False,0.0,False,0.0,False,596.0,325.0,0.0,225.0,272.0,,False,0.0,0.0,0.0,False,6.0,0.0,False,1
32878,National Cup,2021.0,574283.0,M,East Asia,High school,35-55,Middle-Low,False,0.0,False,60.0,False,82.0,58.0,0.0,55.0,86.0,226.0,False,0.0,0.0,0.0,False,8.0,0.0,False,0
52567,National Cup,2021.0,227192.0,M,South America,Middle school,0-35,High,False,0.0,False,0.0,False,290.0,188.0,0.0,46.0,176.0,783.0,False,0.0,0.0,0.0,False,9.0,0.0,False,1
34592,Local Match,2021.0,634636.0,M,South America,High school,0-35,Middle-Low,False,0.0,False,0.0,True,1648.0,2673.0,0.0,1578.0,707.0,901.0,False,6.0,20.0,6.0,False,80.0,4.0,True,1
44312,National Cup,2022.0,466360.0,M,,University Degree,35-55,Middle-Low,False,0.0,False,,False,238.0,74.0,0.0,81.0,136.0,425.0,False,0.0,0.0,0.0,False,8.0,,False,1
83373,Federation League,2021.0,2639021.0,M,Southern Africa,Middle school,0-35,Low,False,0.0,False,0.0,False,46.0,41.0,0.0,28.0,15.0,2.0,False,0.0,31.0,0.0,False,2.0,0.0,False,0
47239,National Cup,2022.0,522004.0,F,Oceania,Middle school,,Middle,False,0.0,False,0.0,False,33.0,61.0,0.0,4.0,12.0,164.0,False,0.0,0.0,0.0,False,1.0,0.0,False,0
70713,Local Match,2020.0,1839012.0,F,North America,Middle school,35-55,High,False,1.0,False,60.0,False,1592.0,2450.0,0.0,2439.0,599.0,954.0,False,0.0,,40.0,False,63.0,88.0,True,1
67637,Regional Tournament,2020.0,2439201.0,F,South Asia,Middle school,0-35,Middle-Low,False,0.0,False,0.0,False,215.0,7.0,0.0,450.0,26.0,58.0,False,0.0,0.0,0.0,False,6.0,0.0,False,1
73769,Continental Championship,2022.0,688404.0,M,Western Europe,Middle school,0-35,Middle-Low,False,0.0,False,,False,96.0,142.0,0.0,75.0,7.0,129.0,False,2.0,0.0,0.0,False,2.0,0.0,False,0
44228,Local Match,2020.0,522023.0,F,North America,University Degree,0-35,Low,False,1.0,False,90.0,False,87.0,177.0,0.0,113.0,97.0,9.0,False,0.0,3.0,0.0,False,8.0,11.0,True,0
60960,Local Match,2022.0,562990.0,M,Western Europe,High school,0-35,Middle-Low,False,0.0,False,90.0,False,234.0,619.0,0.0,30.0,171.0,728.0,True,0.0,11.0,0.0,False,5.0,0.0,True,1
69666,Federation League,2019.0,591071.0,F,East Asia,High school,0-35,High,False,0.0,False,0.0,False,214.0,306.0,0.0,162.0,142.0,9.0,False,0.0,66.0,0.0,False,28.0,0.0,True,1
72787,Regional Tournament,2021.0,307386.0,F,Southern Africa,University Degree,0-35,Middle,False,2.0,False,120.0,False,84.0,15.0,0.0,26.0,11.0,91.0,False,0.0,0.0,0.0,False,3.0,0.0,False,1
70435,Local Match,2022.0,372511.0,M,South Asia,University Degree,0-35,High,False,0.0,False,90.0,False,194.0,433.0,0.0,13.0,205.0,384.0,True,0.0,1.0,6.0,False,19.0,0.0,True,1
76890,Local Match,2019.0,598835.0,M,North America,High school,0-35,Middle,False,0.0,False,0.0,True,939.0,2460.0,0.0,620.0,498.0,734.0,False,2.0,92.0,44.0,False,57.0,40.0,True,1
70902,National Cup,2022.0,629560.0,F,Northern Africa,Middle school,0-35,Middle,False,1.0,False,0.0,False,122.0,120.0,0.0,10.0,69.0,387.0,False,0.0,0.0,0.0,False,5.0,0.0,False,0
69445,Local Match,2019.0,602468.0,M,Oceania,Middle school,35-55,Low,False,0.0,False,30.0,True,131.0,331.0,0.0,114.0,111.0,492.0,False,0.0,15.0,10.0,False,11.0,8.0,True,1
26640,Continental Championship,2022.0,560881.0,M,Eastern Europe,High school,0-35,Middle-Low,True,0.0,False,30.0,False,177.0,1153.0,0.0,90.0,7.0,94.0,False,7.0,160.0,0.0,False,22.0,0.0,False,0
97070,Regional Tournament,2022.0,679218.0,M,Oceania,Middle school,0-35,High,False,0.0,False,0.0,False,53.0,135.0,1.0,23.0,13.0,55.0,False,4.0,0.0,0.0,False,2.0,0.0,True,1
63342,World Championship,2021.0,633435.0,M,South America,High school,0-35,Middle-Low,False,0.0,False,,False,17.0,14.0,0.0,0.0,2.0,0.0,False,0.0,0.0,0.0,False,0.0,0.0,False,0
31581,Regional Tournament,2019.0,234929.0,F,Central America,University Degree,0-35,High,False,1.0,False,0.0,False,119.0,37.0,1.0,139.0,30.0,77.0,False,0.0,0.0,0.0,False,19.0,0.0,False,0
43332,National Cup,2022.0,368436.0,M,Central Asia,Middle school,35-55,Middle-Low,False,0.0,False,,False,730.0,1127.0,0.0,777.0,163.0,566.0,False,60.0,0.0,0.0,False,5.0,0.0,False,1
13848,Local Match,2022.0,680708.0,F,North America,Middle school,0-35,Middle-Low,False,0.0,False,60.0,False,276.0,1030.0,0.0,144.0,121.0,692.0,True,0.0,55.0,19.0,False,20.0,19.0,True,1
20244,National Cup,2022.0,686018.0,M,South Asia,University Degree,0-35,High,False,0.0,False,30.0,False,443.0,166.0,0.0,274.0,149.0,902.0,False,0.0,0.0,0.0,False,14.0,0.0,False,1
85902,Continental Championship,2022.0,646070.0,M,Northern Africa,High school,0-35,Middle-Low,False,0.0,False,0.0,False,340.0,803.0,0.0,340.0,20.0,149.0,False,1.0,257.0,0.0,False,30.0,0.0,True,1
45027,Federation League,2022.0,546299.0,M,Eastern Europe,Middle school,0-35,High,False,1.0,False,0.0,False,108.0,55.0,0.0,34.0,49.0,13.0,False,2.0,0.0,0.0,False,11.0,0.0,False,0
42440,Federation League,2020.0,537926.0,M,Northern Africa,High school,0-35,Middle-Low,False,0.0,False,0.0,False,231.0,308.0,0.0,145.0,157.0,8.0,False,0.0,9.0,0.0,False,27.0,2.0,False,0
47721,Regional Tournament,2019.0,482810.0,F,Oceania,High school,0-35,Middle-Low,False,0.0,False,0.0,False,57.0,18.0,0.0,27.0,16.0,52.0,False,0.0,0.0,0.0,False,5.0,0.0,False,1
28301,Olympic Games,2019.0,279572.0,M,South America,Middle school,0-35,Middle,False,0.0,False,0.0,False,197.0,785.0,0.0,114.0,86.0,0.0,False,0.0,0.0,0.0,False,1.0,0.0,True,1
98753,Regional Tournament,2022.0,676151.0,F,Northern Africa,Middle school,0-35,Low,False,0.0,False,0.0,False,1031.0,1668.0,23.0,1928.0,88.0,142.0,False,34.0,0.0,14.0,False,1.0,0.0,True,1
66139,Regional Tournament,2022.0,341611.0,F,Northern Africa,Middle school,0-35,Low,False,1.0,False,60.0,False,77.0,128.0,0.0,0.0,27.0,14.0,False,0.0,0.0,0.0,False,3.0,0.0,True,0
84870,Regional Tournament,2021.0,561953.0,F,Western Europe,High school,0-35,Middle-High,False,0.0,False,0.0,False,51.0,33.0,1.0,127.0,19.0,68.0,False,0.0,0.0,0.0,False,3.0,0.0,False,1
10914,Local Match,2022.0,692454.0,M,Eastern Europe,High school,0-35,High,False,0.0,False,30.0,False,592.0,756.0,0.0,313.0,508.0,1290.0,True,21.0,1.0,9.0,False,37.0,0.0,True,1
99984,Federation League,2020.0,2692101.0,M,Central America,Middle school,0-35,Middle,False,0.0,False,30.0,False,69.0,105.0,0.0,12.0,66.0,2.0,False,0.0,20.0,0.0,False,44.0,0.0,False,0
36476,Federation League,2020.0,2080539.0,M,North America,Middle school,0-35,Middle,False,0.0,False,0.0,False,111.0,242.0,0.0,140.0,296.0,31.0,False,0.0,35.0,0.0,False,40.0,1.0,True,1
89034,Federation League,2020.0,382339.0,M,Eastern Europe,Middle school,35-55,Middle-Low,True,1.0,False,60.0,False,0.0,1.0,0.0,0.0,0.0,0.0,False,0.0,0.0,0.0,False,0.0,0.0,True,0
78084,Regional Tournament,2019.0,607286.0,F,Eastern Europe,High school,0-35,Low,False,0.0,False,120.0,False,47.0,33.0,2.0,1.0,36.0,2.0,False,0.0,0.0,0.0,False,13.0,0.0,False,0
51676,National Cup,2022.0,2555596.0,M,East Asia,High school,0-35,Middle-Low,False,1.0,False,,False,41.0,19.0,0.0,68.0,27.0,25.0,False,0.0,0.0,0.0,False,0.0,0.0,False,0
87060,Regional Tournament,2019.0,601504.0,F,Southern Africa,Middle school,35-55,Middle,False,0.0,False,0.0,False,735.0,149.0,16.0,3266.0,202.0,139.0,False,4.0,0.0,0.0,False,101.0,,True,1
25244,World Championship,2019.0,592043.0,F,South America,Middle school,0-35,Low,False,0.0,False,,False,28.0,29.0,0.0,13.0,10.0,0.0,False,0.0,0.0,0.0,False,0.0,0.0,True,0
22223,Federation League,2019.0,544576.0,M,Southern Africa,High school,0-35,High,True,0.0,False,0.0,False,214.0,183.0,0.0,129.0,263.0,85.0,False,8.0,64.0,0.0,False,41.0,0.0,False,1
74418,National Cup,2022.0,620897.0,M,South America,High school,0-35,Middle-Low,False,1.0,False,60.0,False,127.0,103.0,0.0,196.0,131.0,400.0,False,2.0,0.0,0.0,False,5.0,0.0,False,0
97799,Local Match,2019.0,605195.0,M,North America,University Degree,0-35,High,False,0.0,False,30.0,True,567.0,1120.0,2.0,236.0,354.0,582.0,False,1.0,48.0,41.0,False,65.0,58.0,True,1
28343,Regional Tournament,2019.0,579316.0,F,Eastern Europe,High school,0-35,Middle,False,0.0,False,0.0,False,15.0,12.0,0.0,0.0,8.0,74.0,False,0.0,0.0,0.0,False,0.0,0.0,False,1
16842,National Cup,2022.0,648818.0,F,Southern Africa,Post Graduate,0-35,High,False,0.0,False,,False,157.0,160.0,0.0,21.0,92.0,315.0,False,1.0,0.0,0.0,False,17.0,0.0,False,1
56504,Regional Tournament,2021.0,374515.0,F,Western Europe,Middle school,35-55,Middle,True,0.0,False,0.0,False,31.0,2.0,0.0,47.0,2.0,12.0,False,0.0,0.0,0.0,False,17.0,0.0,True,0
76085,National Cup,2021.0,1678014.0,M,Central America,Middle school,35-55,High,False,0.0,False,,False,56.0,52.0,0.0,2.0,17.0,54.0,False,0.0,0.0,0.0,False,2.0,0.0,False,0
45365,World Championship,2021.0,2067555.0,F,Northern Africa,Middle school,0-35,Low,False,0.0,False,,False,54.0,95.0,0.0,0.0,5.0,60.0,False,0.0,0.0,0.0,False,0.0,0.0,True,1
83311,World Championship,2021.0,621716.0,F,South America,Middle school,35-55,Middle-Low,False,0.0,False,,False,199.0,639.0,3.0,16.0,56.0,258.0,False,0.0,0.0,0.0,False,0.0,0.0,True,1
23137,Federation League,2019.0,50610.0,F,Western Europe,High school,0-35,Middle,True,1.0,False,10.0,False,4.0,4.0,0.0,0.0,5.0,0.0,False,0.0,0.0,0.0,False,0.0,0.0,True,0
54433,National Cup,2022.0,614458.0,F,North America,High school,35-55,Middle-Low,False,0.0,False,0.0,False,1334.0,140.0,0.0,2043.0,276.0,2254.0,False,22.0,0.0,0.0,False,20.0,0.0,True,1
80597,Regional Tournament,2022.0,385341.0,F,Northern Africa,High school,0-35,Low,False,0.0,False,0.0,False,26.0,50.0,0.0,45.0,16.0,0.0,False,10.0,0.0,0.0,False,0.0,0.0,True,0
57576,Olympic Games,2019.0,388885.0,M,Middle East,High school,35-55,High,False,0.0,False,0.0,False,182.0,458.0,0.0,167.0,58.0,0.0,False,0.0,0.0,0.0,False,10.0,0.0,True,1
89346,Regional Tournament,2022.0,689139.0,F,Southern Africa,Middle school,35-55,Middle,False,0.0,False,0.0,False,116.0,308.0,4.0,17.0,43.0,15.0,False,0.0,0.0,3.0,False,3.0,0.0,True,1
33644,Regional Tournament,2022.0,675231.0,F,North America,High school,0-35,High,False,0.0,False,0.0,False,123.0,553.0,0.0,36.0,28.0,71.0,False,13.0,0.0,0.0,False,2.0,0.0,True,1
53720,World Championship,2021.0,621693.0,F,Middle East,High school,0-35,High,False,0.0,False,,False,39.0,34.0,0.0,3.0,16.0,0.0,False,0.0,0.0,0.0,False,0.0,0.0,True,0
25286,Federation League,2020.0,512080.0,F,South America,High school,0-35,Middle-Low,False,0.0,False,60.0,False,155.0,270.0,0.0,71.0,182.0,9.0,False,0.0,49.0,0.0,False,19.0,0.0,True,1
42307,Local Match,2019.0,478332.0,M,Southern Europe,High school,0-35,Low,False,0.0,False,60.0,True,335.0,965.0,0.0,238.0,260.0,600.0,False,0.0,21.0,9.0,False,22.0,8.0,True,1
13280,Regional Tournament,2020.0,527164.0,F,Oceania,High school,0-35,Low,False,0.0,False,60.0,False,1148.0,79.0,4.0,4506.0,156.0,152.0,False,0.0,0.0,0.0,False,46.0,4.0,False,1
52339,Local Match,2020.0,1534560.0,M,South America,High school,35-55,Middle-Low,False,0.0,False,0.0,False,325.0,633.0,0.0,280.0,313.0,711.0,False,0.0,53.0,3.0,False,29.0,20.0,True,1
22256,Local Match,2020.0,487168.0,F,Central Asia,High school,0-35,Low,False,0.0,False,60.0,False,266.0,548.0,0.0,166.0,268.0,662.0,False,0.0,19.0,4.0,False,25.0,71.0,True,0
55685,Federation League,2019.0,562728.0,M,Southern Europe,High school,0-35,Middle-Low,False,0.0,False,60.0,False,392.0,425.0,0.0,211.0,444.0,28.0,False,2.0,83.0,0.0,False,58.0,0.0,True,1
63097,Federation League,2019.0,379124.0,F,South America,High school,0-35,Low,False,2.0,False,10.0,False,359.0,158.0,0.0,206.0,308.0,,False,9.0,96.0,0.0,False,36.0,0.0,True,1
25167,National Cup,2021.0,1942999.0,F,Central Asia,University Degree,35-55,Middle,False,0.0,False,30.0,False,86.0,30.0,0.0,33.0,85.0,180.0,False,0.0,0.0,0.0,False,10.0,0.0,False,0
72980,World Championship,2021.0,632675.0,F,Oceania,Middle school,35-55,Low,True,0.0,False,,False,152.0,287.0,0.0,266.0,43.0,109.0,False,0.0,0.0,0.0,False,0.0,0.0,True,1
72906,Local Match,2021.0,622392.0,M,South Asia,Elementary school,0-35,High,False,0.0,False,60.0,True,84.0,441.0,0.0,141.0,144.0,249.0,False,4.0,21.0,3.0,False,12.0,1.0,True,0
43944,World Championship,2019.0,591321.0,M,Eastern Europe,Middle school,35-55,Middle-Low,False,0.0,False,,False,76.0,89.0,0.0,4.0,25.0,75.0,False,0.0,0.0,0.0,False,0.0,0.0,True,1
36504,National Cup,2021.0,588524.0,M,North America,University Degree,0-35,Middle-High,False,0.0,False,0.0,False,62.0,23.0,0.0,7.0,52.0,277.0,False,0.0,0.0,0.0,False,5.0,0.0,False,1
20481,Continental Championship,2022.0,683640.0,M,Western Europe,Middle school,35-55,High,False,0.0,False,0.0,False,150.0,175.0,0.0,184.0,17.0,92.0,False,5.0,0.0,0.0,False,15.0,0.0,True,0
68648,Local Match,2019.0,592789.0,M,Central America,Middle school,,Middle-Low,False,0.0,False,60.0,True,494.0,1394.0,0.0,396.0,489.0,1187.0,False,13.0,80.0,19.0,False,35.0,3.0,True,1
18200,Regional Tournament,2019.0,595570.0,F,Oceania,High school,0-35,Middle-High,False,0.0,False,0.0,False,391.0,99.0,0.0,243.0,109.0,96.0,False,0.0,0.0,0.0,False,113.0,0.0,False,0
87337,Regional Tournament,2022.0,398442.0,M,North America,High school,0-35,Middle-High,False,0.0,False,60.0,False,205.0,376.0,0.0,90.0,49.0,91.0,False,13.0,0.0,0.0,False,6.0,0.0,True,1
84531,Regional Tournament,2020.0,378543.0,M,Oceania,University Degree,0-35,High,False,0.0,False,60.0,False,137.0,46.0,0.0,192.0,90.0,86.0,False,0.0,0.0,0.0,False,9.0,0.0,False,1
80131,World Championship,2022.0,696708.0,M,Central America,Middle school,0-35,Middle,False,0.0,False,,False,2.0,1.0,0.0,0.0,2.0,0.0,False,0.0,0.0,0.0,False,0.0,0.0,False,0
31473,Regional Tournament,2019.0,1467014.0,M,Central America,Middle school,35-55,Middle-High,False,0.0,False,0.0,False,371.0,76.0,6.0,587.0,125.0,115.0,False,0.0,0.0,0.0,False,12.0,0.0,True,1
36765,National Cup,2022.0,692933.0,M,Southern Africa,University Degree,35-55,High,False,0.0,False,,False,47.0,31.0,0.0,0.0,30.0,67.0,False,0.0,0.0,0.0,False,1.0,0.0,False,0
40021,Olympic Games,2019.0,240884.0,M,East Asia,High school,0-35,High,False,0.0,False,60.0,False,87.0,202.0,0.0,40.0,83.0,0.0,False,0.0,0.0,0.0,False,15.0,0.0,True,1
62685,Continental Championship,2019.0,573593.0,M,Central Asia,High school,35-55,Middle-Low,False,0.0,False,0.0,False,300.0,1113.0,0.0,83.0,73.0,226.0,False,1.0,190.0,0.0,False,84.0,3.0,False,1
83472,Regional Tournament,2022.0,647553.0,F,Southern Africa,High school,0-35,Middle,False,0.0,False,0.0,False,226.0,448.0,0.0,207.0,53.0,172.0,False,0.0,0.0,0.0,False,5.0,0.0,True,1
78412,Local Match,2019.0,573317.0,M,North America,High school,0-35,High,False,0.0,False,0.0,False,69.0,208.0,0.0,165.0,106.0,105.0,False,1.0,7.0,0.0,False,8.0,0.0,True,0
40102,Regional Tournament,2019.0,545462.0,F,Eastern Europe,High school,35-55,Middle,False,0.0,False,0.0,False,655.0,91.0,3.0,4382.0,80.0,122.0,False,0.0,0.0,0.0,False,42.0,0.0,True,1
47389,Federation League,2021.0,605759.0,M,Central Asia,High school,0-35,Middle,False,0.0,False,30.0,False,177.0,209.0,0.0,107.0,155.0,6.0,False,0.0,10.0,0.0,False,4.0,0.0,True,0
17031,Local Match,2022.0,683604.0,M,East Asia,University Degree,35-55,Middle-High,False,0.0,False,30.0,False,665.0,4715.0,0.0,245.0,600.0,873.0,True,22.0,32.0,22.0,False,95.0,19.0,False,1
45553,Regional Tournament,2022.0,637810.0,F,Western Europe,Middle school,35-55,High,False,0.0,False,0.0,False,208.0,440.0,0.0,84.0,33.0,362.0,False,0.0,0.0,0.0,False,3.0,0.0,True,1
78583,Federation League,2021.0,634178.0,M,South Asia,Middle school,0-35,High,False,0.0,False,0.0,False,285.0,174.0,0.0,443.0,340.0,34.0,False,20.0,51.0,0.0,False,9.0,0.0,True,1
39563,Regional Tournament,2021.0,1732219.0,F,North America,Middle school,35-55,High,True,0.0,False,0.0,False,60.0,35.0,0.0,23.0,21.0,83.0,False,0.0,0.0,0.0,False,4.0,0.0,False,1
50213,Regional Tournament,2019.0,519584.0,F,East Asia,Middle school,0-35,Middle-Low,False,0.0,False,0.0,False,332.0,70.0,9.0,463.0,105.0,68.0,False,0.0,0.0,0.0,False,71.0,0.0,False,1
71467,Continental Championship,2019.0,578623.0,M,Central America,High school,0-35,High,False,0.0,False,60.0,False,93.0,125.0,0.0,83.0,20.0,94.0,False,0.0,0.0,0.0,False,28.0,5.0,True,0
60294,Local Match,2019.0,598498.0,M,Oceania,Middle school,0-35,High,False,0.0,False,0.0,False,128.0,353.0,0.0,187.0,96.0,549.0,False,0.0,2.0,3.0,False,6.0,0.0,True,0
26757,Local Match,2019.0,590189.0,M,South America,High school,0-35,Low,False,0.0,False,60.0,False,138.0,247.0,0.0,80.0,64.0,943.0,False,1.0,0.0,0.0,False,1.0,0.0,False,0
28373,Olympic Games,2019.0,2139353.0,M,South America,High school,35-55,Middle,False,0.0,False,60.0,False,150.0,657.0,0.0,65.0,249.0,0.0,False,0.0,0.0,0.0,False,134.0,7.0,False,0
96445,Federation League,2022.0,631835.0,M,South America,Middle school,0-35,Middle-Low,False,0.0,False,60.0,False,431.0,381.0,9.0,584.0,272.0,23.0,False,57.0,0.0,0.0,False,22.0,0.0,True,1
26030,Federation League,2019.0,571640.0,M,East Asia,High school,35-55,Middle,False,0.0,False,60.0,False,365.0,278.0,0.0,291.0,121.0,12.0,False,32.0,83.0,0.0,False,21.0,0.0,True,0
24836,Local Match,2019.0,200278.0,M,Western Europe,High school,0-35,Middle,False,0.0,False,60.0,False,57.0,67.0,0.0,31.0,69.0,20.0,False,0.0,2.0,0.0,False,4.0,0.0,True,0
19007,Local Match,2019.0,610278.0,M,Southern Africa,High school,0-35,Middle,False,0.0,False,60.0,True,459.0,958.0,0.0,189.0,286.0,639.0,False,1.0,35.0,15.0,False,31.0,13.0,True,1
10004,Federation League,2019.0,608815.0,F,North America,High school,0-35,Middle,False,0.0,False,0.0,False,801.0,198.0,4.0,1410.0,400.0,24.0,,14.0,123.0,0.0,False,246.0,0.0,True,1
55327,Federation League,2019.0,574938.0,M,Eastern Europe,High school,0-35,Low,False,0.0,False,0.0,False,431.0,320.0,0.0,599.0,253.0,31.0,False,22.0,123.0,0.0,False,33.0,0.0,True,1
70485,Local Match,2021.0,628837.0,M,Central Asia,High school,0-35,Middle,False,0.0,False,0.0,True,143.0,178.0,0.0,142.0,168.0,201.0,False,1.0,0.0,0.0,False,18.0,0.0,True,0
27647,Regional Tournament,2021.0,632658.0,F,Southern Europe,Middle school,0-35,Low,False,0.0,False,0.0,False,50.0,15.0,0.0,0.0,13.0,42.0,False,0.0,0.0,0.0,False,14.0,0.0,False,1
63836,Local Match,2019.0,572274.0,F,Western Europe,High school,0-35,Middle,False,0.0,False,60.0,True,395.0,618.0,0.0,183.0,326.0,1282.0,False,9.0,3.0,0.0,False,18.0,0.0,True,1
60075,World Championship,2021.0,523427.0,M,Southern Europe,High school,0-35,Low,False,0.0,False,,False,11.0,23.0,0.0,19.0,3.0,0.0,False,0.0,0.0,0.0,False,0.0,0.0,True,0
49655,Continental Championship,2022.0,698092.0,M,South America,High school,0-35,Middle-Low,False,0.0,False,0.0,False,109.0,140.0,0.0,7.0,44.0,106.0,False,0.0,0.0,0.0,False,11.0,3.0,False,0
28245,Continental Championship,2022.0,408763.0,M,Northern Africa,High school,0-35,Middle-Low,False,0.0,False,0.0,False,285.0,387.0,0.0,490.0,90.0,,False,3.0,155.0,0.0,False,34.0,0.0,False,1
10421,World Championship,2019.0,596636.0,F,East Asia,Middle school,0-35,Middle,False,0.0,False,,False,115.0,88.0,0.0,23.0,31.0,66.0,False,0.0,0.0,0.0,False,0.0,0.0,True,1
39348,Local Match,2020.0,2348120.0,F,Oceania,High school,0-35,Middle-Low,False,1.0,False,0.0,False,196.0,169.0,0.0,365.0,159.0,32.0,False,0.0,4.0,0.0,False,29.0,6.0,True,0
58026,National Cup,2022.0,61236.0,M,,University Degree,35-55,Middle,False,0.0,False,50.0,False,193.0,106.0,0.0,6.0,17.0,170.0,False,0.0,0.0,0.0,False,14.0,0.0,False,0
35122,Local Match,2020.0,537151.0,M,South America,Middle school,35-55,High,False,0.0,False,60.0,False,28.0,30.0,0.0,13.0,20.0,0.0,False,0.0,0.0,0.0,False,2.0,2.0,False,0
10932,Regional Tournament,2022.0,571641.0,F,East Asia,High school,0-35,Middle,False,0.0,False,60.0,False,88.0,86.0,4.0,210.0,36.0,14.0,False,1.0,0.0,0.0,False,1.0,0.0,True,1
95341,Local Match,2020.0,555349.0,M,Central Asia,Middle school,0-35,Middle,False,0.0,False,0.0,False,166.0,464.0,0.0,262.0,150.0,808.0,False,0.0,1.0,0.0,False,11.0,31.0,False,0
35497,Local Match,2022.0,66892.0,M,South America,High school,0-35,Middle-Low,False,1.0,False,0.0,False,50.0,167.0,0.0,39.0,71.0,0.0,False,1.0,0.0,0.0,False,1.0,0.0,False,0
48749,Local Match,2022.0,1796402.0,F,North America,High school,35-55,Middle-Low,False,0.0,False,0.0,False,441.0,1646.0,0.0,403.0,313.0,528.0,True,0.0,9.0,0.0,False,8.0,0.0,True,1
89304,Federation League,2020.0,2406709.0,M,North America,University Degree,0-35,Middle-Low,False,0.0,False,0.0,False,728.0,282.0,7.0,1877.0,499.0,45.0,False,0.0,142.0,0.0,False,168.0,39.0,False,1
25566,National Cup,2022.0,608681.0,M,Northern Africa,Middle school,0-35,Low,True,0.0,False,0.0,False,,73.0,0.0,39.0,52.0,147.0,False,3.0,0.0,0.0,False,10.0,0.0,False,0
16432,Local Match,2020.0,336258.0,M,Southern Europe,Middle school,0-35,High,False,1.0,False,0.0,False,443.0,1760.0,0.0,338.0,312.0,768.0,False,0.0,26.0,7.0,False,20.0,13.0,True,1
36813,Local Match,2019.0,579482.0,M,North America,High school,35-55,Middle-High,False,0.0,False,0.0,False,127.0,419.0,0.0,145.0,198.0,37.0,False,4.0,23.0,1.0,False,16.0,3.0,True,0
64086,Continental Championship,2022.0,686525.0,M,Northern Africa,University Degree,0-35,Middle,False,0.0,False,0.0,False,176.0,1132.0,0.0,94.0,20.0,172.0,False,7.0,251.0,0.0,False,21.0,0.0,False,1
94607,Olympic Games,2019.0,2664024.0,M,Oceania,University Degree,35-55,High,False,0.0,False,0.0,False,179.0,470.0,0.0,70.0,58.0,0.0,False,0.0,0.0,0.0,False,22.0,9.0,False,1
54224,National Cup,2021.0,512353.0,M,Western Europe,High school,0-35,Middle-Low,False,0.0,False,90.0,False,19.0,6.0,0.0,0.0,6.0,104.0,False,0.0,0.0,0.0,False,0.0,0.0,False,0
61573,Local Match,2019.0,1492571.0,M,Southern Africa,High school,35-55,Low,False,0.0,False,0.0,True,467.0,2880.0,0.0,167.0,480.0,1018.0,False,0.0,52.0,23.0,False,46.0,113.0,True,1
94433,Local Match,2021.0,634279.0,M,Central Asia,High school,0-35,Middle-Low,False,0.0,False,60.0,False,28.0,43.0,0.0,15.0,23.0,252.0,False,1.0,0.0,0.0,False,1.0,0.0,True,0
69245,Regional Tournament,2020.0,537255.0,F,South Asia,Middle school,0-35,Low,False,0.0,False,0.0,False,926.0,40.0,1.0,4157.0,151.0,69.0,False,0.0,0.0,0.0,False,50.0,13.0,False,1
24253,National Cup,2021.0,319042.0,M,South America,High school,35-55,Low,False,0.0,False,120.0,False,687.0,425.0,0.0,27.0,268.0,2533.0,False,0.0,0.0,0.0,False,12.0,0.0,False,0
62235,Regional Tournament,2022.0,682375.0,F,East Asia,Middle school,0-35,High,False,0.0,False,60.0,False,5.0,15.0,0.0,0.0,5.0,0.0,False,0.0,0.0,0.0,False,1.0,0.0,True,0
34525,Federation League,2022.0,370089.0,M,North America,University Degree,35-55,Middle,False,1.0,False,0.0,False,114.0,384.0,18.0,8.0,110.0,51.0,False,0.0,0.0,0.0,False,3.0,0.0,True,1
24383,Local Match,2022.0,125063.0,M,South America,Middle school,35-55,High,False,0.0,False,0.0,False,443.0,1510.0,0.0,477.0,304.0,706.0,True,19.0,53.0,29.0,False,82.0,45.0,True,0
70536,Local Match,2022.0,1722493.0,F,North America,University Degree,35-55,Middle,False,0.0,False,0.0,False,1329.0,1962.0,1.0,2305.0,608.0,1157.0,True,20.0,78.0,11.0,False,139.0,1.0,True,0
59894,Regional Tournament,2019.0,567160.0,F,Western Europe,High school,0-35,Middle-Low,False,0.0,False,0.0,False,21.0,3.0,0.0,11.0,1.0,69.0,False,0.0,0.0,0.0,False,1.0,0.0,False,0
58880,Local Match,2021.0,402449.0,M,Western Europe,High school,0-35,High,False,0.0,False,60.0,True,622.0,1578.0,1.0,713.0,356.0,1001.0,False,26.0,39.0,11.0,False,55.0,0.0,False,0
23106,Federation League,2019.0,594011.0,F,South America,High school,0-35,Middle,False,0.0,False,30.0,False,274.0,251.0,0.0,102.0,337.0,21.0,False,,111.0,0.0,False,46.0,0.0,True,1
90498,Local Match,2020.0,501493.0,M,Northern Africa,Middle school,0-35,Low,True,1.0,False,140.0,False,94.0,142.0,0.0,28.0,57.0,79.0,False,0.0,0.0,0.0,False,7.0,0.0,True,0
53947,Regional Tournament,2020.0,559989.0,F,Central America,High school,35-55,Middle,False,0.0,False,0.0,False,60.0,29.0,1.0,61.0,37.0,0.0,False,0.0,0.0,0.0,False,18.0,0.0,False,0
24841,Federation League,2020.0,549710.0,M,Central Asia,Middle school,0-35,Low,False,0.0,False,0.0,False,517.0,300.0,0.0,351.0,231.0,16.0,False,0.0,34.0,0.0,False,59.0,33.0,False,1
77032,National Cup,2021.0,2419115.0,F,East Asia,High school,35-55,Middle-Low,False,0.0,False,30.0,False,383.0,227.0,0.0,210.0,305.0,2182.0,False,17.0,0.0,0.0,False,4.0,0.0,True,1
72081,Local Match,2020.0,533535.0,M,Southern Africa,University Degree,0-35,High,False,0.0,False,120.0,False,527.0,3158.0,0.0,157.0,662.0,872.0,False,0.0,15.0,13.0,False,40.0,19.0,True,1
13906,Local Match,2019.0,598279.0,F,South America,High school,0-35,Middle-Low,False,0.0,False,0.0,True,342.0,2124.0,0.0,181.0,429.0,1495.0,False,5.0,26.0,12.0,False,30.0,33.0,True,1
14534,World Championship,2019.0,539436.0,F,Middle East,High school,0-35,High,False,0.0,False,,False,513.0,311.0,4.0,995.0,60.0,88.0,False,0.0,0.0,0.0,False,0.0,0.0,True,1
33064,World Championship,2021.0,518145.0,F,Eastern Europe,Middle school,35-55,Middle,True,0.0,False,,False,117.0,286.0,5.0,9.0,32.0,149.0,False,0.0,0.0,0.0,False,0.0,0.0,True,1
42133,National Cup,2022.0,628846.0,M,Middle East,High school,0-35,Middle-High,False,1.0,False,120.0,False,284.0,148.0,0.0,83.0,69.0,628.0,False,1.0,0.0,0.0,False,3.0,0.0,False,1
71589,Federation League,2019.0,574743.0,F,East Asia,Middle school,0-35,High,False,0.0,False,0.0,False,228.0,236.0,0.0,180.0,123.0,9.0,False,8.0,9.0,0.0,False,19.0,0.0,True,0
29154,National Cup,2021.0,631122.0,M,South America,High school,0-35,Middle,False,0.0,False,0.0,False,66.0,29.0,0.0,0.0,31.0,287.0,False,0.0,0.0,0.0,False,4.0,0.0,False,0
39233,Local Match,2022.0,74165.0,M,Eastern Europe,High school,0-35,Middle-Low,False,0.0,False,0.0,False,225.0,773.0,0.0,117.0,142.0,607.0,True,11.0,2.0,0.0,False,17.0,0.0,True,1
92477,Local Match,2021.0,616688.0,M,Central Asia,High school,0-35,Low,False,0.0,False,30.0,True,455.0,1391.0,0.0,151.0,288.0,610.0,False,0.0,26.0,7.0,False,19.0,,True,1
60265,National Cup,2022.0,487314.0,M,Central America,University Degree,0-35,Middle-High,False,0.0,False,0.0,False,158.0,281.0,0.0,,47.0,307.0,False,0.0,0.0,0.0,False,11.0,0.0,False,1
39045,Regional Tournament,2020.0,288380.0,F,Middle East,Middle school,0-35,Middle,True,3.0,False,60.0,False,5.0,1.0,0.0,12.0,0.0,0.0,False,0.0,0.0,0.0,False,0.0,0.0,True,0
56160,Regional Tournament,2019.0,571907.0,F,North America,High school,0-35,Low,False,0.0,False,0.0,False,183.0,47.0,0.0,88.0,27.0,98.0,False,0.0,0.0,0.0,False,30.0,0.0,False,1
75726,National Cup,2021.0,607966.0,F,South Asia,High school,0-35,Low,False,0.0,False,30.0,False,21.0,8.0,0.0,7.0,15.0,59.0,False,0.0,0.0,0.0,False,1.0,0.0,False,0
84035,Regional Tournament,2022.0,689397.0,F,Southern Africa,High school,0-35,,False,0.0,False,0.0,False,19.0,54.0,0.0,0.0,15.0,111.0,False,0.0,0.0,0.0,False,0.0,0.0,False,0
47960,Local Match,2022.0,648470.0,F,Oceania,High school,0-35,Middle-Low,False,0.0,False,30.0,False,621.0,2831.0,0.0,846.0,452.0,614.0,True,0.0,19.0,8.0,False,18.0,12.0,True,1
56299,Local Match,2020.0,190653.0,F,Western Europe,Middle school,0-35,Low,False,0.0,False,0.0,False,125.0,280.0,0.0,218.0,84.0,111.0,False,0.0,27.0,7.0,,7.0,2.0,True,0
96193,Regional Tournament,2019.0,591414.0,F,Southern Africa,High school,0-35,Low,False,0.0,False,0.0,False,208.0,95.0,2.0,293.0,90.0,68.0,False,0.0,0.0,0.0,False,62.0,0.0,False,1
18990,Local Match,2020.0,153785.0,F,Northern Africa,Middle school,0-35,Low,True,0.0,False,0.0,False,920.0,1952.0,0.0,967.0,325.0,778.0,False,0.0,36.0,17.0,False,45.0,35.0,True,1
68547,Continental Championship,2021.0,576876.0,M,Oceania,Middle school,,High,False,0.0,False,,False,490.0,1211.0,0.0,254.0,33.0,112.0,False,7.0,303.0,0.0,False,71.0,0.0,False,1
45569,World Championship,2019.0,590590.0,F,,Middle school,0-35,Middle-Low,False,0.0,False,,False,76.0,58.0,1.0,178.0,18.0,20.0,False,0.0,0.0,0.0,False,0.0,0.0,True,0
40352,Federation League,2019.0,419517.0,M,Western Europe,Middle school,0-35,Middle-High,False,0.0,False,0.0,False,358.0,123.0,0.0,327.0,166.0,32.0,False,0.0,103.0,0.0,False,25.0,0.0,True,1
12790,Federation League,2021.0,391611.0,F,Southern Africa,High school,0-35,Low,False,3.0,False,0.0,False,37.0,104.0,0.0,10.0,149.0,2.0,False,1.0,5.0,0.0,False,7.0,0.0,False,0
63843,Regional Tournament,2019.0,178738.0,F,Western Europe,University Degree,0-35,Middle-High,False,1.0,False,0.0,False,44.0,6.0,0.0,45.0,9.0,44.0,False,0.0,0.0,0.0,False,13.0,0.0,True,0
23044,World Championship,2022.0,681195.0,M,North America,Elementary school,35-55,Middle-Low,False,0.0,False,,False,68.0,220.0,2.0,0.0,,2.0,False,0.0,0.0,0.0,False,0.0,0.0,True,0
35710,Local Match,2019.0,51485.0,M,Eastern Europe,Middle school,0-35,Low,False,0.0,False,60.0,True,278.0,1526.0,0.0,103.0,254.0,472.0,False,5.0,27.0,32.0,False,27.0,24.0,True,1
15500,Local Match,2020.0,249570.0,F,Central Asia,Middle school,0-35,Low,False,1.0,False,90.0,False,13.0,0.0,0.0,16.0,5.0,0.0,False,0.0,0.0,0.0,False,0.0,0.0,True,0
26769,Regional Tournament,2021.0,614742.0,F,East Asia,High school,0-35,Middle,False,0.0,False,0.0,False,107.0,77.0,2.0,113.0,91.0,64.0,False,0.0,0.0,,False,23.0,0.0,False,1
79220,Federation League,2020.0,548869.0,F,North America,University Degree,0-35,Middle-Low,False,0.0,False,0.0,False,98.0,245.0,0.0,64.0,99.0,18.0,False,0.0,11.0,0.0,False,10.0,0.0,True,0
26216,Local Match,2022.0,684882.0,M,Central America,High school,0-35,High,False,0.0,False,60.0,False,1403.0,1770.0,0.0,2314.0,603.0,1180.0,True,6.0,60.0,9.0,False,27.0,2.0,,1
16875,National Cup,2021.0,581614.0,M,Western Europe,High school,0-35,High,False,0.0,False,60.0,False,184.0,341.0,0.0,0.0,82.0,661.0,False,0.0,0.0,0.0,False,3.0,0.0,,1
15909,World Championship,2022.0,682001.0,F,East Asia,Middle school,0-35,High,False,0.0,False,,False,247.0,577.0,0.0,59.0,39.0,139.0,False,0.0,0.0,0.0,False,0.0,0.0,True,1
92288,Regional Tournament,2019.0,603446.0,F,Western Europe,High school,35-55,High,False,0.0,False,60.0,False,256.0,146.0,0.0,364.0,164.0,95.0,False,1.0,0.0,0.0,False,30.0,0.0,False,1
19244,Federation League,2022.0,2043939.0,M,Western Europe,University Degree,35-55,High,False,0.0,False,0.0,False,526.0,274.0,0.0,513.0,475.0,14.0,False,66.0,0.0,0.0,False,83.0,0.0,True,1
10800,Regional Tournament,2020.0,544978.0,F,Northern Africa,High school,35-55,Middle,False,0.0,False,0.0,False,8.0,3.0,0.0,22.0,4.0,32.0,False,0.0,0.0,0.0,False,2.0,0.0,False,0
80966,National Cup,2021.0,612287.0,M,Central America,Middle school,0-35,Middle-Low,False,0.0,False,0.0,False,15.0,2.0,0.0,4.0,9.0,55.0,False,5.0,0.0,0.0,False,0.0,0.0,False,0
11157,Local Match,2022.0,2550534.0,M,Oceania,High school,0-35,High,False,0.0,False,0.0,False,113.0,343.0,0.0,246.0,122.0,422.0,True,1.0,39.0,0.0,False,9.0,0.0,True,0
72983,Local Match,2019.0,341839.0,M,Western Europe,Middle school,35-55,Middle,False,0.0,False,30.0,False,136.0,202.0,0.0,188.0,146.0,10.0,False,0.0,1.0,0.0,False,5.0,0.0,True,0
89064,Regional Tournament,2019.0,587297.0,F,South Asia,High school,0-35,Middle-High,False,0.0,False,60.0,False,491.0,183.0,1.0,1024.0,139.0,92.0,False,0.0,0.0,0.0,False,66.0,0.0,False,1
27027,National Cup,2021.0,522682.0,M,Eastern Europe,Middle school,0-35,Low,False,0.0,False,0.0,False,32.0,14.0,0.0,0.0,5.0,0.0,False,0.0,0.0,0.0,False,3.0,0.0,False,0
13888,Federation League,2020.0,365782.0,M,South America,High school,35-55,High,False,0.0,False,30.0,False,1092.0,307.0,0.0,512.0,863.0,29.0,False,0.0,236.0,0.0,False,339.0,4.0,True,1
81341,Local Match,2019.0,484312.0,M,South America,High school,0-35,Low,False,1.0,False,30.0,False,10.0,38.0,0.0,13.0,11.0,0.0,False,0.0,0.0,0.0,False,0.0,0.0,False,0
56404,Local Match,2021.0,602672.0,M,Central Asia,Middle school,0-35,High,False,1.0,False,120.0,False,66.0,190.0,0.0,17.0,89.0,72.0,False,4.0,2.0,0.0,False,3.0,0.0,True,0
70670,National Cup,2022.0,560554.0,M,Northern Africa,High school,0-35,Low,False,0.0,False,,False,44.0,20.0,0.0,37.0,20.0,148.0,False,0.0,0.0,0.0,False,2.0,0.0,False,0
47313,Regional Tournament,2022.0,648182.0,F,Middle East,High school,35-55,Middle,False,0.0,False,0.0,False,209.0,665.0,1.0,1.0,35.0,135.0,False,8.0,0.0,8.0,False,2.0,0.0,True,1
56312,Federation League,2021.0,529190.0,M,East Asia,Middle school,0-35,Middle-High,False,0.0,False,0.0,False,725.0,885.0,1.0,464.0,222.0,12.0,False,0.0,335.0,0.0,False,19.0,0.0,True,1
86434,Regional Tournament,2019.0,528464.0,F,Oceania,High school,0-35,High,False,2.0,False,0.0,False,46.0,49.0,0.0,8.0,69.0,75.0,False,0.0,0.0,0.0,False,4.0,0.0,False,1
22419,Local Match,2019.0,1950923.0,M,Northern Africa,Middle school,35-55,Middle-Low,False,0.0,False,0.0,True,406.0,703.0,0.0,567.0,248.0,808.0,False,2.0,24.0,3.0,False,15.0,4.0,True,1
23278,Federation League,2019.0,589531.0,F,Eastern Europe,High school,0-35,Low,True,0.0,False,60.0,False,108.0,30.0,1.0,49.0,59.0,5.0,False,0.0,55.0,0.0,False,5.0,0.0,True,1
23710,Regional Tournament,2020.0,443108.0,F,Central Asia,High school,0-35,Middle-Low,False,0.0,False,0.0,False,107.0,9.0,0.0,241.0,12.0,43.0,False,0.0,0.0,0.0,False,8.0,0.0,False,0
75006,Federation League,2020.0,2693243.0,F,Southern Europe,Middle school,35-55,Middle,False,0.0,False,0.0,False,590.0,205.0,1.0,814.0,620.0,61.0,False,0.0,116.0,0.0,False,225.0,11.0,False,1
88371,Federation League,2019.0,593303.0,M,North America,Middle school,0-35,Low,False,0.0,False,0.0,False,25.0,214.0,0.0,9.0,84.0,3.0,False,3.0,0.0,0.0,False,3.0,0.0,True,0
94488,Continental Championship,2021.0,629202.0,M,South Asia,University Degree,0-35,Middle,False,0.0,False,,False,184.0,580.0,0.0,109.0,14.0,134.0,False,2.0,119.0,0.0,False,25.0,0.0,True,1
47243,Regional Tournament,2020.0,555414.0,F,Northern Africa,Middle school,0-35,Middle-Low,False,0.0,False,0.0,False,257.0,40.0,4.0,284.0,56.0,75.0,False,0.0,0.0,0.0,False,29.0,2.0,False,1
73025,Federation League,2020.0,204996.0,M,South America,University Degree,0-35,Middle,False,0.0,False,60.0,False,239.0,200.0,0.0,259.0,131.0,10.0,False,0.0,152.0,0.0,False,57.0,0.0,False,1
52034,Regional Tournament,2022.0,655084.0,F,Central Asia,Middle school,0-35,Middle,False,0.0,False,60.0,False,202.0,546.0,2.0,39.0,33.0,216.0,False,7.0,0.0,12.0,False,1.0,0.0,True,1
83223,Local Match,2020.0,558801.0,M,Central America,Middle school,35-55,Middle,False,0.0,False,0.0,False,635.0,2119.0,0.0,618.0,665.0,1618.0,False,0.0,135.0,10.0,False,68.0,56.0,True,1
13527,Regional Tournament,2019.0,589067.0,F,Middle East,Middle school,35-55,Middle,False,0.0,False,0.0,False,149.0,80.0,2.0,56.0,70.0,100.0,False,0.0,0.0,0.0,False,57.0,0.0,False,1
84113,Federation League,2019.0,607498.0,F,South Asia,High school,0-35,High,False,0.0,False,30.0,False,860.0,180.0,0.0,642.0,422.0,12.0,False,18.0,163.0,0.0,False,63.0,0.0,True,0
75156,Federation League,2019.0,267871.0,M,Southern Europe,High school,35-55,Low,False,2.0,False,60.0,False,164.0,223.0,0.0,43.0,176.0,8.0,False,5.0,31.0,0.0,False,12.0,0.0,True,1
84000,Regional Tournament,2020.0,534698.0,F,Central Asia,High school,0-35,High,False,0.0,False,0.0,False,706.0,58.0,0.0,1518.0,81.0,115.0,False,0.0,0.0,0.0,False,16.0,3.0,False,1
93050,Regional Tournament,2019.0,603908.0,F,Southern Africa,Middle school,0-35,Middle-Low,False,0.0,False,0.0,False,91.0,18.0,0.0,161.0,20.0,1.0,False,0.0,0.0,0.0,False,14.0,0.0,False,1
50117,Local Match,2019.0,595868.0,M,Western Europe,Middle school,35-55,High,False,0.0,False,0.0,True,648.0,1776.0,0.0,1045.0,559.0,1029.0,False,13.0,91.0,37.0,False,111.0,27.0,True,1
35891,Federation League,2020.0,138709.0,M,South Asia,Middle school,0-35,Low,True,0.0,False,0.0,False,116.0,45.0,0.0,206.0,83.0,2.0,False,0.0,19.0,0.0,False,,9.0,False,0
86396,Local Match,2021.0,503154.0,M,Central America,High school,0-35,High,False,2.0,False,60.0,True,155.0,1427.0,0.0,313.0,162.0,540.0,False,1.0,12.0,13.0,False,24.0,9.0,True,1
41276,Federation League,2019.0,590789.0,F,South Asia,University Degree,0-35,High,False,0.0,False,60.0,False,366.0,135.0,24.0,448.0,293.0,23.0,False,9.0,133.0,0.0,False,58.0,0.0,True,1
67379,Continental Championship,2019.0,195234.0,M,North America,Middle school,0-35,High,False,0.0,False,,False,163.0,374.0,0.0,115.0,17.0,187.0,False,0.0,0.0,0.0,False,30.0,14.0,False,0
40432,Regional Tournament,2022.0,690940.0,F,Central Asia,Middle school,0-35,Middle-Low,False,0.0,False,0.0,False,66.0,204.0,5.0,0.0,9.0,1.0,False,0.0,0.0,0.0,False,3.0,0.0,True,0
86406,Regional Tournament,2022.0,591159.0,M,East Asia,Middle school,0-35,High,True,0.0,False,0.0,False,64.0,248.0,0.0,23.0,16.0,8.0,False,1.0,0.0,0.0,False,3.0,0.0,True,0
11776,Federation League,2019.0,66577.0,F,Northern Africa,University Degree,0-35,Low,False,1.0,False,0.0,False,45.0,14.0,15.0,8.0,58.0,1.0,False,0.0,0.0,0.0,False,2.0,0.0,True,0
19227,Federation League,2022.0,2278095.0,M,Middle East,High school,35-55,High,False,0.0,False,0.0,False,270.0,147.0,6.0,322.0,136.0,15.0,False,22.0,0.0,0.0,False,35.0,0.0,True,1
83385,Olympic Games,2022.0,248581.0,F,Eastern Europe,High school,0-35,Middle,False,0.0,False,0.0,False,570.0,1949.0,0.0,272.0,78.0,0.0,False,1.0,0.0,0.0,False,10.0,3.0,True,1
90105,Local Match,2020.0,550802.0,M,South Asia,Middle school,0-35,Middle,False,0.0,False,0.0,False,182.0,778.0,0.0,,169.0,633.0,False,0.0,1.0,0.0,False,14.0,5.0,True,1
32264,National Cup,2022.0,500189.0,M,North America,High school,0-35,High,False,1.0,False,,False,176.0,75.0,0.0,219.0,77.0,418.0,False,1.0,0.0,0.0,False,10.0,0.0,False,0
28910,National Cup,2022.0,365701.0,F,Oceania,Middle school,0-35,Middle-Low,False,0.0,False,120.0,False,419.0,578.0,0.0,332.0,280.0,1069.0,False,21.0,0.0,0.0,False,13.0,0.0,True,1
67331,Federation League,2019.0,540806.0,F,Western Europe,High school,35-55,High,False,0.0,False,0.0,False,1124.0,777.0,68.0,437.0,485.0,17.0,False,95.0,87.0,0.0,False,70.0,0.0,True,1
93124,World Championship,2021.0,634258.0,F,Eastern Europe,High school,0-35,Low,False,0.0,False,,False,204.0,288.0,4.0,366.0,43.0,100.0,False,0.0,0.0,0.0,False,0.0,0.0,True,1
66164,National Cup,2022.0,2614093.0,M,East Asia,High school,35-55,High,False,0.0,False,120.0,False,152.0,56.0,0.0,29.0,88.0,195.0,False,5.0,0.0,0.0,False,2.0,0.0,True,1
49508,Local Match,2022.0,696615.0,M,East Asia,High school,0-35,Middle-High,False,0.0,False,0.0,False,62.0,97.0,0.0,98.0,48.0,70.0,True,0.0,17.0,0.0,False,2.0,0.0,True,0
19012,National Cup,2022.0,696324.0,M,North America,University Degree,35-55,High,False,0.0,False,60.0,False,59.0,66.0,0.0,11.0,47.0,341.0,False,1.0,0.0,0.0,False,5.0,0.0,False,0
21804,Local Match,2020.0,540549.0,M,Northern Africa,Middle school,0-35,Middle-Low,False,0.0,False,60.0,False,191.0,755.0,0.0,54.0,124.0,597.0,False,0.0,28.0,12.0,False,15.0,2.0,True,1
77154,Regional Tournament,2020.0,547409.0,F,South America,Middle school,0-35,Low,False,0.0,False,0.0,False,36.0,12.0,0.0,44.0,22.0,4.0,False,0.0,0.0,0.0,False,6.0,0.0,False,0
73605,Local Match,2020.0,549420.0,M,Oceania,High school,35-55,Middle-Low,False,0.0,False,0.0,False,902.0,2021.0,0.0,1028.0,595.0,993.0,False,0.0,56.0,53.0,False,89.0,170.0,True,1
66966,Local Match,2020.0,508830.0,M,Southern Africa,High school,0-35,High,False,0.0,False,60.0,False,466.0,428.0,0.0,482.0,475.0,1167.0,False,0.0,9.0,12.0,False,14.0,26.0,True,1
70806,Federation League,2022.0,596322.0,F,North America,University Degree,35-55,High,False,0.0,False,0.0,False,587.0,355.0,13.0,1050.0,614.0,70.0,False,186.0,0.0,0.0,False,72.0,0.0,True,1
28096,Regional Tournament,2022.0,577743.0,F,Eastern Europe,High school,0-35,Middle-High,False,0.0,False,60.0,False,190.0,603.0,3.0,19.0,54.0,127.0,False,2.0,0.0,10.0,False,0.0,0.0,True,1
40894,Local Match,2021.0,635079.0,M,North America,High school,35-55,Middle,False,0.0,False,0.0,False,61.0,56.0,0.0,,64.0,0.0,False,0.0,0.0,0.0,False,6.0,0.0,True,0
38254,National Cup,2022.0,478513.0,M,Central Asia,Middle school,0-35,High,False,0.0,False,30.0,False,478.0,1622.0,0.0,24.0,378.0,850.0,False,42.0,0.0,0.0,False,26.0,0.0,False,1
58527,Local Match,2022.0,381529.0,M,Middle East,High school,0-35,Low,False,0.0,False,0.0,False,46.0,253.0,0.0,99.0,38.0,11.0,True,0.0,5.0,0.0,False,0.0,0.0,False,0
31545,World Championship,2019.0,96117.0,F,South America,High school,35-55,Middle-Low,False,0.0,False,,False,84.0,324.0,5.0,25.0,27.0,74.0,False,0.0,0.0,0.0,False,0.0,0.0,True,1
25720,Federation League,2021.0,613466.0,M,Central America,University Degree,35-55,Middle-High,False,0.0,False,0.0,False,742.0,230.0,15.0,458.0,785.0,29.0,False,16.0,157.0,0.0,False,22.0,0.0,True,1
14719,Continental Championship,2021.0,616386.0,M,Central Asia,Middle school,35-55,Low,False,0.0,False,0.0,False,670.0,1009.0,0.0,652.0,25.0,238.0,False,4.0,524.0,0.0,False,181.0,0.0,True,1
31158,Federation League,2020.0,285096.0,M,Middle East,Middle school,35-55,Middle,False,0.0,False,0.0,False,1289.0,317.0,0.0,918.0,348.0,75.0,False,0.0,175.0,0.0,False,177.0,25.0,True,1
85727,National Cup,2021.0,490769.0,F,Oceania,High school,0-35,Middle,False,0.0,False,0.0,False,154.0,70.0,0.0,11.0,55.0,533.0,False,0.0,0.0,0.0,False,3.0,0.0,False,0
88419,Regional Tournament,2022.0,569981.0,F,,High school,35-55,Middle,False,0.0,False,0.0,False,169.0,985.0,4.0,4.0,47.0,74.0,False,0.0,0.0,11.0,False,2.0,0.0,True,1
23116,World Championship,2021.0,614893.0,F,Oceania,High school,0-35,Middle,False,0.0,False,,False,360.0,669.0,2.0,444.0,25.0,128.0,False,0.0,0.0,0.0,False,0.0,0.0,True,1
18161,Olympic Games,2022.0,2277857.0,F,Eastern Europe,High school,35-55,Middle-High,False,0.0,False,0.0,False,436.0,1589.0,4.0,481.0,95.0,0.0,False,2.0,0.0,0.0,False,59.0,6.0,True,1
59125,World Championship,2019.0,159484.0,F,Eastern Europe,High school,0-35,High,False,0.0,False,,False,25.0,39.0,0.0,0.0,1.0,36.0,False,0.0,0.0,0.0,False,0.0,0.0,True,0
87743,Regional Tournament,2020.0,547697.0,F,Western Europe,High school,0-35,Middle-High,False,0.0,False,0.0,False,44.0,5.0,3.0,102.0,11.0,60.0,False,0.0,0.0,0.0,False,4.0,0.0,False,1
15572,National Cup,2021.0,634744.0,M,North America,University Degree,0-35,High,False,0.0,False,0.0,False,73.0,14.0,0.0,31.0,22.0,330.0,False,0.0,0.0,0.0,False,2.0,0.0,False,0
72493,Olympic Games,2019.0,2498700.0,F,Northern Africa,Middle school,0-35,Middle,False,0.0,False,140.0,False,505.0,1559.0,0.0,507.0,228.0,0.0,False,0.0,0.0,0.0,False,51.0,14.0,False,1
31102,Local Match,2022.0,686344.0,M,Central Asia,Middle school,0-35,,False,0.0,False,0.0,False,619.0,1837.0,0.0,500.0,436.0,1285.0,True,83.0,15.0,2.0,False,31.0,0.0,True,1
76285,World Championship,2019.0,473271.0,F,Oceania,High school,0-35,High,False,0.0,False,,False,171.0,385.0,0.0,6.0,52.0,,False,0.0,0.0,0.0,False,0.0,0.0,True,1
52903,Local Match,2019.0,583236.0,M,Middle East,University Degree,0-35,Middle-High,False,0.0,False,0.0,True,39.0,57.0,0.0,47.0,63.0,822.0,False,0.0,1.0,0.0,False,0.0,0.0,True,0
74722,Regional Tournament,2020.0,423871.0,F,Southern Europe,High school,0-35,Low,False,0.0,False,30.0,False,1131.0,65.0,30.0,7525.0,267.0,161.0,False,0.0,0.0,0.0,False,116.0,6.0,False,1
51262,National Cup,2022.0,592051.0,M,North America,University Degree,35-55,Middle,True,1.0,False,30.0,False,211.0,421.0,0.0,48.0,91.0,522.0,False,5.0,0.0,0.0,False,4.0,0.0,True,1
20527,Regional Tournament,2020.0,497278.0,F,Central Asia,High school,0-35,Middle,True,0.0,False,0.0,False,64.0,42.0,0.0,69.0,42.0,1.0,False,0.0,0.0,0.0,False,17.0,0.0,False,0
58745,National Cup,2021.0,617365.0,M,North America,Middle school,0-35,Middle-Low,False,0.0,False,0.0,False,149.0,489.0,0.0,8.0,43.0,1131.0,False,0.0,0.0,0.0,False,2.0,0.0,False,1
71221,Local Match,2020.0,480981.0,M,South America,Middle school,35-55,Middle-Low,True,1.0,False,60.0,False,124.0,410.0,0.0,138.0,162.0,796.0,False,0.0,0.0,0.0,False,8.0,3.0,True,0
77215,Regional Tournament,2019.0,567915.0,F,East Asia,High school,35-55,Middle-Low,False,0.0,False,0.0,False,95.0,43.0,0.0,42.0,16.0,61.0,False,0.0,0.0,0.0,False,6.0,0.0,True,0
22736,Local Match,2019.0,535131.0,M,South America,High school,0-35,Low,False,1.0,False,0.0,True,355.0,820.0,0.0,421.0,228.0,717.0,False,7.0,8.0,11.0,False,27.0,22.0,True,1
19356,Regional Tournament,2022.0,649638.0,F,Middle East,Middle school,0-35,Middle,False,0.0,False,0.0,False,85.0,202.0,1.0,17.0,22.0,35.0,,0.0,0.0,0.0,False,1.0,0.0,False,0
52517,Regional Tournament,2020.0,546407.0,,North America,Middle school,35-55,Low,False,0.0,False,0.0,False,425.0,25.0,0.0,3084.0,115.0,65.0,False,0.0,0.0,0.0,False,33.0,3.0,False,1
23226,Federation League,2019.0,2588655.0,M,North America,Middle school,0-35,Middle,False,1.0,False,0.0,False,18.0,88.0,0.0,0.0,7.0,3.0,False,0.0,0.0,0.0,False,1.0,0.0,True,0
13247,Local Match,2019.0,585659.0,M,Oceania,Middle school,0-35,High,False,0.0,False,0.0,True,455.0,694.0,0.0,679.0,322.0,945.0,False,9.0,41.0,9.0,False,21.0,1.0,True,1
31616,Local Match,2020.0,526559.0,,South America,Middle school,0-35,Low,False,1.0,False,120.0,False,385.0,1129.0,46.0,225.0,228.0,792.0,False,0.0,0.0,0.0,False,17.0,8.0,True,1
49097,World Championship,2022.0,505762.0,F,Middle East,High school,0-35,Middle,False,0.0,False,,False,127.0,260.0,0.0,11.0,50.0,109.0,False,0.0,0.0,0.0,False,0.0,0.0,True,1
50313,,2022.0,534672.0,F,Eastern Europe,High school,35-55,Low,False,0.0,False,,False,105.0,146.0,2.0,5.0,11.0,100.0,False,0.0,0.0,0.0,False,0.0,0.0,True,1
18281,Local Match,2019.0,581616.0,M,South America,Middle school,0-35,Low,False,0.0,False,0.0,True,449.0,1781.0,0.0,422.0,442.0,885.0,False,13.0,54.0,35.0,False,58.0,14.0,True,0
27348,Local Match,2020.0,1090738.0,M,Central America,High school,35-55,Middle-High,False,1.0,False,90.0,False,144.0,355.0,6.0,46.0,230.0,504.0,False,0.0,0.0,0.0,False,19.0,21.0,False,0
54270,Regional Tournament,2019.0,604932.0,F,Southern Africa,High school,35-55,High,False,0.0,False,0.0,False,86.0,21.0,0.0,90.0,18.0,65.0,False,0.0,,0.0,False,7.0,0.0,True,1
30574,Federation League,2022.0,596620.0,F,Central Asia,Middle school,0-35,Middle-Low,True,2.0,False,60.0,False,48.0,24.0,12.0,28.0,26.0,1.0,False,0.0,0.0,0.0,False,2.0,0.0,True,0
68991,Olympic Games,2022.0,1609002.0,F,Central Asia,High school,35-55,Middle-High,False,0.0,False,0.0,False,303.0,569.0,0.0,59.0,59.0,0.0,False,3.0,0.0,0.0,False,29.0,3.0,False,1
81361,Regional Tournament,2019.0,545200.0,F,Northern Africa,High school,35-55,Middle,False,0.0,False,0.0,False,93.0,21.0,0.0,10.0,18.0,70.0,False,0.0,0.0,0.0,False,14.0,0.0,False,1
55084,Local Match,2021.0,598300.0,M,Northern Africa,Middle school,0-35,Middle-High,False,1.0,False,140.0,False,93.0,231.0,0.0,85.0,66.0,55.0,False,1.0,4.0,0.0,False,3.0,0.0,False,0
66408,Continental Championship,2019.0,501921.0,M,Central Asia,High school,35-55,Low,False,0.0,False,,False,1170.0,1019.0,0.0,4364.0,172.0,268.0,False,0.0,358.0,0.0,False,191.0,6.0,False,1
45102,Local Match,2020.0,532627.0,M,East Asia,Middle school,0-35,High,False,0.0,False,0.0,False,700.0,1407.0,0.0,304.0,382.0,608.0,False,0.0,64.0,17.0,False,41.0,29.0,True,1
19108,National Cup,2022.0,694705.0,M,East Asia,Middle school,0-35,Middle,True,0.0,False,120.0,False,37.0,84.0,0.0,,9.0,129.0,False,1.0,0.0,0.0,False,0.0,0.0,False,0
15028,Federation League,2020.0,559410.0,M,Southern Africa,University Degree,0-35,Middle,False,0.0,False,0.0,False,75.0,217.0,0.0,64.0,81.0,7.0,False,0.0,5.0,0.0,False,10.0,6.0,False,0
81314,Federation League,2022.0,99075.0,M,East Asia,High school,0-35,Middle-Low,False,0.0,False,0.0,False,240.0,385.0,0.0,297.0,381.0,17.0,False,28.0,0.0,0.0,False,21.0,0.0,False,0
32856,World Championship,2019.0,597060.0,F,Western Europe,Middle school,0-35,High,False,0.0,False,,False,311.0,367.0,5.0,135.0,70.0,193.0,False,0.0,0.0,0.0,False,0.0,0.0,True,1
51480,Regional Tournament,2019.0,611268.0,F,Northern Africa,High school,35-55,Middle-Low,False,0.0,False,60.0,False,186.0,34.0,1.0,944.0,57.0,68.0,False,0.0,0.0,0.0,False,16.0,0.0,False,0
33891,Regional Tournament,2020.0,2243551.0,F,Western Europe,Middle school,0-35,High,False,1.0,False,60.0,False,21.0,1.0,0.0,0.0,4.0,91.0,False,,0.0,0.0,False,2.0,0.0,False,0
26484,Local Match,2020.0,532579.0,M,Northern Africa,High school,0-35,Middle-Low,False,0.0,False,0.0,False,413.0,3068.0,0.0,801.0,634.0,1072.0,False,0.0,145.0,37.0,False,58.0,47.0,True,1
75061,Local Match,2022.0,688136.0,M,Western Europe,Middle school,35-55,Low,False,0.0,False,90.0,False,1722.0,1524.0,0.0,1746.0,411.0,1923.0,True,24.0,30.0,26.0,False,58.0,13.0,True,0
66019,Federation League,2020.0,177981.0,F,North America,University Degree,0-35,Middle,False,1.0,False,0.0,False,351.0,243.0,13.0,505.0,440.0,36.0,False,0.0,72.0,0.0,False,66.0,20.0,False,1
13231,Federation League,2019.0,609932.0,F,Eastern Europe,High school,0-35,Low,False,0.0,False,0.0,False,291.0,404.0,2.0,586.0,251.0,18.0,False,28.0,185.0,0.0,False,23.0,0.0,True,1
93084,Regional Tournament,2022.0,680174.0,F,Western Europe,High school,0-35,Middle-Low,False,0.0,False,0.0,False,132.0,675.0,7.0,5.0,68.0,145.0,False,3.0,0.0,10.0,False,1.0,0.0,True,0
45160,Local Match,2021.0,543686.0,M,Central Asia,High school,0-35,Low,True,0.0,False,0.0,True,1090.0,2684.0,0.0,649.0,718.0,2016.0,False,5.0,7.0,12.0,False,56.0,18.0,True,1
96693,Federation League,2020.0,329967.0,M,East Asia,Middle school,0-35,Low,False,0.0,False,60.0,False,59.0,60.0,0.0,26.0,23.0,2.0,False,0.0,0.0,0.0,False,10.0,5.0,False,0
14257,Local Match,2020.0,283050.0,M,Eastern Europe,Middle school,0-35,Middle-Low,False,1.0,False,120.0,False,248.0,300.0,0.0,262.0,195.0,113.0,False,0.0,8.0,0.0,False,20.0,7.0,False,0
16924,Local Match,2020.0,518831.0,F,Middle East,Middle school,0-35,Middle-Low,False,0.0,False,0.0,False,2243.0,1637.0,1.0,3946.0,792.0,726.0,False,0.0,92.0,8.0,False,53.0,72.0,True,1
91146,Federation League,2019.0,2359191.0,M,Southern Europe,Middle school,35-55,Middle-Low,False,0.0,False,0.0,False,920.0,638.0,2.0,508.0,369.0,36.0,False,5.0,149.0,0.0,False,217.0,0.0,True,1
45398,Continental Championship,2021.0,627961.0,M,Central America,Middle school,0-35,Middle,False,0.0,False,,False,98.0,346.0,0.0,102.0,6.0,133.0,False,0.0,0.0,0.0,False,18.0,0.0,False,0
54199,World Championship,2019.0,596824.0,F,South America,Middle school,0-35,Middle-Low,True,0.0,False,,False,113.0,240.0,4.0,41.0,42.0,172.0,False,0.0,0.0,0.0,False,0.0,0.0,True,1
36305,Regional Tournament,2022.0,686378.0,M,South America,Middle school,0-35,Middle,False,0.0,False,0.0,False,69.0,477.0,6.0,6.0,104.0,170.0,False,0.0,0.0,0.0,False,4.0,0.0,False,0
96746,Regional Tournament,2022.0,679918.0,F,Middle East,Middle school,35-55,Middle-Low,False,0.0,False,0.0,False,115.0,252.0,0.0,123.0,10.0,4.0,False,2.0,0.0,0.0,False,2.0,0.0,True,1
12715,Federation League,2019.0,63856.0,M,North America,High school,35-55,High,False,1.0,False,0.0,False,255.0,152.0,0.0,318.0,136.0,5.0,False,6.0,82.0,0.0,False,11.0,0.0,True,1
35774,National Cup,2022.0,686907.0,F,South Asia,Post Graduate,0-35,High,False,0.0,False,30.0,False,124.0,55.0,0.0,0.0,60.0,513.0,False,0.0,0.0,0.0,False,4.0,0.0,False,1
77237,Local Match,2020.0,537687.0,M,South Asia,Middle school,0-35,High,False,0.0,False,0.0,False,437.0,1984.0,0.0,757.0,489.0,975.0,False,0.0,43.0,39.0,False,56.0,89.0,True,1
27590,Federation League,2020.0,532718.0,M,Northern Africa,University Degree,35-55,,False,0.0,False,0.0,False,205.0,88.0,0.0,380.0,188.0,10.0,False,0.0,75.0,0.0,False,36.0,1.0,False,1
25207,National Cup,2022.0,515734.0,F,South Asia,High school,35-55,Middle,False,1.0,False,,False,144.0,45.0,0.0,145.0,119.0,631.0,False,0.0,0.0,0.0,False,2.0,0.0,False,0
33120,Local Match,2020.0,193193.0,M,Eastern Europe,High school,0-35,High,False,0.0,False,90.0,False,156.0,373.0,0.0,78.0,127.0,277.0,False,0.0,0.0,0.0,,8.0,6.0,True,0
42231,Federation League,2019.0,261495.0,F,Middle East,High school,0-35,Middle,True,0.0,False,30.0,False,693.0,322.0,1.0,471.0,502.0,28.0,False,5.0,134.0,0.0,False,73.0,0.0,,0
87280,Regional Tournament,2022.0,412081.0,F,Southern Africa,High school,35-55,Middle-Low,False,1.0,False,0.0,False,105.0,366.0,0.0,7.0,12.0,,False,0.0,0.0,0.0,False,0.0,0.0,True,1
95990,Olympic Games,2022.0,626240.0,M,East Asia,University Degree,0-35,Middle-Low,False,0.0,False,60.0,False,138.0,346.0,0.0,67.0,37.0,0.0,False,0.0,0.0,0.0,False,0.0,0.0,False,1
79384,Local Match,2022.0,45423.0,M,Middle East,Middle school,35-55,Middle-High,False,0.0,False,0.0,False,515.0,1894.0,0.0,420.0,614.0,774.0,True,1.0,67.0,10.0,False,61.0,14.0,True,0
23022,Regional Tournament,2020.0,532665.0,F,Eastern Europe,High school,0-35,Middle-Low,False,0.0,False,0.0,False,22.0,,0.0,6.0,17.0,85.0,False,0.0,0.0,0.0,False,3.0,0.0,False,1
72908,Regional Tournament,2022.0,364527.0,F,Southern Africa,High school,0-35,Middle-Low,False,2.0,False,0.0,False,84.0,245.0,2.0,22.0,7.0,0.0,False,2.0,0.0,0.0,False,0.0,0.0,False,1
93077,Federation League,2022.0,123957.0,F,Northern Africa,Middle school,0-35,Middle-High,False,1.0,False,0.0,False,25.0,12.0,1.0,0.0,24.0,0.0,False,0.0,0.0,0.0,False,2.0,0.0,True,0
23917,Regional Tournament,2019.0,314850.0,F,Oceania,High school,35-55,Middle-High,False,1.0,False,60.0,False,177.0,79.0,2.0,89.0,108.0,67.0,False,0.0,0.0,0.0,False,33.0,0.0,True,0
49288,World Championship,2021.0,615327.0,F,Eastern Europe,Middle school,0-35,Middle-Low,False,0.0,False,,,136.0,122.0,0.0,135.0,37.0,106.0,False,0.0,0.0,0.0,False,0.0,0.0,True,1
67185,Continental Championship,2022.0,443498.0,M,Oceania,Middle school,0-35,Low,False,0.0,False,,False,262.0,631.0,0.0,504.0,40.0,105.0,False,0.0,393.0,0.0,False,3.0,0.0,True,1
28582,Local Match,2020.0,1836988.0,M,North America,University Degree,0-35,Low,False,0.0,False,30.0,False,78.0,550.0,0.0,110.0,107.0,77.0,False,0.0,21.0,5.0,False,9.0,6.0,True,0
79330,Regional Tournament,2022.0,1432518.0,M,North America,Middle school,35-55,High,True,0.0,False,60.0,False,64.0,257.0,0.0,5.0,16.0,0.0,False,14.0,0.0,0.0,False,3.0,0.0,False,0
61157,National Cup,2022.0,137281.0,F,East Asia,High school,35-55,Middle,False,0.0,False,120.0,False,152.0,219.0,0.0,12.0,77.0,562.0,False,6.0,0.0,0.0,False,12.0,0.0,False,0
82480,Local Match,2021.0,635046.0,M,East Asia,High school,0-35,High,False,0.0,False,0.0,False,33.0,43.0,0.0,59.0,48.0,0.0,False,1.0,7.0,0.0,False,8.0,0.0,False,0
55823,National Cup,2022.0,520332.0,,North America,High school,0-35,Low,False,1.0,False,0.0,False,561.0,840.0,0.0,224.0,79.0,362.0,False,8.0,0.0,0.0,False,10.0,0.0,False,1
86503,Olympic Games,2019.0,2599352.0,F,North America,High school,0-35,Middle-Low,False,0.0,False,60.0,False,249.0,592.0,0.0,144.0,109.0,0.0,False,0.0,0.0,0.0,False,61.0,5.0,False,1
83531,Local Match,2020.0,531629.0,M,South America,University Degree,35-55,High,False,0.0,False,0.0,False,468.0,1377.0,0.0,421.0,409.0,875.0,False,0.0,40.0,32.0,False,59.0,30.0,True,1
52161,Local Match,2022.0,2559144.0,F,South America,High school,0-35,Low,False,0.0,False,60.0,False,133.0,594.0,0.0,28.0,186.0,554.0,True,0.0,7.0,2.0,False,14.0,10.0,True,1
59921,Regional Tournament,2021.0,635230.0,F,Central America,High school,0-35,High,False,0.0,False,0.0,False,265.0,86.0,1.0,1162.0,36.0,58.0,False,0.0,0.0,,False,25.0,0.0,False,1
34983,Regional Tournament,2020.0,480554.0,F,Eastern Europe,Middle school,0-35,Low,False,0.0,False,0.0,False,333.0,21.0,0.0,306.0,54.0,121.0,False,0.0,0.0,0.0,False,19.0,0.0,False,1
85552,Federation League,2020.0,159925.0,F,South America,High school,0-35,High,False,2.0,False,10.0,False,822.0,287.0,122.0,383.0,528.0,22.0,False,0.0,203.0,0.0,False,98.0,1.0,False,1
89142,Federation League,2019.0,359943.0,M,East Asia,High school,0-35,Low,False,0.0,False,0.0,False,63.0,78.0,0.0,219.0,67.0,2.0,False,8.0,69.0,0.0,False,8.0,0.0,True,1
14086,Local Match,2022.0,649385.0,M,Oceania,High school,0-35,High,True,0.0,False,30.0,False,72.0,93.0,0.0,52.0,48.0,0.0,True,1.0,3.0,0.0,False,3.0,0.0,True,0
62565,Olympic Games,2019.0,2358056.0,F,South Asia,University Degree,0-35,High,False,0.0,False,0.0,False,329.0,890.0,1.0,140.0,196.0,0.0,False,0.0,0.0,0.0,False,24.0,8.0,False,0
53292,Regional Tournament,2019.0,494471.0,F,Southern Africa,Middle school,0-35,High,False,0.0,False,30.0,False,319.0,16.0,0.0,824.0,28.0,111.0,False,0.0,0.0,0.0,False,7.0,0.0,False,0
82895,National Cup,2021.0,251385.0,F,Western Europe,High school,0-35,High,False,0.0,False,,False,448.0,1026.0,0.0,393.0,266.0,1581.0,False,0.0,0.0,0.0,False,8.0,0.0,False,1
60506,Regional Tournament,2022.0,674323.0,F,South America,Middle school,0-35,Low,False,0.0,False,0.0,False,7.0,25.0,0.0,24.0,5.0,0.0,False,0.0,0.0,0.0,False,0.0,0.0,False,0
52157,National Cup,2022.0,632378.0,M,Southern Europe,High school,35-55,Middle-Low,False,0.0,False,,False,130.0,47.0,0.0,709.0,88.0,604.0,False,0.0,0.0,0.0,False,5.0,0.0,False,1
36208,National Cup,2021.0,585681.0,M,Southern Europe,University Degree,0-35,High,False,0.0,False,0.0,False,31.0,62.0,0.0,41.0,28.0,123.0,False,0.0,0.0,0.0,False,1.0,0.0,False,0
51312,Local Match,2021.0,632840.0,F,Northern Africa,High school,0-35,Middle-High,False,0.0,False,0.0,True,136.0,212.0,0.0,143.0,124.0,648.0,False,7.0,3.0,6.0,False,22.0,0.0,True,0
76829,Continental Championship,2022.0,560921.0,M,Southern Europe,University Degree,0-35,Middle,False,0.0,False,,False,119.0,537.0,0.0,96.0,18.0,58.0,False,12.0,,0.0,False,21.0,0.0,True,1
64837,Continental Championship,2022.0,680894.0,M,North America,University Degree,0-35,Middle-Low,False,0.0,False,,False,151.0,451.0,0.0,53.0,10.0,87.0,False,3.0,13.0,0.0,False,9.0,1.0,False,1
10158,Federation League,2019.0,128965.0,M,Middle East,High school,55<=,High,False,1.0,False,0.0,False,66.0,47.0,120.0,98.0,104.0,15.0,False,12.0,49.0,0.0,False,7.0,0.0,True,1
82756,National Cup,2021.0,305876.0,M,North America,University Degree,0-35,Middle,True,0.0,False,60.0,False,80.0,17.0,0.0,36.0,27.0,457.0,False,0.0,0.0,0.0,False,5.0,0.0,False,0
33317,Local Match,2019.0,144562.0,M,Central America,Middle school,0-35,Low,False,0.0,False,30.0,False,322.0,1204.0,0.0,158.0,175.0,67.0,False,4.0,33.0,9.0,False,8.0,4.0,False,0
91579,Federation League,2020.0,512861.0,F,Middle East,High school,0-35,Middle,False,1.0,False,60.0,False,382.0,358.0,1.0,373.0,410.0,85.0,False,0.0,166.0,0.0,False,32.0,29.0,False,1
40649,National Cup,2022.0,601567.0,M,Western Europe,Middle school,0-35,Middle-High,False,0.0,False,0.0,False,70.0,124.0,0.0,18.0,25.0,87.0,False,0.0,0.0,0.0,False,2.0,0.0,False,0
54628,World Championship,2021.0,2082945.0,F,Western Europe,High school,35-55,High,False,0.0,False,,False,114.0,235.0,2.0,3.0,18.0,169.0,False,0.0,0.0,0.0,False,0.0,0.0,True,1
36009,Federation League,2021.0,625218.0,F,East Asia,High school,0-35,High,True,0.0,False,0.0,False,1052.0,401.0,174.0,1090.0,981.0,23.0,False,17.0,161.0,0.0,False,71.0,0.0,True,1
51701,Federation League,2022.0,575855.0,M,South America,University Degree,0-35,High,False,1.0,False,0.0,False,377.0,144.0,0.0,771.0,214.0,10.0,False,9.0,0.0,0.0,False,68.0,0.0,True,1
39573,National Cup,2022.0,645174.0,M,East Asia,High school,0-35,High,False,0.0,False,0.0,False,130.0,26.0,0.0,32.0,42.0,192.0,False,0.0,0.0,0.0,False,6.0,0.0,False,1
98888,World Championship,2019.0,592444.0,F,Middle East,High school,35-55,Middle,False,0.0,False,,False,10.0,28.0,0.0,0.0,7.0,0.0,False,0.0,0.0,0.0,False,0.0,0.0,False,0
22334,Federation League,2021.0,2686865.0,F,Western Europe,Middle school,0-35,Middle-Low,True,2.0,False,0.0,False,175.0,114.0,0.0,59.0,89.0,3.0,False,12.0,25.0,0.0,False,20.0,0.0,False,1
99080,Federation League,2021.0,602365.0,M,Eastern Europe,Middle school,0-35,Middle-Low,False,0.0,False,0.0,False,92.0,215.0,0.0,151.0,118.0,5.0,False,11.0,33.0,0.0,False,6.0,0.0,True,1
36687,Continental Championship,2019.0,572303.0,M,North America,University Degree,0-35,High,False,0.0,False,30.0,False,223.0,923.0,0.0,139.0,33.0,162.0,False,6.0,213.0,0.0,False,31.0,8.0,True,1
69130,Regional Tournament,2020.0,559350.0,F,Oceania,Middle school,0-35,High,True,0.0,False,0.0,False,293.0,23.0,0.0,250.0,48.0,103.0,False,0.0,0.0,0.0,False,9.0,1.0,False,1
85392,Regional Tournament,2020.0,432004.0,F,South America,University Degree,0-35,Middle,False,0.0,False,60.0,False,19.0,2.0,0.0,8.0,3.0,25.0,False,0.0,0.0,0.0,False,1.0,0.0,False,0
66989,Local Match,2022.0,596758.0,M,Central Asia,Middle school,0-35,Middle-Low,False,0.0,False,0.0,False,482.0,1581.0,0.0,217.0,301.0,650.0,True,37.0,23.0,22.0,False,43.0,36.0,True,1
60104,Local Match,2022.0,653372.0,M,Northern Africa,High school,0-35,Low,False,0.0,False,0.0,False,107.0,212.0,0.0,98.0,85.0,6.0,True,2.0,0.0,0.0,False,5.0,0.0,False,0
98838,Federation League,2021.0,1916140.0,F,Southern Europe,High school,35-55,Middle,False,0.0,False,0.0,False,411.0,173.0,1169.0,481.0,605.0,13.0,False,26.0,164.0,0.0,False,28.0,0.0,True,1
44400,Regional Tournament,2022.0,642122.0,F,North America,University Degree,35-55,Middle-Low,False,0.0,False,0.0,False,74.0,1319.0,0.0,5.0,11.0,55.0,False,3.0,0.0,0.0,False,0.0,0.0,True,1
72709,Federation League,2019.0,238983.0,F,Eastern Europe,High school,0-35,Middle-Low,True,2.0,False,30.0,False,890.0,171.0,5.0,1208.0,385.0,27.0,False,24.0,225.0,0.0,False,43.0,0.0,True,1
25363,Continental Championship,2022.0,614181.0,M,Northern Africa,University Degree,0-35,High,False,0.0,False,,False,226.0,672.0,0.0,44.0,29.0,79.0,False,0.0,188.0,0.0,False,19.0,0.0,True,1
58952,Federation League,2022.0,651120.0,F,South Asia,Post Graduate,0-35,High,False,0.0,False,30.0,False,334.0,510.0,8.0,153.0,287.0,12.0,False,15.0,0.0,0.0,False,36.0,0.0,False,1
83281,Regional Tournament,2022.0,576689.0,F,Central Asia,High school,35-55,Middle,False,0.0,False,0.0,False,117.0,787.0,1.0,15.0,18.0,160.0,False,2.0,0.0,14.0,False,1.0,0.0,True,1
29315,Federation League,2020.0,282193.0,M,Northern Africa,Elementary school,0-35,Middle-Low,False,1.0,False,60.0,False,519.0,302.0,0.0,409.0,240.0,16.0,False,0.0,180.0,0.0,False,56.0,0.0,False,1
69616,National Cup,2021.0,599263.0,M,Southern Europe,High school,0-35,High,False,0.0,False,60.0,False,68.0,65.0,0.0,0.0,51.0,188.0,False,17.0,0.0,0.0,False,2.0,0.0,False,0
79792,Federation League,2019.0,270493.0,F,East Asia,Middle school,0-35,Middle,False,0.0,False,0.0,False,53.0,98.0,0.0,0.0,92.0,6.0,False,0.0,0.0,0.0,False,17.0,0.0,False,0
56998,Local Match,2022.0,501444.0,M,East Asia,Middle school,0-35,Low,False,0.0,False,0.0,False,331.0,1729.0,0.0,675.0,212.0,469.0,True,8.0,79.0,9.0,False,21.0,20.0,True,1
71824,Regional Tournament,2021.0,355643.0,F,Southern Africa,High school,0-35,High,False,0.0,False,0.0,False,77.0,33.0,0.0,83.0,14.0,83.0,False,0.0,0.0,0.0,False,4.0,0.0,False,1
18803,Local Match,2021.0,315025.0,M,Western Europe,University Degree,35-55,High,False,0.0,False,0.0,True,466.0,1535.0,0.0,524.0,430.0,619.0,False,4.0,68.0,32.0,False,56.0,6.0,True,1
19836,Regional Tournament,2021.0,625816.0,F,South America,High school,35-55,Middle-Low,False,0.0,False,0.0,False,518.0,65.0,11.0,2030.0,97.0,88.0,False,0.0,0.0,0.0,False,138.0,0.0,False,1
72586,Local Match,2019.0,2534165.0,M,Oceania,University Degree,35-55,High,False,1.0,False,60.0,True,541.0,2366.0,0.0,605.0,585.0,677.0,False,1.0,120.0,,False,26.0,26.0,True,1
10071,National Cup,,629696.0,M,Central America,University Degree,0-35,High,False,1.0,False,0.0,False,84.0,20.0,0.0,38.0,53.0,1301.0,False,0.0,0.0,0.0,False,0.0,0.0,True,1
89463,Regional Tournament,2019.0,404708.0,F,Southern Europe,High school,35-55,Middle,False,0.0,,0.0,False,,93.0,2.0,1317.0,73.0,86.0,False,0.0,0.0,0.0,False,65.0,0.0,False,1
89036,National Cup,2022.0,692500.0,M,Middle East,High school,0-35,Middle,False,0.0,False,90.0,False,55.0,59.0,0.0,0.0,21.0,157.0,False,0.0,0.0,0.0,False,5.0,0.0,False,0
51343,Local Match,2022.0,555049.0,M,East Asia,Middle school,0-35,High,False,0.0,False,60.0,False,618.0,2119.0,10.0,667.0,355.0,1429.0,True,2.0,31.0,14.0,False,16.0,15.0,True,1
92662,National Cup,2021.0,436058.0,M,Northern Africa,High school,0-35,Low,False,0.0,False,,False,114.0,442.0,0.0,1.0,90.0,193.0,False,0.0,0.0,0.0,False,9.0,0.0,False,1
84926,Local Match,2021.0,501302.0,F,North America,University Degree,0-35,Middle,False,1.0,False,0.0,False,137.0,194.0,0.0,212.0,79.0,28.0,False,0.0,31.0,0.0,False,6.0,0.0,False,0
99733,Olympic Games,2019.0,236284.0,M,North America,Post Graduate,0-35,High,False,0.0,True,0.0,False,94.0,507.0,0.0,58.0,59.0,0.0,False,0.0,0.0,0.0,False,14.0,0.0,False,1
14099,Regional Tournament,2022.0,656187.0,M,Southern Africa,High school,0-35,Middle-Low,False,0.0,False,0.0,False,63.0,104.0,0.0,82.0,27.0,0.0,False,4.0,0.0,0.0,False,1.0,0.0,True,1
75640,Local Match,2022.0,678235.0,F,Eastern Europe,High school,35-55,High,False,0.0,False,60.0,False,1365.0,3029.0,0.0,1482.0,729.0,994.0,True,23.0,75.0,33.0,False,70.0,54.0,True,1
31643,Olympic Games,2019.0,441888.0,M,South America,High school,0-35,Middle-Low,False,0.0,False,60.0,False,171.0,363.0,0.0,135.0,58.0,0.0,False,0.0,0.0,0.0,False,12.0,0.0,True,1
67343,Federation League,2019.0,518731.0,M,Oceania,High school,0-35,High,False,1.0,False,0.0,False,102.0,127.0,0.0,33.0,30.0,0.0,False,0.0,30.0,0.0,False,0.0,0.0,False,0
47254,Local Match,2022.0,465121.0,M,Central America,High school,0-35,Middle,False,1.0,False,120.0,False,215.0,272.0,0.0,301.0,125.0,638.0,True,4.0,1.0,1.0,False,5.0,0.0,False,0
60910,Regional Tournament,2019.0,562090.0,F,East Asia,Middle school,35-55,Middle,False,0.0,False,0.0,False,184.0,120.0,0.0,221.0,117.0,77.0,False,4.0,0.0,0.0,False,7.0,0.0,False,1
69486,Federation League,2021.0,613107.0,F,Southern Africa,High school,35-55,High,False,0.0,False,0.0,False,736.0,591.0,0.0,1026.0,233.0,13.0,False,23.0,187.0,0.0,False,48.0,0.0,True,1
78280,Regional Tournament,2022.0,638036.0,F,Southern Europe,Middle school,35-55,Middle-Low,False,0.0,False,60.0,False,102.0,277.0,5.0,74.0,27.0,63.0,False,2.0,0.0,0.0,False,4.0,0.0,True,0
94192,Regional Tournament,2019.0,191269.0,F,Western Europe,Middle school,35-55,Middle-Low,False,0.0,False,0.0,False,118.0,122.0,0.0,449.0,82.0,79.0,False,1.0,0.0,0.0,False,35.0,0.0,False,1
42309,Local Match,2019.0,561867.0,F,Central America,High school,35-55,Middle,False,0.0,False,0.0,True,289.0,527.0,0.0,433.0,192.0,702.0,False,32.0,0.0,0.0,False,15.0,0.0,True,1
16291,Federation League,2019.0,577414.0,M,North America,University Degree,0-35,Low,False,0.0,False,60.0,False,138.0,162.0,0.0,108.0,114.0,10.0,False,19.0,71.0,0.0,False,7.0,0.0,True,1
34100,,2021.0,2343413.0,F,South America,High school,0-35,Low,False,1.0,False,60.0,False,141.0,33.0,0.0,153.0,32.0,75.0,False,0.0,0.0,0.0,False,37.0,0.0,False,1
73734,Continental Championship,2022.0,641200.0,M,North America,University Degree,0-35,Middle-Low,False,0.0,False,0.0,False,1093.0,973.0,0.0,1616.0,59.0,207.0,False,4.0,379.0,0.0,False,67.0,0.0,True,1
17292,Regional Tournament,2019.0,530487.0,F,South America,University Degree,0-35,Middle,False,0.0,False,0.0,False,582.0,133.0,1.0,563.0,121.0,110.0,False,1.0,0.0,0.0,False,110.0,0.0,False,1
94085,Regional Tournament,2019.0,536666.0,F,South America,Middle school,0-35,Middle,False,0.0,False,0.0,False,59.0,9.0,0.0,70.0,6.0,60.0,False,0.0,0.0,0.0,False,2.0,0.0,False,1
69258,Federation League,2022.0,693452.0,M,South Asia,High school,0-35,High,False,0.0,False,0.0,False,192.0,108.0,,94.0,119.0,14.0,False,35.0,0.0,0.0,False,29.0,0.0,True,1
21417,Local Match,2021.0,603163.0,M,Southern Africa,Middle school,0-35,Low,False,0.0,False,0.0,True,250.0,735.0,0.0,143.0,160.0,822.0,False,0.0,14.0,9.0,False,13.0,0.0,True,1
33021,Regional Tournament,2020.0,517043.0,F,Eastern Europe,Elementary school,0-35,Low,False,1.0,False,60.0,False,23.0,1.0,0.0,73.0,6.0,30.0,False,0.0,0.0,0.0,False,3.0,0.0,False,1
48829,Regional Tournament,2020.0,333837.0,F,Northern Africa,Middle school,0-35,High,False,0.0,False,45.0,False,44.0,1.0,0.0,105.0,7.0,1.0,False,0.0,0.0,0.0,False,6.0,0.0,False,0
28463,Federation League,2019.0,422276.0,F,Northern Africa,Middle school,0-35,Low,False,1.0,False,40.0,False,92.0,118.0,0.0,39.0,56.0,2.0,False,0.0,8.0,0.0,False,1.0,0.0,True,1
40289,Local Match,2022.0,697665.0,M,Northern Africa,Middle school,0-35,High,False,0.0,False,30.0,False,16.0,53.0,0.0,9.0,30.0,1.0,False,0.0,1.0,0.0,False,1.0,0.0,True,0
99160,National Cup,2021.0,600938.0,M,North America,University Degree,0-35,High,False,0.0,False,30.0,False,61.0,94.0,0.0,18.0,47.0,100.0,,5.0,0.0,0.0,False,3.0,0.0,False,0
12154,Regional Tournament,2020.0,562489.0,F,Northern Africa,University Degree,0-35,Low,False,0.0,False,0.0,False,252.0,19.0,1.0,1054.0,70.0,73.0,False,0.0,0.0,0.0,False,7.0,0.0,False,1
86543,National Cup,2022.0,682309.0,M,South Asia,Middle school,35-55,High,True,,False,0.0,False,16.0,8.0,0.0,6.0,9.0,42.0,False,0.0,0.0,0.0,False,1.0,0.0,False,0
44760,Olympic Games,2019.0,2391984.0,M,East Asia,High school,0-35,High,False,0.0,False,0.0,False,124.0,343.0,0.0,286.0,,0.0,False,0.0,0.0,0.0,False,17.0,0.0,False,0
21238,World Championship,2019.0,2511859.0,F,South America,Middle school,35-55,Middle-Low,True,0.0,False,0.0,False,199.0,543.0,0.0,99.0,12.0,106.0,False,0.0,0.0,0.0,False,0.0,0.0,True,1
24242,Local Match,2022.0,348108.0,M,North America,High school,0-35,Middle,False,1.0,False,60.0,False,249.0,901.0,0.0,75.0,293.0,692.0,True,3.0,7.0,0.0,False,21.0,2.0,True,1
11109,Regional Tournament,2021.0,606313.0,F,North America,University Degree,35-55,High,True,0.0,False,15.0,False,4120.0,233.0,30.0,8179.0,252.0,98.0,False,0.0,0.0,0.0,False,111.0,0.0,True,1
90733,Continental Championship,2021.0,614245.0,M,North America,High school,35-55,Middle,False,0.0,False,,False,555.0,1473.0,0.0,1535.0,103.0,190.0,False,10.0,453.0,0.0,False,150.0,1.0,True,1
90381,National Cup,2021.0,129638.0,F,South America,Middle school,35-55,Middle-Low,False,0.0,False,,False,184.0,283.0,0.0,15.0,78.0,358.0,False,1.0,0.0,0.0,False,2.0,0.0,False,0
52371,Federation League,2022.0,684241.0,M,Western Europe,University Degree,35-55,High,False,0.0,False,0.0,False,350.0,383.0,0.0,162.0,149.0,22.0,False,11.0,0.0,0.0,False,39.0,0.0,True,1
11340,Continental Championship,2019.0,574983.0,M,Southern Africa,Middle school,35-55,High,False,0.0,False,0.0,False,148.0,617.0,0.0,0.0,22.0,211.0,False,0.0,69.0,0.0,False,11.0,10.0,False,1
36678,Federation League,2019.0,2473456.0,F,South America,Middle school,35-55,Middle-High,False,0.0,False,0.0,False,392.0,290.0,20.0,261.0,478.0,22.0,False,59.0,68.0,0.0,False,97.0,0.0,True,1
33082,Federation League,2019.0,490530.0,M,Central America,Middle school,0-35,Low,False,1.0,False,0.0,False,29.0,6.0,0.0,13.0,30.0,2.0,False,0.0,0.0,0.0,False,4.0,0.0,False,0
72121,Local Match,2019.0,588672.0,F,North America,University Degree,0-35,Middle-Low,False,0.0,False,30.0,True,421.0,880.0,48.0,448.0,243.0,562.0,False,25.0,47.0,16.0,False,24.0,2.0,True,1
92627,World Championship,2022.0,302145.0,F,Northern Africa,Middle school,35-55,Low,True,0.0,False,,False,114.0,234.0,1.0,91.0,36.0,129.0,False,0.0,0.0,0.0,False,0.0,0.0,True,1
21629,Regional Tournament,2021.0,481150.0,F,Southern Africa,High school,0-35,Low,False,0.0,False,60.0,False,127.0,49.0,0.0,111.0,60.0,56.0,False,1.0,0.0,0.0,False,32.0,0.0,False,1
55640,National Cup,2021.0,633857.0,F,South Asia,Middle school,0-35,High,False,0.0,False,0.0,False,389.0,152.0,0.0,335.0,203.0,2296.0,False,9.0,0.0,0.0,False,24.0,0.0,False,1
39156,Federation League,2020.0,81351.0,M,North America,University Degree,35-55,High,True,1.0,False,0.0,False,229.0,194.0,0.0,154.0,132.0,24.0,False,0.0,37.0,0.0,False,46.0,1.0,False,0
33817,Local Match,2022.0,638655.0,M,Oceania,High school,0-35,Middle,False,0.0,False,30.0,False,608.0,2120.0,5.0,512.0,473.0,714.0,True,0.0,34.0,0.0,False,49.0,0.0,True,1
71644,Regional Tournament,2020.0,29144.0,M,East Asia,Middle school,0-35,High,False,0.0,False,60.0,False,556.0,361.0,2.0,436.0,442.0,78.0,False,0.0,0.0,0.0,False,39.0,0.0,False,0
59807,Regional Tournament,2019.0,582305.0,M,Central America,Middle school,0-35,High,False,0.0,,60.0,False,397.0,25.0,0.0,936.0,38.0,67.0,False,0.0,0.0,0.0,False,14.0,0.0,False,1
54240,Local Match,2020.0,169490.0,M,South America,Middle school,0-35,Middle,False,0.0,False,0.0,False,338.0,1202.0,0.0,221.0,299.0,545.0,False,0.0,15.0,7.0,False,24.0,96.0,True,0
76093,Regional Tournament,2019.0,382575.0,M,Western Europe,High school,0-35,Middle-Low,False,0.0,False,0.0,False,235.0,37.0,1.0,332.0,65.0,60.0,False,0.0,0.0,0.0,False,14.0,0.0,False,0
10487,Local Match,2020.0,254162.0,M,Western Europe,Middle school,0-35,High,False,0.0,False,0.0,False,70.0,227.0,0.0,96.0,71.0,0.0,False,0.0,0.0,0.0,False,4.0,0.0,True,0
55621,World Championship,2019.0,478556.0,F,East Asia,Middle school,0-35,Middle,True,0.0,False,,False,234.0,173.0,55.0,140.0,42.0,120.0,False,0.0,0.0,0.0,False,0.0,0.0,True,1
38668,Regional Tournament,2019.0,572937.0,F,Northern Africa,High school,35-55,High,False,0.0,False,0.0,False,6.0,6.0,0.0,14.0,10.0,0.0,False,0.0,0.0,0.0,False,2.0,0.0,True,0
53389,Federation League,2021.0,1549107.0,M,Northern Africa,Middle school,55<=,High,False,0.0,False,0.0,False,355.0,306.0,22.0,211.0,621.0,13.0,False,14.0,156.0,0.0,False,71.0,0.0,False,1
32405,Local Match,2020.0,2343293.0,F,Southern Europe,High school,0-35,Middle,False,0.0,False,0.0,False,272.0,1032.0,0.0,263.0,228.0,649.0,False,0.0,29.0,9.0,False,42.0,8.0,True,0
41985,,2021.0,563081.0,F,East Asia,High school,35-55,Middle-Low,False,0.0,False,0.0,False,689.0,171.0,21.0,1198.0,546.0,28.0,False,28.0,172.0,0.0,False,39.0,0.0,True,1
29128,Continental Championship,2022.0,676676.0,M,Central America,High school,0-35,Middle,False,0.0,False,,False,388.0,984.0,0.0,528.0,100.0,170.0,False,6.0,212.0,0.0,False,51.0,0.0,True,1
51053,Regional Tournament,2022.0,349924.0,F,South Asia,Middle school,0-35,Low,False,1.0,False,0.0,False,12.0,28.0,0.0,0.0,0.0,0.0,False,0.0,0.0,0.0,False,0.0,0.0,True,0
21128,Regional Tournament,2019.0,2564744.0,F,Middle East,Middle school,35-55,Middle,False,0.0,False,0.0,False,22.0,1.0,0.0,6.0,3.0,60.0,False,0.0,0.0,0.0,False,0.0,0.0,False,1
92509,Federation League,2022.0,526699.0,F,East Asia,Middle school,0-35,Middle-Low,True,2.0,False,30.0,False,28.0,16.0,10.0,34.0,13.0,2.0,False,9.0,0.0,0.0,False,6.0,0.0,False,0
96298,Regional Tournament,2019.0,610423.0,M,Central America,High school,0-35,Middle-Low,False,0.0,False,0.0,False,72.0,36.0,0.0,77.0,61.0,44.0,False,0.0,0.0,0.0,False,7.0,0.0,False,0
47252,Local Match,2019.0,2411773.0,M,Central America,High school,0-35,Middle,False,0.0,False,0.0,True,389.0,,0.0,119.0,375.0,577.0,False,0.0,25.0,6.0,False,7.0,6.0,True,1
40192,Federation League,2021.0,570049.0,F,Southern Europe,Middle school,0-35,Low,False,1.0,False,120.0,False,684.0,1007.0,0.0,653.0,613.0,10.0,False,45.0,60.0,0.0,False,20.0,0.0,False,1
24461,National Cup,2022.0,608978.0,F,Middle East,University Degree,35-55,Middle,False,0.0,False,0.0,False,1535.0,123.0,0.0,3654.0,230.0,1891.0,False,1.0,0.0,0.0,False,29.0,0.0,True,1
56457,Regional Tournament,2019.0,574973.0,F,Eastern Europe,High school,0-35,Middle-Low,False,0.0,False,120.0,False,601.0,80.0,1.0,261.0,79.0,133.0,False,0.0,0.0,0.0,False,11.0,0.0,True,1
81709,Local Match,2019.0,573280.0,M,Central Asia,Middle school,0-35,High,False,0.0,False,0.0,False,107.0,339.0,0.0,95.0,67.0,3.0,False,0.0,26.0,3.0,False,2.0,1.0,True,0
12888,National Cup,2021.0,613461.0,M,,Middle school,0-35,High,False,0.0,False,30.0,False,232.0,198.0,0.0,39.0,143.0,506.0,False,13.0,0.0,0.0,False,8.0,0.0,False,0
19862,Olympic Games,2022.0,174024.0,M,South Asia,High school,35-55,Low,False,0.0,False,0.0,False,110.0,655.0,0.0,2.0,35.0,0.0,False,0.0,0.0,0.0,False,7.0,3.0,True,1
81226,Federation League,2021.0,621004.0,M,South America,High school,0-35,Middle,False,0.0,False,0.0,False,88.0,283.0,0.0,2.0,54.0,4.0,False,0.0,4.0,0.0,False,1.0,0.0,True,1
40771,Regional Tournament,2020.0,499067.0,F,Oceania,Middle school,35-55,Middle-Low,True,0.0,False,0.0,False,81.0,22.0,0.0,140.0,53.0,57.0,False,0.0,0.0,0.0,False,10.0,0.0,False,0
69326,Local Match,2019.0,606496.0,M,North America,Post Graduate,35-55,,False,0.0,False,30.0,False,117.0,294.0,0.0,213.0,146.0,5.0,False,0.0,2.0,0.0,False,18.0,0.0,False,0
35295,National Cup,2022.0,634200.0,M,North America,University Degree,0-35,High,False,0.0,False,0.0,False,224.0,194.0,0.0,16.0,101.0,439.0,False,0.0,0.0,0.0,False,7.0,0.0,False,1
24337,Federation League,2019.0,592625.0,M,Central America,High school,0-35,Middle,False,0.0,False,0.0,False,122.0,258.0,1.0,4.0,87.0,3.0,False,18.0,0.0,0.0,False,7.0,0.0,True,1
94092,Regional Tournament,2019.0,608041.0,F,Western Europe,High school,0-35,Middle,False,0.0,False,0.0,False,218.0,67.0,0.0,403.0,58.0,152.0,False,0.0,0.0,0.0,False,18.0,0.0,False,1
89286,Local Match,2021.0,190418.0,M,Western Europe,High school,0-35,Middle,False,0.0,False,60.0,True,748.0,3697.0,0.0,617.0,546.0,885.0,False,10.0,45.0,40.0,False,54.0,29.0,True,1
75804,World Championship,2019.0,600895.0,M,South America,Middle school,35-55,High,False,0.0,False,,False,149.0,444.0,3.0,137.0,22.0,139.0,False,0.0,0.0,0.0,False,0.0,0.0,True,1
99192,Olympic Games,2019.0,306466.0,M,Western Europe,High school,35-55,High,False,0.0,False,0.0,False,253.0,758.0,1.0,163.0,31.0,0.0,,1.0,0.0,0.0,False,4.0,9.0,True,1
97608,Regional Tournament,2022.0,682409.0,F,South America,High school,0-35,Middle-Low,False,0.0,False,60.0,False,226.0,671.0,0.0,134.0,45.0,145.0,False,19.0,0.0,11.0,False,1.0,0.0,True,1
97654,National Cup,2022.0,685212.0,M,Eastern Europe,University Degree,35-55,Middle-Low,False,0.0,False,60.0,False,254.0,121.0,0.0,289.0,190.0,527.0,False,0.0,0.0,0.0,False,13.0,0.0,False,1
75147,Federation League,2021.0,629452.0,M,East Asia,University Degree,35-55,Middle-High,False,0.0,False,0.0,False,873.0,175.0,0.0,785.0,475.0,17.0,False,29.0,530.0,0.0,False,83.0,0.0,True,1
76631,Local Match,2021.0,611542.0,M,South Asia,High school,0-35,High,True,0.0,False,0.0,True,195.0,879.0,0.0,276.0,234.0,811.0,False,1.0,20.0,6.0,False,37.0,9.0,True,1
31075,National Cup,2021.0,618606.0,M,Central Asia,High school,0-35,Low,False,0.0,False,0.0,False,215.0,152.0,,65.0,96.0,782.0,False,3.0,0.0,0.0,False,10.0,0.0,False,0
46553,Federation League,2022.0,594048.0,M,Oceania,Middle school,0-35,High,False,0.0,False,0.0,False,176.0,264.0,15.0,183.0,83.0,0.0,False,4.0,0.0,0.0,False,4.0,0.0,True,1
25622,Federation League,2022.0,656454.0,F,Eastern Europe,University Degree,35-55,Middle-Low,False,0.0,False,0.0,False,273.0,240.0,20.0,370.0,150.0,19.0,False,6.0,5.0,0.0,False,24.0,0.0,True,1
40968,Regional Tournament,2020.0,550898.0,F,South America,High school,0-35,Low,True,0.0,False,0.0,False,80.0,5.0,0.0,128.0,12.0,70.0,False,0.0,0.0,0.0,False,2.0,0.0,False,0
74984,World Championship,2022.0,372141.0,F,Oceania,High school,0-35,High,False,0.0,False,,False,51.0,162.0,0.0,313.0,14.0,67.0,False,0.0,0.0,0.0,False,0.0,0.0,True,1
65876,Federation League,2020.0,559474.0,F,,High school,35-55,Middle,False,0.0,False,0.0,False,229.0,118.0,0.0,312.0,173.0,27.0,False,0.0,134.0,0.0,False,56.0,9.0,False,1
30079,Regional Tournament,2022.0,680878.0,M,Eastern Europe,Middle school,0-35,Middle-Low,False,0.0,False,0.0,False,3.0,1.0,0.0,2.0,1.0,0.0,False,0.0,0.0,0.0,False,0.0,0.0,True,0
62640,Regional Tournament,2020.0,537704.0,F,East Asia,Middle school,35-55,Middle,False,0.0,False,0.0,False,357.0,40.0,4.0,242.0,33.0,90.0,False,0.0,0.0,0.0,False,18.0,0.0,False,1
31417,Olympic Games,2019.0,227517.0,M,Southern Africa,University Degree,0-35,High,False,0.0,False,120.0,False,205.0,584.0,0.0,269.0,126.0,0.0,False,1.0,0.0,0.0,False,20.0,0.0,True,0
32939,Regional Tournament,2022.0,2594368.0,F,Southern Africa,High school,0-35,Low,True,0.0,False,0.0,False,87.0,213.0,0.0,15.0,66.0,0.0,False,7.0,0.0,0.0,False,0.0,0.0,False,1
43413,Continental Championship,2022.0,647888.0,M,Oceania,High school,0-35,High,False,0.0,False,0.0,False,142.0,474.0,0.0,91.0,46.0,81.0,False,0.0,95.0,0.0,False,5.0,0.0,True,1
49642,World Championship,2022.0,380599.0,F,Northern Africa,Middle school,0-35,Low,False,0.0,False,,False,204.0,632.0,3.0,221.0,20.0,181.0,False,0.0,0.0,0.0,False,0.0,0.0,True,1
86873,Continental Championship,2022.0,344740.0,M,South America,Middle school,35-55,High,False,0.0,False,30.0,False,844.0,1975.0,0.0,2536.0,136.0,172.0,False,34.0,692.0,0.0,False,34.0,1.0,True,1
90698,Regional Tournament,2019.0,491097.0,F,South Asia,Middle school,0-35,Low,True,1.0,False,60.0,False,18.0,11.0,0.0,0.0,2.0,27.0,False,0.0,0.0,0.0,False,0.0,0.0,False,0
62487,Regional Tournament,2020.0,550163.0,F,Western Europe,Middle school,0-35,Middle,False,0.0,False,0.0,False,16.0,10.0,0.0,21.0,,15.0,False,0.0,0.0,0.0,False,1.0,0.0,False,0
40317,Local Match,2020.0,480181.0,M,South Asia,High school,0-35,High,False,0.0,False,0.0,False,126.0,303.0,0.0,186.0,131.0,4.0,False,0.0,7.0,0.0,False,17.0,12.0,False,0
16028,Regional Tournament,2020.0,500819.0,F,Oceania,Middle school,0-35,High,False,0.0,False,0.0,False,128.0,6.0,4.0,329.0,12.0,73.0,False,0.0,0.0,0.0,False,7.0,1.0,False,1
40188,Local Match,2022.0,586811.0,M,East Asia,High school,0-35,High,False,1.0,False,0.0,False,26.0,127.0,0.0,57.0,37.0,1.0,True,0.0,0.0,0.0,False,0.0,0.0,False,0
47171,Regional Tournament,2019.0,604923.0,F,Southern Africa,Middle school,35-55,Low,False,0.0,False,0.0,False,9.0,0.0,0.0,0.0,2.0,12.0,False,0.0,0.0,0.0,False,0.0,0.0,False,0
53745,Federation League,2022.0,674989.0,M,Eastern Europe,High school,0-35,High,False,0.0,False,0.0,False,178.0,70.0,3.0,105.0,75.0,9.0,False,38.0,0.0,0.0,False,11.0,0.0,False,1
11597,National Cup,2021.0,626614.0,M,North America,University Degree,0-35,Middle,False,0.0,False,,False,218.0,158.0,0.0,52.0,211.0,1059.0,False,0.0,0.0,0.0,False,5.0,0.0,True,0
47947,Regional Tournament,2020.0,549391.0,F,Middle East,High school,0-35,High,False,,False,0.0,False,66.0,22.0,0.0,221.0,48.0,82.0,False,0.0,0.0,0.0,False,3.0,,False,1
20780,National Cup,2021.0,1930146.0,M,Eastern Europe,High school,35-55,Middle,False,0.0,False,,False,282.0,937.0,0.0,7.0,152.0,1437.0,False,0.0,0.0,0.0,False,7.0,0.0,False,1
61770,World Championship,2022.0,629258.0,F,South America,High school,35-55,Low,False,1.0,False,30.0,False,364.0,1060.0,29.0,85.0,46.0,216.0,False,0.0,0.0,0.0,False,0.0,0.0,True,0
15573,Local Match,2020.0,357219.0,F,South America,High school,0-35,Middle,False,1.0,False,60.0,False,1450.0,3340.0,1.0,662.0,583.0,1148.0,False,0.0,70.0,26.0,False,51.0,80.0,True,1
53945,World Championship,2022.0,690895.0,F,North America,High school,0-35,Low,False,0.0,False,,False,46.0,41.0,0.0,106.0,9.0,0.0,False,0.0,0.0,0.0,False,0.0,0.0,True,0
71890,Local Match,2021.0,545741.0,M,East Asia,Middle school,0-35,High,False,0.0,False,0.0,True,345.0,1212.0,0.0,35.0,248.0,753.0,False,0.0,1.0,4.0,False,10.0,9.0,True,1
55068,National Cup,2021.0,620977.0,M,Middle East,High school,0-35,High,False,0.0,False,0.0,False,59.0,52.0,0.0,61.0,36.0,178.0,False,0.0,0.0,0.0,False,5.0,0.0,False,0
75841,Federation League,2020.0,558779.0,M,North America,University Degree,0-35,High,False,0.0,False,0.0,False,21.0,24.0,0.0,33.0,4.0,3.0,False,0.0,0.0,,False,0.0,0.0,False,0
39451,Olympic Games,2019.0,603861.0,M,South Asia,University Degree,55<=,High,False,0.0,False,0.0,False,145.0,751.0,0.0,7.0,44.0,0.0,False,0.0,0.0,0.0,False,5.0,3.0,False,0
92215,Federation League,2019.0,490738.0,M,Northern Africa,University Degree,0-35,High,False,0.0,False,0.0,False,36.0,81.0,0.0,0.0,11.0,0.0,False,0.0,0.0,0.0,False,0.0,0.0,False,0
80595,World Championship,2022.0,689065.0,F,North America,University Degree,35-55,Low,False,0.0,False,,False,149.0,298.0,0.0,27.0,45.0,97.0,False,0.0,0.0,0.0,False,0.0,0.0,True,0
57028,Regional Tournament,2022.0,444768.0,F,South America,High school,0-35,Middle,False,0.0,False,0.0,False,466.0,1145.0,0.0,436.0,83.0,203.0,False,22.0,0.0,14.0,False,3.0,0.0,True,1
56109,Federation League,2021.0,228775.0,M,South Asia,Middle school,0-35,High,False,0.0,False,0.0,False,284.0,278.0,0.0,165.0,119.0,2.0,False,19.0,46.0,0.0,False,25.0,0.0,True,0
67503,Regional Tournament,2022.0,653027.0,F,South America,Middle school,0-35,Low,True,0.0,False,0.0,False,15.0,38.0,0.0,0.0,6.0,116.0,False,0.0,0.0,0.0,False,1.0,0.0,False,0
35149,World Championship,2021.0,621331.0,F,Western Europe,Middle school,0-35,High,True,0.0,False,,False,176.0,86.0,4.0,39.0,11.0,23.0,False,0.0,0.0,0.0,False,0.0,0.0,True,0
60052,Regional Tournament,2020.0,558114.0,F,Western Europe,Middle school,0-35,High,False,0.0,False,60.0,False,140.0,24.0,1.0,68.0,40.0,25.0,False,0.0,0.0,0.0,False,8.0,0.0,False,0
87846,Regional Tournament,2021.0,623406.0,F,Eastern Europe,Middle school,35-55,Middle,False,0.0,False,0.0,False,144.0,120.0,0.0,113.0,108.0,25.0,False,0.0,0.0,0.0,False,40.0,0.0,False,1
35936,Federation League,2019.0,564325.0,F,Northern Africa,Middle school,0-35,Middle-Low,True,0.0,False,60.0,False,52.0,66.0,0.0,50.0,41.0,5.0,False,0.0,38.0,0.0,False,3.0,0.0,True,0
80185,Federation League,2021.0,625098.0,M,Western Europe,Middle school,0-35,Middle-Low,False,0.0,False,0.0,,97.0,61.0,0.0,33.0,113.0,3.0,False,3.0,32.0,0.0,False,16.0,0.0,False,0
28672,National Cup,,624789.0,M,North America,University Degree,0-35,Low,True,0.0,False,0.0,False,742.0,287.0,0.0,1075.0,222.0,1376.0,False,0.0,0.0,0.0,False,14.0,0.0,False,1
14277,Federation League,2019.0,523248.0,M,Central America,High school,0-35,High,False,0.0,False,0.0,False,133.0,264.0,0.0,45.0,22.0,0.0,False,0.0,166.0,0.0,False,6.0,0.0,True,1
30210,Regional Tournament,2019.0,264744.0,F,Eastern Europe,High school,0-35,High,False,0.0,False,60.0,False,88.0,43.0,0.0,102.0,26.0,54.0,False,0.0,0.0,0.0,False,21.0,0.0,False,1
29987,Federation League,2020.0,558153.0,M,Middle East,High school,0-35,Middle,False,0.0,False,0.0,False,146.0,75.0,0.0,110.0,52.0,10.0,False,0.0,34.0,0.0,False,49.0,6.0,False,0
40005,Regional Tournament,2020.0,430357.0,F,Southern Europe,High school,0-35,Low,False,2.0,False,60.0,False,191.0,14.0,4.0,615.0,37.0,84.0,False,0.0,0.0,0.0,False,8.0,0.0,False,0
58249,Continental Championship,2021.0,617355.0,F,East Asia,Middle school,0-35,Middle-Low,False,0.0,False,0.0,False,1101.0,1075.0,0.0,2053.0,103.0,175.0,False,6.0,723.0,0.0,False,191.0,1.0,False,1
35006,Regional Tournament,2019.0,439294.0,F,Eastern Europe,Middle school,0-35,Low,False,3.0,False,0.0,False,3.0,0.0,0.0,2.0,0.0,0.0,False,0.0,0.0,0.0,False,0.0,0.0,True,0
47465,Local Match,2021.0,2619719.0,M,East Asia,Middle school,35-55,Middle,False,0.0,False,0.0,False,265.0,958.0,0.0,152.0,310.0,3.0,False,3.0,203.0,13.0,False,44.0,0.0,True,0
29796,Continental Championship,2021.0,266040.0,M,Western Europe,High school,0-35,Middle-Low,False,0.0,False,0.0,False,74.0,148.0,0.0,35.0,10.0,82.0,False,0.0,0.0,0.0,False,9.0,0.0,True,0
68668,World Championship,2021.0,614398.0,F,Northern Africa,High school,0-35,Middle,False,0.0,False,,False,52.0,,2.0,8.0,22.0,100.0,False,0.0,0.0,0.0,False,0.0,0.0,True,1
26846,Continental Championship,2019.0,611639.0,F,North America,High school,0-35,Middle-High,False,0.0,False,,False,80.0,212.0,0.0,43.0,15.0,201.0,False,0.0,9.0,0.0,False,16.0,2.0,True,0
35312,Regional Tournament,2022.0,674495.0,F,North America,High school,0-35,Low,False,0.0,False,0.0,False,258.0,447.0,6.0,110.0,26.0,85.0,False,21.0,0.0,0.0,False,1.0,0.0,True,1
58977,Local Match,2020.0,536455.0,M,Western Europe,High school,0-35,Middle,False,0.0,False,60.0,False,361.0,1545.0,0.0,164.0,216.0,643.0,False,0.0,5.0,4.0,False,19.0,4.0,True,1
23941,Federation League,2020.0,1906919.0,M,Northern Africa,Middle school,35-55,Low,False,0.0,False,0.0,False,1062.0,873.0,3.0,1316.0,624.0,72.0,False,0.0,341.0,0.0,False,135.0,45.0,False,0
49056,National Cup,2022.0,336772.0,M,Middle East,Middle school,35-55,High,False,0.0,False,,False,375.0,359.0,0.0,23.0,133.0,297.0,False,16.0,0.0,0.0,False,9.0,0.0,False,1
27942,Local Match,2020.0,353221.0,M,Northern Africa,Middle school,35-55,Middle,False,0.0,False,0.0,False,132.0,362.0,0.0,147.0,154.0,712.0,False,0.0,3.0,0.0,False,23.0,1.0,True,1
57347,Federation League,2022.0,655585.0,M,Eastern Europe,High school,0-35,High,False,0.0,False,60.0,False,288.0,308.0,10.0,73.0,178.0,5.0,False,24.0,1.0,0.0,False,8.0,0.0,True,1
63504,Continental Championship,2019.0,592997.0,M,South America,University Degree,35-55,Middle,False,0.0,False,0.0,False,405.0,1321.0,0.0,254.0,163.0,272.0,False,1.0,191.0,0.0,False,57.0,7.0,True,1
83047,Local Match,2020.0,351500.0,F,Western Europe,Middle school,0-35,Middle-High,False,1.0,False,60.0,False,468.0,1691.0,0.0,293.0,318.0,893.0,False,0.0,36.0,21.0,False,36.0,113.0,True,1
26456,Local Match,2022.0,683467.0,M,Western Europe,Middle school,0-35,Middle-Low,True,0.0,False,60.0,False,279.0,602.0,0.0,126.0,204.0,1101.0,True,2.0,3.0,1.0,False,12.0,0.0,True,1
12788,Local Match,2020.0,552374.0,M,Middle East,Middle school,0-35,High,True,0.0,False,0.0,False,188.0,1119.0,0.0,281.0,158.0,721.0,False,0.0,2.0,4.0,False,9.0,13.0,True,1
97207,Regional Tournament,2020.0,542396.0,F,East Asia,Middle school,35-55,Middle-Low,False,0.0,False,0.0,False,27.0,18.0,0.0,10.0,17.0,0.0,False,0.0,0.0,0.0,False,10.0,0.0,False,0
50270,Local Match,2022.0,683624.0,,Central America,Middle school,0-35,Middle-Low,False,0.0,False,60.0,False,2043.0,2824.0,0.0,1452.0,611.0,1476.0,True,60.0,39.0,18.0,False,168.0,29.0,True,1
54735,World Championship,2022.0,698460.0,F,Central Asia,University Degree,35-55,High,False,0.0,False,,False,524.0,939.0,2.0,1079.0,72.0,257.0,False,0.0,0.0,0.0,False,0.0,0.0,True,1
85199,National Cup,2021.0,623707.0,F,Central Asia,Middle school,0-35,Middle-Low,False,0.0,False,,False,63.0,24.0,0.0,22.0,48.0,710.0,False,2.0,0.0,0.0,False,5.0,0.0,False,0
11800,Regional Tournament,2022.0,685009.0,F,East Asia,Middle school,35-55,High,False,0.0,False,0.0,False,184.0,733.0,11.0,24.0,26.0,146.0,False,4.0,0.0,11.0,False,4.0,0.0,True,1
51670,Continental Championship,2019.0,581340.0,M,North America,University Degree,0-35,High,False,0.0,False,0.0,False,405.0,1095.0,0.0,212.0,33.0,194.0,False,0.0,526.0,0.0,False,,2.0,True,1
55625,Regional Tournament,2022.0,591986.0,M,Eastern Europe,Middle school,0-35,Low,False,1.0,False,60.0,False,64.0,148.0,0.0,0.0,22.0,5.0,False,0.0,0.0,0.0,False,2.0,0.0,False,0
41886,Regional Tournament,2022.0,598035.0,F,Central Asia,Middle school,0-35,Middle-Low,False,0.0,False,0.0,False,19.0,93.0,0.0,0.0,3.0,0.0,False,0.0,0.0,0.0,False,1.0,0.0,True,1
31096,Regional Tournament,2022.0,275296.0,F,Central Asia,High school,0-35,High,False,2.0,False,0.0,False,64.0,72.0,0.0,13.0,5.0,8.0,False,0.0,0.0,0.0,False,3.0,0.0,True,0
57617,Regional Tournament,2021.0,631109.0,F,Western Europe,Elementary school,0-35,Middle-Low,False,0.0,False,0.0,False,593.0,93.0,1.0,2049.0,45.0,91.0,False,1.0,0.0,0.0,False,75.0,0.0,True,1
13084,Federation League,2022.0,544649.0,M,South Asia,Middle school,35-55,High,,2.0,False,0.0,False,383.0,157.0,2.0,313.0,117.0,7.0,False,7.0,0.0,0.0,False,32.0,0.0,False,0
67290,Regional Tournament,2019.0,580094.0,F,South Asia,Middle school,0-35,Low,False,0.0,False,60.0,False,646.0,104.0,9.0,1229.0,63.0,172.0,False,5.0,0.0,0.0,False,31.0,0.0,True,1
44544,Continental Championship,2019.0,388923.0,M,South Asia,High school,35-55,Middle-High,False,0.0,False,0.0,False,134.0,779.0,0.0,49.0,2.0,177.0,False,,201.0,0.0,False,6.0,6.0,True,1
37637,National Cup,2021.0,490768.0,M,Southern Europe,Middle school,0-35,Middle,False,0.0,False,0.0,False,78.0,40.0,0.0,37.0,24.0,129.0,False,0.0,0.0,0.0,False,6.0,0.0,False,0
33874,Local Match,2019.0,343828.0,F,South America,Middle school,0-35,Middle,False,1.0,False,120.0,True,584.0,2208.0,0.0,157.0,512.0,798.0,False,7.0,12.0,6.0,False,32.0,16.0,True,1
81057,Regional Tournament,2021.0,389249.0,F,Central America,High school,0-35,Middle-Low,False,0.0,False,0.0,False,158.0,48.0,1.0,47.0,26.0,94.0,False,0.0,0.0,0.0,False,37.0,0.0,False,1
85253,Federation League,2022.0,694384.0,F,Middle East,High school,0-35,Middle-Low,False,0.0,False,0.0,False,68.0,99.0,0.0,104.0,50.0,0.0,False,3.0,0.0,0.0,False,0.0,0.0,True,1
98073,Local Match,2021.0,603539.0,M,Central Asia,High school,0-35,High,False,0.0,False,0.0,True,533.0,2866.0,0.0,230.0,424.0,1027.0,False,5.0,43.0,40.0,False,37.0,30.0,True,1
95063,National Cup,2022.0,378576.0,F,Western Europe,Middle school,35-55,Middle-High,False,0.0,False,,False,141.0,243.0,0.0,171.0,27.0,308.0,False,0.0,0.0,0.0,False,7.0,0.0,False,0
44522,Olympic Games,2019.0,342972.0,M,Southern Europe,University Degree,0-35,Low,False,0.0,False,0.0,False,245.0,268.0,1.0,195.0,91.0,0.0,False,1.0,0.0,0.0,False,37.0,0.0,True,1
10070,Federation League,2020.0,1107079.0,F,Southern Africa,High school,35-55,High,False,1.0,True,60.0,False,57.0,16.0,0.0,0.0,55.0,2.0,False,0.0,0.0,0.0,False,20.0,1.0,True,0
65898,Federation League,2021.0,543976.0,F,Central Asia,Middle school,35-55,Middle,False,0.0,False,0.0,False,385.0,139.0,7.0,211.0,253.0,12.0,False,9.0,54.0,0.0,False,29.0,0.0,True,0
14137,Local Match,2019.0,581486.0,,South Asia,Middle school,0-35,High,False,0.0,False,30.0,True,210.0,518.0,0.0,295.0,154.0,485.0,False,9.0,4.0,0.0,False,17.0,0.0,True,1
46302,Regional Tournament,2019.0,609817.0,F,North America,High school,0-35,Middle-High,False,0.0,False,0.0,False,108.0,49.0,0.0,62.0,54.0,67.0,False,1.0,0.0,0.0,False,25.0,0.0,False,1
23308,Continental Championship,2022.0,405125.0,M,Eastern Europe,High school,0-35,Middle-Low,False,0.0,False,30.0,False,375.0,915.0,0.0,178.0,17.0,120.0,False,5.0,429.0,0.0,False,43.0,0.0,True,1
96475,Federation League,2020.0,435780.0,F,North America,Middle school,0-35,Middle,False,1.0,False,120.0,False,709.0,84.0,8.0,707.0,287.0,29.0,False,0.0,31.0,0.0,False,52.0,14.0,True,0
87028,Regional Tournament,2022.0,492592.0,F,Middle East,Middle school,0-35,Middle-Low,False,0.0,False,30.0,False,158.0,406.0,0.0,32.0,46.0,24.0,False,10.0,0.0,0.0,False,0.0,0.0,True,1
33165,Federation League,2020.0,2632491.0,M,Central America,High school,0-35,Middle,False,0.0,False,0.0,False,55.0,99.0,0.0,76.0,51.0,5.0,False,0.0,17.0,0.0,False,5.0,2.0,False,0
99277,Federation League,2022.0,644159.0,M,Central Asia,University Degree,0-35,Middle,False,0.0,False,0.0,False,385.0,74.0,0.0,421.0,28.0,5.0,False,9.0,0.0,0.0,False,12.0,0.0,True,0
54829,Federation League,2019.0,494728.0,M,South Asia,Middle school,0-35,Middle-Low,True,1.0,False,0.0,False,35.0,45.0,0.0,24.0,22.0,2.0,False,0.0,14.0,0.0,False,8.0,0.0,False,0
43791,Regional Tournament,2022.0,570692.0,F,South Asia,High school,0-35,Middle-High,False,0.0,False,0.0,False,41.0,71.0,1.0,0.0,10.0,0.0,False,0.0,0.0,0.0,False,0.0,0.0,False,0
49866,World Championship,2022.0,647850.0,F,Southern Europe,Middle school,0-35,Middle,False,0.0,False,,False,114.0,301.0,0.0,7.0,14.0,97.0,False,0.0,0.0,0.0,False,0.0,0.0,True,1
65936,Regional Tournament,2020.0,541113.0,F,Middle East,Middle school,0-35,Low,False,0.0,False,0.0,False,100.0,23.0,2.0,76.0,36.0,65.0,False,0.0,,0.0,False,18.0,0.0,False,1
69049,Regional Tournament,2020.0,374234.0,F,East Asia,University Degree,35-55,High,False,1.0,False,60.0,False,386.0,101.0,2.0,451.0,158.0,75.0,False,0.0,0.0,0.0,False,25.0,2.0,False,1
49929,Federation League,2022.0,647605.0,M,East Asia,High school,0-35,High,False,0.0,False,0.0,False,422.0,497.0,4.0,243.0,127.0,16.0,False,44.0,0.0,0.0,False,24.0,0.0,True,1
78035,Federation League,2022.0,694872.0,M,Central Asia,High school,35-55,Middle-Low,False,0.0,False,60.0,False,1046.0,390.0,1.0,4268.0,260.0,24.0,False,56.0,0.0,0.0,False,34.0,0.0,True,1
68292,Regional Tournament,2019.0,582636.0,F,South Asia,High school,0-35,Low,False,0.0,False,0.0,False,50.0,31.0,1.0,26.0,36.0,86.0,False,2.0,0.0,0.0,False,10.0,0.0,False,1
97906,World Championship,2019.0,1470552.0,F,Southern Europe,High school,35-55,Middle-Low,False,0.0,False,,False,64.0,88.0,2.0,47.0,30.0,18.0,False,0.0,0.0,0.0,False,0.0,0.0,True,0
60572,Local Match,2022.0,637004.0,F,South Asia,Middle school,0-35,Middle-Low,False,0.0,False,0.0,False,704.0,1058.0,0.0,469.0,386.0,1139.0,True,32.0,11.0,3.0,False,20.0,9.0,True,1
73861,Continental Championship,2022.0,655558.0,M,South Asia,Middle school,0-35,Middle-Low,False,0.0,False,60.0,False,23.0,129.0,0.0,38.0,0.0,93.0,False,0.0,0.0,0.0,False,2.0,0.0,False,0
29215,Local Match,2019.0,572634.0,M,East Asia,High school,0-35,Middle,False,0.0,False,60.0,True,350.0,473.0,0.0,327.0,204.0,645.0,False,2.0,0.0,0.0,False,10.0,1.0,True,1
10446,Local Match,2021.0,587696.0,M,Central America,Middle school,0-35,Middle-Low,False,1.0,False,60.0,False,174.0,375.0,0.0,130.0,173.0,124.0,False,0.0,1.0,0.0,False,7.0,0.0,False,0
42018,Olympic Games,2022.0,46844.0,M,South Asia,University Degree,35-55,Middle-Low,False,0.0,False,0.0,False,92.0,112.0,0.0,96.0,37.0,0.0,False,1.0,0.0,0.0,False,2.0,0.0,True,1
71500,Continental Championship,2019.0,2056643.0,M,North America,High school,0-35,High,True,0.0,False,0.0,,484.0,1057.0,0.0,1893.0,74.0,136.0,False,2.0,0.0,0.0,False,31.0,4.0,False,1
42038,Local Match,2021.0,628098.0,M,South America,High school,0-35,Middle,False,0.0,False,0.0,True,324.0,769.0,0.0,620.0,270.0,696.0,False,4.0,26.0,9.0,False,27.0,0.0,True,1
91603,Federation League,2019.0,574498.0,F,Oceania,High school,0-35,High,False,0.0,False,0.0,False,713.0,235.0,3.0,890.0,699.0,36.0,False,33.0,147.0,0.0,False,64.0,0.0,True,1
13929,Federation League,2019.0,2695608.0,F,East Asia,High school,55<=,High,False,0.0,False,0.0,False,572.0,249.0,90.0,1383.0,598.0,85.0,False,63.0,142.0,0.0,False,70.0,0.0,True,1
99629,Local Match,2021.0,53136.0,F,South America,High school,0-35,Middle-Low,False,1.0,False,60.0,True,523.0,944.0,0.0,504.0,327.0,1168.0,False,0.0,12.0,0.0,False,13.0,0.0,True,1
18383,National Cup,2021.0,560494.0,M,South America,High school,0-35,Middle-Low,True,0.0,False,30.0,False,322.0,74.0,0.0,188.0,124.0,578.0,False,0.0,0.0,0.0,False,8.0,0.0,False,1
25456,Regional Tournament,2022.0,1972832.0,F,Central America,High school,0-35,High,False,0.0,False,60.0,False,100.0,281.0,1.0,7.0,101.0,20.0,False,17.0,0.0,0.0,False,1.0,0.0,False,1
13703,Federation League,2020.0,270468.0,F,Eastern Europe,Middle school,0-35,Low,False,0.0,False,0.0,False,10.0,49.0,0.0,8.0,74.0,4.0,False,0.0,0.0,0.0,False,23.0,0.0,False,0
78451,World Championship,2019.0,585608.0,F,Eastern Europe,Middle school,0-35,High,False,0.0,False,,False,82.0,211.0,2.0,22.0,7.0,98.0,False,0.0,0.0,0.0,False,0.0,0.0,True,1
73877,Local Match,2022.0,637509.0,F,Southern Africa,Middle school,0-35,High,False,0.0,False,90.0,False,100.0,77.0,0.0,41.0,79.0,139.0,True,0.0,0.0,0.0,False,6.0,0.0,True,0
37470,National Cup,2022.0,689792.0,F,Oceania,High school,0-35,Middle,False,0.0,False,0.0,False,79.0,22.0,0.0,26.0,29.0,353.0,False,0.0,0.0,0.0,False,10.0,0.0,False,1
31137,Continental Championship,2019.0,2598961.0,M,Western Europe,University Degree,0-35,Middle-Low,False,0.0,False,,False,325.0,1661.0,0.0,118.0,32.0,195.0,False,3.0,404.0,0.0,False,39.0,2.0,True,1
31001,National Cup,2022.0,406326.0,M,Central Asia,University Degree,35-55,High,False,0.0,False,0.0,False,19.0,128.0,0.0,0.0,15.0,85.0,False,0.0,0.0,0.0,False,2.0,0.0,False,0
47289,Regional Tournament,2022.0,590854.0,F,South Asia,University Degree,0-35,Low,False,0.0,False,60.0,False,256.0,739.0,3.0,27.0,38.0,189.0,False,0.0,0.0,0.0,False,6.0,0.0,True,1
57945,Regional Tournament,2019.0,595854.0,F,North America,Middle school,0-35,Low,True,0.0,False,0.0,False,193.0,38.0,0.0,52.0,47.0,73.0,False,0.0,0.0,0.0,False,75.0,0.0,False,1
98281,Local Match,2022.0,674484.0,M,North America,High school,0-35,Middle-Low,False,0.0,False,0.0,False,565.0,2975.0,,417.0,411.0,614.0,True,5.0,47.0,38.0,False,49.0,39.0,True,1
46306,Local Match,2021.0,388697.0,M,East Asia,High school,0-35,High,False,0.0,False,0.0,True,246.0,1118.0,0.0,218.0,278.0,473.0,False,0.0,44.0,9.0,False,16.0,0.0,True,1
50166,Federation League,2020.0,560024.0,M,Western Europe,High school,0-35,Middle,False,0.0,False,0.0,False,156.0,129.0,0.0,122.0,73.0,9.0,False,0.0,67.0,0.0,False,58.0,1.0,False,1
31624,National Cup,2022.0,509148.0,M,Oceania,University Degree,0-35,Middle,False,0.0,False,60.0,False,34.0,11.0,0.0,1.0,13.0,137.0,False,7.0,0.0,0.0,False,1.0,0.0,False,0
71547,Continental Championship,2019.0,600916.0,M,North America,Middle school,0-35,Middle-Low,False,0.0,False,,False,236.0,621.0,0.0,410.0,1.0,100.0,False,0.0,48.0,0.0,False,19.0,10.0,False,0
29565,Local Match,2020.0,530853.0,M,Central Asia,Middle school,35-55,Low,False,0.0,False,60.0,False,169.0,249.0,0.0,133.0,79.0,100.0,False,0.0,9.0,3.0,False,14.0,24.0,False,0
60111,World Championship,2019.0,588963.0,F,South Asia,High school,0-35,High,False,0.0,False,,False,1.0,1.0,0.0,0.0,1.0,0.0,False,0.0,0.0,0.0,False,0.0,0.0,True,0
72149,Local Match,2021.0,2561313.0,F,Northern Africa,University Degree,0-35,Low,False,0.0,False,30.0,True,374.0,1538.0,0.0,116.0,312.0,1176.0,False,0.0,33.0,18.0,False,19.0,16.0,True,1
82034,Regional Tournament,2022.0,651004.0,F,Eastern Europe,Middle school,35-55,Low,False,0.0,False,60.0,False,56.0,120.0,0.0,7.0,15.0,19.0,False,0.0,0.0,0.0,False,4.0,0.0,True,0
59060,Regional Tournament,2020.0,541363.0,F,North America,High school,35-55,Middle,False,0.0,False,0.0,False,152.0,38.0,4.0,316.0,59.0,76.0,False,0.0,0.0,0.0,False,8.0,0.0,False,1
50955,World Championship,2021.0,593785.0,M,South America,Middle school,0-35,Middle-Low,False,0.0,False,,False,257.0,986.0,28.0,546.0,105.0,140.0,False,0.0,0.0,0.0,False,0.0,0.0,True,1
52516,Regional Tournament,2020.0,500836.0,M,Eastern Europe,High school,0-35,Middle,True,1.0,False,140.0,False,66.0,13.0,,86.0,29.0,58.0,False,0.0,0.0,0.0,False,8.0,0.0,False,0
61005,Federation League,2019.0,500283.0,M,East Asia,Middle school,0-35,High,False,0.0,False,0.0,False,170.0,187.0,30.0,44.0,123.0,1.0,False,49.0,37.0,0.0,False,6.0,0.0,True,1
53383,Regional Tournament,2019.0,594056.0,F,North America,High school,35-55,Middle-Low,False,,False,0.0,False,282.0,23.0,1.0,605.0,42.0,142.0,False,0.0,0.0,0.0,False,12.0,0.0,False,1
66982,Local Match,2021.0,609171.0,M,Central Asia,Middle school,0-35,Middle-Low,False,0.0,False,60.0,False,165.0,401.0,0.0,252.0,104.0,122.0,False,14.0,8.0,,False,8.0,0.0,True,0
28628,World Championship,2021.0,619013.0,F,South America,High school,0-35,Middle,False,0.0,False,,False,30.0,159.0,0.0,0.0,3.0,87.0,False,0.0,0.0,0.0,False,0.0,0.0,True,0
13136,Federation League,2021.0,587403.0,M,Central America,High school,0-35,High,True,1.0,False,140.0,False,10.0,48.0,0.0,0.0,20.0,1.0,False,0.0,0.0,0.0,False,0.0,0.0,False,0
20202,Regional Tournament,2022.0,492676.0,F,North America,High school,0-35,High,True,2.0,False,60.0,False,80.0,112.0,0.0,3.0,31.0,0.0,False,1.0,0.0,0.0,False,2.0,0.0,True,1
83224,National Cup,2021.0,633341.0,F,Northern Africa,High school,0-35,Middle-High,False,0.0,False,30.0,False,59.0,14.0,0.0,48.0,26.0,98.0,False,3.0,0.0,0.0,False,4.0,0.0,False,0
51899,Local Match,2022.0,653595.0,M,Oceania,University Degree,0-35,Low,False,0.0,False,0.0,False,453.0,1764.0,0.0,278.0,371.0,1030.0,True,5.0,27.0,34.0,False,23.0,30.0,True,1
81376,Regional Tournament,2020.0,406974.0,M,Eastern Europe,High school,0-35,Low,False,0.0,False,60.0,False,220.0,29.0,0.0,452.0,62.0,164.0,False,0.0,0.0,0.0,False,20.0,1.0,False,0
37149,Federation League,2022.0,574843.0,M,Northern Africa,Middle school,0-35,Middle,False,0.0,False,0.0,False,168.0,184.0,27.0,170.0,194.0,1.0,False,0.0,0.0,0.0,False,5.0,0.0,False,0
89638,Regional Tournament,2019.0,610059.0,F,Southern Africa,High school,0-35,Low,False,1.0,False,0.0,False,75.0,44.0,0.0,154.0,6.0,82.0,False,0.0,0.0,0.0,False,2.0,0.0,False,1
49887,World Championship,2021.0,623575.0,F,East Asia,Middle school,35-55,Middle,False,0.0,False,,False,72.0,174.0,0.0,19.0,10.0,65.0,False,0.0,0.0,0.0,False,0.0,0.0,True,1
17077,Federation League,2021.0,367127.0,F,South America,High school,0-35,High,False,0.0,False,60.0,False,387.0,235.0,0.0,162.0,190.0,6.0,False,2.0,82.0,0.0,False,54.0,0.0,True,1
47767,National Cup,2021.0,617416.0,M,North America,,0-35,Middle-High,False,0.0,False,,False,160.0,226.0,0.0,0.0,133.0,391.0,False,11.0,0.0,0.0,False,7.0,0.0,False,1
62198,Regional Tournament,2019.0,587702.0,F,East Asia,High school,0-35,Middle-Low,False,0.0,False,0.0,False,410.0,31.0,0.0,1040.0,24.0,89.0,False,0.0,0.0,0.0,False,5.0,0.0,True,1
79526,National Cup,2021.0,501652.0,F,Central America,High school,0-35,Middle,False,0.0,False,60.0,False,97.0,28.0,0.0,212.0,45.0,572.0,False,1.0,0.0,0.0,False,12.0,0.0,False,0
12030,World Championship,2021.0,623081.0,F,Southern Europe,High school,0-35,Low,False,0.0,False,,False,76.0,33.0,0.0,13.0,13.0,71.0,False,0.0,0.0,0.0,False,0.0,0.0,True,1
27043,Local Match,2020.0,558854.0,M,Eastern Europe,Middle school,0-35,Low,False,0.0,False,0.0,False,122.0,559.0,0.0,101.0,128.0,109.0,False,0.0,22.0,3.0,False,7.0,4.0,True,0
40191,Regional Tournament,2022.0,507783.0,F,Central America,University Degree,0-35,Middle,False,0.0,False,0.0,False,183.0,1666.0,0.0,6.0,30.0,299.0,False,0.0,0.0,19.0,False,2.0,0.0,True,1
54587,Olympic Games,2019.0,334333.0,F,Middle East,High school,0-35,,True,0.0,False,140.0,False,97.0,75.0,0.0,104.0,21.0,0.0,False,0.0,0.0,0.0,False,6.0,0.0,True,0
60134,Regional Tournament,2021.0,325080.0,F,Central Asia,High school,0-35,High,False,0.0,False,60.0,False,401.0,62.0,0.0,849.0,42.0,75.0,False,0.0,0.0,0.0,False,39.0,0.0,False,1
78236,Regional Tournament,2021.0,2351235.0,F,Middle East,High school,35-55,Middle-Low,False,0.0,False,0.0,False,41.0,5.0,0.0,54.0,9.0,3.0,False,0.0,0.0,0.0,False,14.0,0.0,False,0
59393,Local Match,,596231.0,M,Northern Africa,High school,0-35,Low,False,0.0,False,30.0,False,75.0,61.0,0.0,32.0,63.0,1.0,False,0.0,0.0,0.0,False,,0.0,True,0
28163,Regional Tournament,2022.0,689185.0,F,Southern Africa,High school,35-55,Middle,False,0.0,True,0.0,False,135.0,160.0,0.0,91.0,8.0,91.0,False,2.0,0.0,0.0,False,2.0,0.0,True,0
80209,Local Match,2019.0,600676.0,M,Oceania,Middle school,35-55,High,False,0.0,False,0.0,True,755.0,2501.0,3.0,711.0,683.0,1000.0,False,10.0,63.0,35.0,False,61.0,56.0,True,1
87781,Local Match,2019.0,598285.0,M,Middle East,Middle school,35-55,Low,True,0.0,False,60.0,True,283.0,1115.0,0.0,304.0,198.0,743.0,False,6.0,23.0,3.0,False,16.0,0.0,True,1
42530,Regional Tournament,2020.0,365452.0,F,Western Europe,Middle school,35-55,High,True,0.0,False,0.0,False,249.0,45.0,2.0,432.0,109.0,132.0,False,0.0,0.0,0.0,False,28.0,1.0,False,1
89822,Regional Tournament,2020.0,544627.0,F,Western Europe,Middle school,0-35,High,False,0.0,False,0.0,False,100.0,11.0,1.0,263.0,12.0,65.0,False,0.0,0.0,0.0,False,8.0,0.0,False,0
63254,World Championship,2022.0,643970.0,F,Central America,Middle school,0-35,Middle-Low,True,0.0,False,,False,148.0,439.0,1.0,2.0,29.0,88.0,False,0.0,0.0,0.0,False,0.0,0.0,True,1
49759,Continental Championship,2022.0,532846.0,M,Middle East,Middle school,0-35,Middle-Low,False,0.0,False,0.0,False,158.0,410.0,0.0,148.0,48.0,192.0,False,2.0,234.0,0.0,False,13.0,0.0,False,0
65822,Federation League,2022.0,397894.0,M,Eastern Europe,High school,35-55,Middle,False,0.0,False,0.0,False,973.0,770.0,10.0,1410.0,357.0,3.0,False,126.0,59.0,0.0,False,70.0,0.0,True,0
16655,Local Match,2019.0,2180710.0,M,Central America,Middle school,0-35,High,False,0.0,False,0.0,True,289.0,647.0,0.0,195.0,200.0,622.0,False,2.0,15.0,5.0,False,15.0,0.0,True,0
23357,Regional Tournament,2021.0,183287.0,F,Central America,Middle school,0-35,Middle,True,0.0,False,30.0,False,35.0,8.0,0.0,87.0,3.0,27.0,False,0.0,0.0,0.0,False,2.0,0.0,False,0
84708,Local Match,2021.0,555929.0,F,Oceania,Middle school,0-35,Middle-Low,False,2.0,False,60.0,True,160.0,479.0,0.0,17.0,212.0,1266.0,False,0.0,0.0,0.0,False,13.0,0.0,True,1
12247,Local Match,2020.0,431251.0,M,South America,High school,35-55,High,False,1.0,False,0.0,False,206.0,960.0,0.0,271.0,330.0,1245.0,False,0.0,6.0,0.0,False,17.0,58.0,True,1
67429,Local Match,2021.0,630804.0,M,Southern Europe,Middle school,0-35,Middle-Low,False,0.0,False,60.0,False,79.0,233.0,0.0,229.0,85.0,89.0,False,6.0,20.0,0.0,False,3.0,0.0,True,0
28790,Continental Championship,2019.0,585011.0,M,North America,University Degree,0-35,High,False,0.0,False,60.0,False,179.0,701.0,0.0,143.0,5.0,136.0,False,0.0,187.0,0.0,False,14.0,7.0,True,1
95583,Local Match,2022.0,644818.0,M,North America,Middle school,35-55,Middle-Low,False,0.0,False,0.0,False,420.0,1584.0,0.0,276.0,228.0,2551.0,True,31.0,56.0,27.0,False,29.0,23.0,True,1
95665,Continental Championship,2021.0,618583.0,F,Western Europe,High school,0-35,Middle-Low,True,0.0,False,30.0,False,209.0,793.0,0.0,83.0,26.0,161.0,False,5.0,155.0,0.0,False,33.0,0.0,True,1
90375,Regional Tournament,2022.0,648131.0,F,South America,Middle school,0-35,Middle-Low,False,0.0,False,0.0,False,9.0,63.0,0.0,6.0,9.0,0.0,False,0.0,0.0,0.0,False,1.0,0.0,True,0
43676,Local Match,2021.0,623554.0,M,North America,Middle school,0-35,Middle-Low,False,0.0,False,0.0,False,589.0,1511.0,0.0,388.0,279.0,665.0,False,0.0,38.0,6.0,False,17.0,0.0,True,0
51751,Local Match,2021.0,630937.0,M,Middle East,High school,0-35,High,False,0.0,False,0.0,True,248.0,952.0,0.0,321.0,180.0,565.0,False,11.0,31.0,37.0,False,16.0,21.0,True,1
77388,Regional Tournament,2022.0,433064.0,F,Central America,High school,0-35,Middle-Low,False,0.0,False,0.0,False,7.0,2.0,0.0,3.0,2.0,0.0,False,0.0,0.0,0.0,False,0.0,0.0,False,0
38065,Continental Championship,2022.0,551182.0,M,Eastern Europe,Middle school,0-35,Middle-Low,False,1.0,False,,False,237.0,509.0,0.0,89.0,3.0,99.0,False,0.0,633.0,0.0,False,35.0,0.0,False,1
23173,Regional Tournament,2020.0,500585.0,F,Southern Europe,High school,0-35,Low,True,1.0,False,140.0,False,107.0,34.0,1.0,114.0,65.0,87.0,False,0.0,0.0,0.0,False,11.0,7.0,False,0
24860,Regional Tournament,2021.0,2590564.0,F,South America,University Degree,35-55,High,False,0.0,False,30.0,False,556.0,144.0,0.0,364.0,194.0,74.0,False,0.0,0.0,0.0,False,21.0,0.0,True,1
74108,Federation League,2022.0,681872.0,M,North America,High school,0-35,Middle-Low,False,0.0,False,0.0,False,11.0,6.0,0.0,3.0,1.0,0.0,False,0.0,0.0,0.0,False,0.0,0.0,False,0
87918,Local Match,2021.0,565469.0,M,Central Asia,Middle school,0-35,High,False,1.0,False,60.0,False,33.0,18.0,0.0,50.0,15.0,72.0,False,2.0,0.0,0.0,False,2.0,0.0,True,0
51976,Federation League,2019.0,236953.0,F,Oceania,High school,0-35,High,False,2.0,False,0.0,False,445.0,131.0,0.0,519.0,282.0,16.0,False,24.0,62.0,0.0,False,38.0,0.0,True,1
67630,Federation League,2021.0,2366701.0,F,Middle East,University Degree,35-55,Middle,True,2.0,False,120.0,False,8.0,16.0,0.0,0.0,3.0,0.0,False,0.0,0.0,0.0,False,0.0,0.0,False,0
10435,Local Match,2022.0,572213.0,F,Western Europe,University Degree,0-35,High,False,1.0,False,0.0,False,332.0,1170.0,0.0,334.0,183.0,551.0,True,7.0,46.0,3.0,False,17.0,0.0,True,1
28690,Federation League,2022.0,689956.0,M,North America,University Degree,0-35,High,False,0.0,False,0.0,False,57.0,118.0,0.0,38.0,69.0,1.0,False,0.0,0.0,0.0,False,6.0,0.0,True,1
97994,Federation League,2020.0,248994.0,F,Central America,Middle school,0-35,Low,False,0.0,False,0.0,False,857.0,234.0,33.0,388.0,547.0,58.0,False,0.0,140.0,0.0,False,453.0,18.0,False,1
12956,Continental Championship,2021.0,628054.0,M,Central Asia,Middle school,35-55,Middle,False,0.0,False,0.0,False,196.0,829.0,0.0,149.0,24.0,111.0,False,4.0,71.0,,False,44.0,0.0,False,0
86550,Regional Tournament,2019.0,570137.0,F,North America,Middle school,35-55,Middle-High,False,0.0,False,0.0,False,370.0,71.0,0.0,670.0,82.0,96.0,False,0.0,0.0,0.0,False,40.0,0.0,False,1
17969,Federation League,2021.0,623052.0,F,South America,High school,35-55,Middle-Low,False,0.0,False,30.0,False,849.0,80.0,0.0,305.0,110.0,22.0,False,14.0,489.0,0.0,False,9.0,0.0,True,0
47072,Regional Tournament,2020.0,483064.0,F,South Asia,High school,0-35,Middle,False,0.0,False,0.0,False,248.0,41.0,10.0,1607.0,53.0,101.0,False,0.0,0.0,0.0,False,10.0,4.0,False,1
58959,Local Match,2021.0,598571.0,M,Middle East,High school,0-35,Middle,False,0.0,False,0.0,True,435.0,1706.0,0.0,737.0,324.0,1029.0,False,3.0,143.0,42.0,False,70.0,47.0,True,1
58235,Local Match,2021.0,625303.0,M,Eastern Europe,Middle school,0-35,Middle-Low,False,0.0,False,0.0,True,452.0,1997.0,1.0,250.0,505.0,769.0,False,6.0,40.0,7.0,,28.0,4.0,True,1
81449,National Cup,2021.0,383158.0,M,North America,University Degree,0-35,High,False,0.0,False,,False,132.0,14.0,0.0,38.0,87.0,1215.0,False,0.0,0.0,0.0,False,5.0,0.0,False,1
52906,Olympic Games,2022.0,2654628.0,F,Western Europe,Middle school,35-55,High,False,1.0,False,0.0,False,177.0,1076.0,0.0,43.0,67.0,0.0,False,0.0,0.0,0.0,False,5.0,0.0,False,1
32696,World Championship,2021.0,633588.0,F,Oceania,University Degree,0-35,High,False,0.0,False,,False,129.0,365.0,0.0,65.0,18.0,72.0,False,0.0,0.0,0.0,False,0.0,0.0,True,1
75568,National Cup,2022.0,348783.0,M,Northern Africa,High school,0-35,Middle,False,0.0,False,30.0,False,379.0,108.0,0.0,176.0,182.0,1993.0,False,0.0,0.0,0.0,False,10.0,0.0,False,1
27395,Regional Tournament,2022.0,2688945.0,F,East Asia,University Degree,35-55,Middle,False,0.0,False,0.0,False,123.0,574.0,0.0,2.0,21.0,34.0,False,11.0,0.0,7.0,False,0.0,0.0,True,1
53341,World Championship,2021.0,618621.0,F,South Asia,Middle school,35-55,Middle-High,False,0.0,False,,False,79.0,128.0,2.0,14.0,12.0,62.0,False,0.0,0.0,0.0,False,0.0,0.0,True,1
46046,Regional Tournament,2020.0,539056.0,F,Northern Africa,University Degree,35-55,High,False,0.0,False,0.0,False,406.0,99.0,9.0,824.0,135.0,106.0,False,0.0,0.0,0.0,False,63.0,13.0,False,1
58611,Local Match,2020.0,483872.0,M,South America,High school,0-35,Middle-High,False,0.0,False,60.0,False,498.0,1039.0,0.0,471.0,255.0,762.0,False,0.0,7.0,7.0,False,25.0,31.0,True,1
98369,Local Match,2022.0,677155.0,F,Northern Africa,Middle school,35-55,Low,False,0.0,False,0.0,False,754.0,2294.0,2.0,529.0,668.0,1189.0,True,31.0,36.0,0.0,False,21.0,0.0,True,1
58825,Local Match,2019.0,589490.0,M,Eastern Europe,Middle school,0-35,Middle-High,False,0.0,False,60.0,False,28.0,109.0,0.0,66.0,42.0,130.0,False,0.0,1.0,6.0,False,1.0,0.0,True,0
96708,Federation League,2019.0,399453.0,M,Eastern Europe,High school,0-35,Middle,True,0.0,False,0.0,False,72.0,32.0,0.0,21.0,108.0,6.0,False,1.0,62.0,0.0,False,5.0,0.0,,1
87908,Regional Tournament,2019.0,587192.0,F,Eastern Europe,Middle school,0-35,High,False,0.0,False,0.0,False,270.0,,0.0,230.0,48.0,111.0,False,0.0,0.0,0.0,False,94.0,0.0,True,1
79604,Regional Tournament,2019.0,492286.0,F,South America,Middle school,35-55,High,False,0.0,False,0.0,False,93.0,47.0,1.0,190.0,27.0,79.0,False,0.0,0.0,0.0,False,7.0,0.0,False,1
40396,National Cup,2022.0,574705.0,M,South Asia,Middle school,0-35,High,False,0.0,False,0.0,False,207.0,102.0,0.0,385.0,192.0,231.0,False,14.0,0.0,0.0,False,7.0,0.0,True,1
31048,National Cup,2022.0,303218.0,M,Southern Europe,University Degree,0-35,Middle,False,0.0,False,0.0,False,231.0,572.0,0.0,113.0,106.0,429.0,False,0.0,0.0,0.0,False,7.0,0.0,False,1
50283,National Cup,2021.0,559157.0,M,Oceania,Middle school,0-35,High,False,0.0,False,0.0,False,152.0,174.0,0.0,0.0,135.0,218.0,False,1.0,0.0,0.0,False,3.0,0.0,False,0
75361,Local Match,2022.0,698656.0,F,Northern Africa,High school,0-35,Middle-High,False,0.0,False,60.0,False,290.0,935.0,1.0,256.0,296.0,891.0,True,3.0,0.0,0.0,False,21.0,0.0,True,1
51688,Regional Tournament,2019.0,2642717.0,M,Oceania,Middle school,35-55,Middle-Low,False,0.0,False,60.0,False,515.0,31.0,4.0,1195.0,38.0,166.0,False,15.0,0.0,0.0,False,21.0,0.0,False,1
53982,Local Match,2019.0,1512332.0,M,North America,High school,35-55,Middle,False,0.0,False,0.0,False,149.0,301.0,0.0,122.0,78.0,66.0,False,4.0,15.0,7.0,False,7.0,1.0,True,0
53279,Olympic Games,2022.0,373872.0,F,East Asia,High school,0-35,Middle,False,0.0,False,0.0,False,270.0,959.0,0.0,110.0,111.0,0.0,False,4.0,0.0,0.0,False,64.0,10.0,False,1
33086,Regional Tournament,2020.0,183806.0,F,Middle East,High school,,High,True,1.0,False,140.0,False,33.0,3.0,0.0,94.0,15.0,0.0,False,0.0,0.0,0.0,False,4.0,0.0,True,0
73857,Regional Tournament,2022.0,298961.0,F,East Asia,Middle school,35-55,Middle-Low,False,1.0,False,0.0,False,81.0,288.0,0.0,0.0,14.0,57.0,False,36.0,0.0,2.0,False,3.0,0.0,True,1
42591,Olympic Games,2019.0,2080474.0,F,East Asia,High school,35-55,High,False,0.0,False,0.0,False,215.0,475.0,0.0,342.0,74.0,0.0,False,0.0,0.0,0.0,False,29.0,11.0,False,1
37723,Regional Tournament,2022.0,505878.0,F,Central Asia,High school,0-35,Middle,False,0.0,False,0.0,False,33.0,70.0,0.0,0.0,4.0,3.0,False,3.0,0.0,0.0,False,0.0,0.0,False,0
28695,Federation League,2019.0,74502.0,F,Central America,Middle school,0-35,High,False,0.0,False,60.0,False,916.0,757.0,0.0,1043.0,689.0,43.0,False,32.0,122.0,0.0,False,28.0,0.0,True,1
26021,Regional Tournament,2020.0,542259.0,F,North America,Middle school,35-55,Low,True,0.0,False,0.0,False,176.0,7.0,1.0,237.0,42.0,163.0,False,0.0,0.0,0.0,False,8.0,0.0,False,0
68878,Olympic Games,2019.0,104476.0,M,Southern Africa,Post Graduate,35-55,High,False,0.0,False,0.0,False,813.0,3171.0,0.0,353.0,286.0,0.0,False,5.0,0.0,0.0,False,139.0,10.0,False,1
24937,National Cup,2021.0,633455.0,M,,Middle school,0-35,Middle,False,0.0,False,0.0,False,60.0,37.0,0.0,47.0,34.0,138.0,False,0.0,0.0,0.0,False,0.0,0.0,False,0
49888,National Cup,2022.0,593657.0,M,Western Europe,Middle school,0-35,Middle-Low,False,0.0,False,,False,379.0,313.0,0.0,69.0,144.0,1503.0,False,7.0,0.0,0.0,False,5.0,0.0,False,1
28423,National Cup,2022.0,341361.0,M,South America,University Degree,35-55,Low,False,0.0,False,0.0,False,53.0,24.0,0.0,21.0,35.0,102.0,False,0.0,0.0,0.0,False,3.0,0.0,False,0
14167,Local Match,2022.0,649159.0,M,Southern Africa,Middle school,0-35,Middle-Low,False,0.0,False,0.0,False,299.0,778.0,4.0,694.0,192.0,829.0,True,2.0,13.0,7.0,False,46.0,10.0,True,1
42481,Local Match,2021.0,564632.0,F,South America,Middle school,0-35,Low,False,0.0,False,0.0,False,515.0,2294.0,0.0,80.0,390.0,934.0,False,30.0,56.0,22.0,False,65.0,0.0,False,0
61117,National Cup,2022.0,597166.0,M,Northern Africa,University Degree,0-35,Low,False,0.0,False,0.0,False,61.0,31.0,0.0,13.0,21.0,53.0,False,0.0,0.0,0.0,False,2.0,0.0,False,0
93307,Regional Tournament,2020.0,173316.0,F,South America,High school,0-35,Low,,0.0,False,0.0,False,382.0,55.0,1.0,1107.0,60.0,78.0,False,0.0,0.0,0.0,False,21.0,0.0,False,0
98217,Local Match,2020.0,535628.0,M,Southern Africa,High school,0-35,High,False,0.0,False,0.0,False,338.0,693.0,0.0,605.0,271.0,687.0,False,0.0,41.0,5.0,False,26.0,41.0,True,1
38047,Regional Tournament,2019.0,487681.0,F,Central America,Middle school,0-35,Low,False,0.0,False,0.0,False,405.0,45.0,0.0,392.0,49.0,61.0,False,1.0,0.0,0.0,False,17.0,0.0,False,1
96630,Local Match,2020.0,363749.0,M,Oceania,High school,0-35,Middle,False,0.0,False,0.0,False,1091.0,3281.0,0.0,558.0,699.0,1127.0,False,0.0,23.0,26.0,False,52.0,41.0,True,1
10716,Regional Tournament,2022.0,571395.0,F,Central Asia,High school,0-35,Middle,True,0.0,False,0.0,False,15.0,14.0,0.0,0.0,10.0,0.0,False,1.0,0.0,0.0,False,0.0,0.0,True,0
19499,Local Match,2021.0,629603.0,M,Central Asia,Middle school,0-35,Low,False,0.0,False,0.0,True,412.0,2174.0,0.0,268.0,459.0,1209.0,False,31.0,86.0,21.0,False,33.0,38.0,True,1
99654,Local Match,2022.0,651354.0,M,Southern Europe,Middle school,0-35,Low,False,0.0,False,30.0,False,627.0,1604.0,0.0,661.0,445.0,1504.0,True,1.0,22.0,10.0,False,45.0,0.0,True,1
86062,Regional Tournament,2021.0,616914.0,F,South America,Middle school,0-35,Middle-Low,False,0.0,False,0.0,False,329.0,143.0,1.0,687.0,110.0,74.0,False,0.0,0.0,0.0,False,10.0,0.0,False,1
25092,Local Match,2021.0,627595.0,M,North America,University Degree,0-35,Middle-Low,False,0.0,False,0.0,True,398.0,1395.0,0.0,650.0,283.0,1035.0,False,9.0,22.0,17.0,False,19.0,23.0,True,1
72779,Local Match,2022.0,653988.0,M,South America,Elementary school,0-35,Low,,0.0,False,60.0,False,69.0,112.0,0.0,121.0,56.0,1.0,True,6.0,9.0,0.0,False,15.0,0.0,False,0
43840,Continental Championship,2019.0,574038.0,M,East Asia,Middle school,0-35,Middle,False,0.0,False,0.0,False,599.0,921.0,0.0,925.0,56.0,207.0,False,11.0,192.0,0.0,False,105.0,3.0,True,1
35134,World Championship,2021.0,633123.0,F,South America,High school,0-35,Middle,True,0.0,False,,False,25.0,16.0,0.0,0.0,9.0,80.0,False,0.0,0.0,0.0,False,0.0,0.0,False,1
36702,World Championship,2022.0,638228.0,F,Central Asia,Middle school,35-55,Low,False,0.0,False,,False,153.0,314.0,2.0,152.0,23.0,96.0,False,0.0,0.0,0.0,False,0.0,0.0,True,1
54544,Federation League,2022.0,474246.0,M,Oceania,Middle school,0-35,Low,False,2.0,False,0.0,False,92.0,49.0,12.0,92.0,8.0,0.0,False,0.0,0.0,0.0,False,1.0,0.0,True,0
50376,Local Match,2022.0,419081.0,F,Northern Africa,High school,0-35,Low,False,0.0,False,30.0,False,68.0,333.0,0.0,75.0,82.0,78.0,True,0.0,15.0,0.0,False,5.0,0.0,True,0
38698,Continental Championship,2022.0,685804.0,M,Central Asia,University Degree,35-55,Middle-Low,False,0.0,False,0.0,False,80.0,,0.0,50.0,8.0,5.0,False,2.0,12.0,0.0,False,2.0,0.0,False,0
76619,National Cup,2022.0,679959.0,M,Southern Africa,University Degree,0-35,High,False,0.0,False,60.0,False,127.0,44.0,0.0,4.0,15.0,473.0,False,0.0,0.0,0.0,False,3.0,0.0,True,1
14569,National Cup,2021.0,535682.0,M,Central America,Middle school,0-35,Middle,False,0.0,False,,False,12.0,0.0,0.0,0.0,0.0,55.0,False,0.0,0.0,0.0,False,0.0,0.0,False,0
97645,Local Match,2020.0,558262.0,M,East Asia,High school,0-35,Middle-High,False,0.0,False,90.0,False,55.0,179.0,0.0,96.0,56.0,0.0,False,0.0,0.0,0.0,False,8.0,31.0,True,0
47876,Local Match,2020.0,529366.0,M,Eastern Europe,Middle school,0-35,Middle-Low,False,0.0,False,90.0,False,404.0,2107.0,0.0,649.0,412.0,676.0,False,0.0,32.0,35.0,False,107.0,35.0,True,1
33332,National Cup,2022.0,541482.0,M,Western Europe,Middle school,0-35,Low,False,0.0,False,0.0,False,213.0,276.0,0.0,23.0,232.0,382.0,False,2.0,0.0,0.0,False,2.0,0.0,False,0
26188,World Championship,2021.0,614571.0,F,Western Europe,Middle school,0-35,Middle-Low,False,0.0,False,,False,109.0,205.0,5.0,24.0,37.0,225.0,False,0.0,0.0,0.0,False,0.0,0.0,True,1
65800,World Championship,2019.0,576455.0,F,South America,High school,35-55,Low,False,0.0,False,,False,,41.0,3.0,26.0,22.0,19.0,False,0.0,0.0,,False,0.0,0.0,True,0
72410,Regional Tournament,2022.0,644069.0,F,North America,High school,0-35,Middle-Low,False,0.0,False,0.0,False,108.0,256.0,1.0,16.0,16.0,95.0,False,7.0,0.0,0.0,False,0.0,0.0,True,1
93197,Federation League,2019.0,600635.0,F,East Asia,High school,0-35,High,False,0.0,False,60.0,False,583.0,288.0,6.0,645.0,334.0,32.0,False,28.0,114.0,0.0,False,53.0,0.0,True,1
49857,Regional Tournament,2020.0,418325.0,F,Southern Europe,Middle school,,Low,False,0.0,False,0.0,False,280.0,28.0,2.0,1214.0,54.0,118.0,False,0.0,0.0,0.0,False,2.0,0.0,True,1
74261,Local Match,2022.0,617783.0,M,Central Asia,University Degree,0-35,Low,False,0.0,False,0.0,False,253.0,279.0,1.0,335.0,204.0,344.0,True,24.0,0.0,0.0,False,19.0,0.0,True,0
59811,Federation League,2022.0,682813.0,M,Northern Africa,High school,0-35,Middle-Low,False,0.0,False,30.0,False,162.0,98.0,0.0,53.0,12.0,4.0,False,0.0,0.0,0.0,False,3.0,0.0,True,0
71953,Olympic Games,2019.0,1686521.0,F,Northern Africa,Middle school,35-55,Middle,False,0.0,False,0.0,False,178.0,259.0,0.0,83.0,83.0,0.0,False,0.0,0.0,0.0,False,40.0,0.0,True,0
90344,Federation League,2020.0,539209.0,F,Western Europe,High school,35-55,High,False,0.0,False,0.0,False,664.0,342.0,2.0,226.0,644.0,81.0,False,0.0,382.0,0.0,False,211.0,112.0,False,1
11827,Local Match,2021.0,74524.0,F,Central Asia,Middle school,35-55,Middle-High,True,0.0,False,60.0,False,16.0,44.0,0.0,6.0,27.0,3.0,False,0.0,0.0,0.0,False,0.0,0.0,False,0
61813,National Cup,2022.0,631117.0,M,South Asia,University Degree,35-55,High,False,,False,,False,445.0,209.0,0.0,143.0,169.0,2189.0,False,0.0,0.0,0.0,False,33.0,0.0,True,1
80396,Local Match,2020.0,285391.0,M,South America,High school,0-35,Middle-High,False,0.0,False,0.0,False,127.0,1010.0,0.0,148.0,207.0,760.0,False,,0.0,0.0,False,16.0,4.0,True,1
52118,World Championship,2019.0,582226.0,F,South Asia,High school,0-35,High,False,0.0,False,,False,161.0,684.0,3.0,71.0,29.0,128.0,False,0.0,0.0,0.0,False,0.0,0.0,True,1
15543,Local Match,2019.0,569807.0,M,Southern Europe,High school,0-35,Middle-Low,False,0.0,False,0.0,False,38.0,33.0,0.0,77.0,27.0,4.0,False,1.0,7.0,0.0,False,5.0,0.0,False,0
81888,National Cup,2021.0,615229.0,M,Southern Europe,High school,0-35,Low,True,0.0,False,0.0,False,265.0,1940.0,0.0,113.0,,949.0,False,16.0,0.0,0.0,False,9.0,0.0,False,1
88269,Regional Tournament,2020.0,534151.0,F,South Asia,Middle school,0-35,Middle,False,0.0,False,60.0,False,34.0,6.0,0.0,6.0,15.0,19.0,False,0.0,0.0,0.0,False,10.0,0.0,True,0
25512,Federation League,2019.0,173004.0,F,Southern Africa,University Degree,0-35,High,False,1.0,False,30.0,False,60.0,14.0,0.0,60.0,19.0,1.0,False,2.0,0.0,0.0,False,0.0,0.0,True,0
36375,World Championship,2021.0,616457.0,F,Central Asia,High school,0-35,High,False,0.0,False,,False,42.0,82.0,0.0,39.0,2.0,139.0,False,0.0,0.0,0.0,False,0.0,0.0,True,1
10167,Regional Tournament,2021.0,487002.0,F,Oceania,High school,0-35,Middle-Low,False,0.0,False,120.0,False,325.0,229.0,1.0,558.0,141.0,115.0,False,1.0,0.0,0.0,False,54.0,0.0,False,1
94939,Olympic Games,2019.0,192183.0,F,Middle East,Middle school,0-35,High,False,0.0,False,0.0,False,698.0,1834.0,0.0,299.0,214.0,0.0,False,0.0,0.0,0.0,False,156.0,18.0,False,1
35612,National Cup,2022.0,654646.0,M,East Asia,Middle school,0-35,High,False,0.0,False,,False,126.0,50.0,0.0,538.0,126.0,1418.0,False,,0.0,0.0,False,19.0,0.0,False,1
11354,World Championship,2022.0,410043.0,F,South America,Post Graduate,35-55,Low,False,0.0,True,,False,69.0,83.0,0.0,31.0,21.0,0.0,False,0.0,0.0,0.0,False,0.0,0.0,True,0
63454,Continental Championship,2021.0,632883.0,,Central America,Middle school,0-35,High,False,0.0,False,,False,178.0,443.0,0.0,261.0,10.0,173.0,False,2.0,103.0,0.0,False,31.0,0.0,True,1
48780,Regional Tournament,2020.0,511306.0,F,South America,Middle school,0-35,Middle,False,0.0,False,0.0,False,2059.0,51.0,5.0,5206.0,100.0,145.0,False,0.0,0.0,0.0,False,22.0,3.0,True,1
86427,Continental Championship,2019.0,1995239.0,M,South Asia,Middle school,35-55,High,False,0.0,False,0.0,False,540.0,1265.0,0.0,383.0,29.0,124.0,False,11.0,46.0,0.0,False,77.0,12.0,False,0
64304,National Cup,2022.0,256680.0,F,East Asia,High school,0-35,High,True,0.0,False,0.0,False,51.0,6.0,0.0,50.0,16.0,157.0,False,0.0,0.0,0.0,False,2.0,0.0,False,0
93288,Continental Championship,2019.0,585837.0,M,Central Asia,High school,0-35,Middle,False,0.0,False,0.0,False,315.0,1075.0,0.0,75.0,19.0,187.0,False,0.0,335.0,0.0,False,38.0,8.0,True,1
55229,National Cup,2021.0,491170.0,M,South America,High school,0-35,Low,False,0.0,False,,False,132.0,78.0,0.0,44.0,70.0,42.0,False,0.0,0.0,0.0,False,10.0,0.0,False,0
58114,Regional Tournament,2022.0,678444.0,F,Southern Africa,Middle school,35-55,Middle,False,0.0,False,0.0,False,22.0,32.0,0.0,0.0,18.0,1.0,False,0.0,0.0,0.0,False,0.0,0.0,True,0
66841,Regional Tournament,2021.0,621937.0,F,South America,High school,35-55,Low,False,0.0,False,0.0,False,14.0,0.0,0.0,0.0,1.0,1.0,False,0.0,0.0,0.0,False,4.0,0.0,True,0
61687,Local Match,2019.0,498898.0,F,East Asia,Middle school,0-35,Middle,False,0.0,False,60.0,False,440.0,1129.0,0.0,445.0,375.0,3867.0,False,11.0,15.0,11.0,False,21.0,1.0,True,0
93175,Federation League,2022.0,2646737.0,F,East Asia,Middle school,0-35,High,True,2.0,False,90.0,False,113.0,124.0,0.0,134.0,84.0,0.0,False,8.0,0.0,0.0,False,7.0,0.0,True,0
16998,Local Match,2019.0,604583.0,M,North America,High school,0-35,Middle-Low,False,0.0,False,0.0,False,371.0,879.0,0.0,247.0,249.0,239.0,False,5.0,33.0,9.0,False,20.0,8.0,True,0
33170,Local Match,2022.0,85241.0,M,Middle East,Middle school,0-35,Middle,True,0.0,False,60.0,False,49.0,77.0,0.0,45.0,33.0,0.0,False,0.0,0.0,0.0,False,0.0,0.0,True,0
71361,Federation League,2019.0,582160.0,F,Western Europe,High school,0-35,High,False,0.0,False,0.0,False,160.0,212.0,0.0,213.0,59.0,2.0,False,5.0,23.0,0.0,False,9.0,0.0,True,0
81660,,2020.0,524466.0,M,East Asia,High school,0-35,Middle-High,False,1.0,False,90.0,False,366.0,962.0,0.0,52.0,320.0,1133.0,False,0.0,2.0,0.0,False,27.0,20.0,True,1
29454,World Championship,2021.0,621923.0,F,Middle East,High school,0-35,High,False,0.0,False,,False,102.0,181.0,1.0,4.0,29.0,126.0,False,0.0,0.0,0.0,False,0.0,0.0,True,1
11198,Regional Tournament,2019.0,572918.0,F,East Asia,High school,0-35,High,False,0.0,False,60.0,False,80.0,13.0,0.0,70.0,18.0,53.0,False,0.0,0.0,0.0,False,6.0,0.0,False,0
97836,Federation League,2019.0,608923.0,M,Western Europe,Middle school,0-35,Low,False,0.0,False,60.0,False,189.0,239.0,0.0,41.0,178.0,11.0,False,1.0,69.0,0.0,False,17.0,0.0,True,1
29651,Regional Tournament,2021.0,613170.0,F,Middle East,Middle school,0-35,High,False,0.0,False,0.0,False,153.0,21.0,0.0,274.0,12.0,85.0,False,0.0,0.0,0.0,False,10.0,0.0,False,1
69714,National Cup,2021.0,187435.0,F,East Asia,Middle school,35-55,Middle,False,0.0,False,30.0,False,295.0,256.0,0.0,359.0,281.0,652.0,False,,0.0,0.0,False,8.0,0.0,False,1
51088,Regional Tournament,2022.0,637370.0,F,North America,High school,35-55,Middle-Low,False,0.0,False,0.0,False,193.0,927.0,4.0,25.0,38.0,154.0,False,9.0,0.0,6.0,False,0.0,0.0,True,1
99419,Regional Tournament,2021.0,570437.0,F,North America,High school,35-55,Low,True,0.0,False,0.0,False,1268.0,479.0,1.0,2604.0,241.0,173.0,False,0.0,0.0,0.0,False,179.0,0.0,False,1
92991,Regional Tournament,2020.0,545480.0,F,South America,High school,35-55,Low,False,0.0,False,0.0,False,235.0,55.0,0.0,332.0,70.0,72.0,False,0.0,0.0,0.0,False,13.0,0.0,False,0
36013,Federation League,2020.0,555765.0,M,East Asia,High school,0-35,High,False,0.0,False,0.0,False,85.0,85.0,0.0,48.0,56.0,9.0,False,0.0,17.0,0.0,False,9.0,1.0,False,0
16054,National Cup,2022.0,679386.0,M,Middle East,Middle school,0-35,Middle-High,False,0.0,False,60.0,False,124.0,118.0,0.0,19.0,48.0,360.0,False,1.0,0.0,0.0,False,3.0,0.0,False,1
95761,Regional Tournament,2021.0,623845.0,F,Middle East,High school,35-55,Middle-High,False,0.0,False,0.0,False,145.0,43.0,1.0,200.0,37.0,70.0,False,0.0,0.0,0.0,False,59.0,0.0,False,1
66167,Continental Championship,2022.0,62034.0,M,Eastern Europe,Middle school,0-35,Middle,False,0.0,False,0.0,False,387.0,398.0,0.0,628.0,95.0,96.0,False,8.0,201.0,0.0,False,76.0,0.0,True,1
36864,Local Match,2020.0,480960.0,F,South America,High school,0-35,High,False,1.0,False,90.0,False,649.0,1698.0,0.0,470.0,409.0,747.0,False,0.0,34.0,38.0,False,45.0,80.0,True,1
65667,Federation League,2019.0,317096.0,F,South America,High school,0-35,Middle,False,0.0,False,30.0,False,249.0,210.0,1.0,23.0,296.0,2.0,False,1.0,9.0,0.0,False,19.0,0.0,True,1
93230,Local Match,2019.0,132453.0,M,Central Asia,High school,0-35,High,False,0.0,False,0.0,,149.0,483.0,0.0,96.0,307.0,598.0,False,3.0,6.0,0.0,False,13.0,0.0,True,1
10955,Federation League,2020.0,548473.0,M,Southern Africa,Middle school,35-55,High,False,0.0,False,0.0,False,395.0,350.0,0.0,429.0,342.0,56.0,False,0.0,110.0,0.0,False,29.0,65.0,False,0
14117,Olympic Games,2019.0,1105478.0,M,North America,University Degree,55<=,High,False,0.0,False,0.0,False,409.0,781.0,0.0,286.0,183.0,,False,6.0,0.0,0.0,False,30.0,0.0,False,1
98355,Local Match,2019.0,371869.0,M,Central America,University Degree,35-55,Middle,False,0.0,False,140.0,True,2604.0,972.0,0.0,4181.0,358.0,752.0,False,0.0,3.0,0.0,False,10.0,1.0,True,1
54185,Regional Tournament,2019.0,509390.0,F,East Asia,High school,0-35,High,True,1.0,False,60.0,False,16.0,0.0,0.0,0.0,0.0,20.0,False,0.0,0.0,0.0,False,7.0,0.0,True,0
67805,Federation League,2021.0,561913.0,M,North America,University Degree,35-55,Low,False,0.0,False,0.0,False,364.0,,0.0,354.0,359.0,7.0,False,13.0,52.0,0.0,False,21.0,0.0,True,1
26116,Federation League,2019.0,598089.0,F,East Asia,Middle school,,Middle-Low,False,0.0,False,0.0,False,110.0,66.0,0.0,0.0,91.0,26.0,False,4.0,14.0,0.0,False,4.0,0.0,False,0
92582,Local Match,2019.0,573901.0,M,Southern Africa,University Degree,0-35,High,False,0.0,False,0.0,False,80.0,103.0,0.0,107.0,60.0,92.0,False,3.0,4.0,7.0,False,7.0,0.0,True,0
89363,Local Match,2019.0,577605.0,M,North America,High school,0-35,Middle-High,False,0.0,False,60.0,True,121.0,496.0,0.0,26.0,158.0,556.0,False,0.0,4.0,0.0,False,4.0,26.0,True,1
45784,National Cup,2022.0,632134.0,M,Southern Europe,High school,35-55,Middle-Low,False,1.0,False,,False,1.0,0.0,0.0,0.0,0.0,0.0,False,0.0,0.0,0.0,False,0.0,0.0,True,0
23616,Federation League,2022.0,58731.0,F,Middle East,High school,0-35,Middle,True,1.0,True,50.0,False,50.0,74.0,8.0,0.0,41.0,1.0,False,0.0,0.0,0.0,False,3.0,0.0,False,1
52186,Local Match,2022.0,695251.0,M,Southern Africa,University Degree,0-35,High,False,0.0,False,0.0,False,106.0,172.0,0.0,151.0,89.0,,True,3.0,19.0,0.0,False,9.0,0.0,True,0
13746,Federation League,2019.0,585210.0,M,South America,High school,0-35,Middle-Low,True,0.0,False,0.0,False,61.0,58.0,0.0,37.0,61.0,2.0,False,0.0,32.0,0.0,False,4.0,0.0,False,0
55134,Regional Tournament,2021.0,620427.0,F,Southern Europe,High school,35-55,High,False,0.0,False,0.0,False,317.0,65.0,4.0,1263.0,47.0,95.0,False,0.0,0.0,0.0,False,18.0,0.0,False,1
76137,Local Match,2022.0,629522.0,M,East Asia,Middle school,35-55,High,False,1.0,False,0.0,False,139.0,130.0,0.0,209.0,100.0,533.0,False,2.0,0.0,7.0,False,4.0,0.0,True,0
28201,Federation League,2020.0,397405.0,M,Eastern Europe,University Degree,0-35,Middle-Low,False,0.0,False,0.0,False,335.0,165.0,0.0,201.0,170.0,8.0,False,0.0,153.0,0.0,False,70.0,16.0,False,1
84272,Local Match,2019.0,577396.0,M,Eastern Europe,Middle school,0-35,Middle-High,False,0.0,False,0.0,False,294.0,389.0,0.0,432.0,190.0,604.0,False,8.0,15.0,3.0,False,8.0,0.0,True,0
53258,World Championship,2022.0,121182.0,M,Northern Africa,High school,0-35,Middle-Low,False,0.0,False,,False,18.0,27.0,0.0,0.0,3.0,44.0,False,0.0,0.0,0.0,False,0.0,0.0,True,1
45924,World Championship,2021.0,612002.0,F,Middle East,High school,35-55,Middle,False,0.0,False,,False,146.0,407.0,2.0,91.0,33.0,144.0,False,0.0,0.0,0.0,False,0.0,0.0,True,1
19744,Regional Tournament,2019.0,577659.0,F,Southern Africa,Middle school,0-35,High,False,0.0,False,0.0,False,23.0,14.0,4.0,43.0,26.0,2.0,False,0.0,0.0,0.0,False,5.0,0.0,False,0
13644,World Championship,2021.0,622500.0,M,Western Europe,High school,0-35,High,True,0.0,False,,False,261.0,366.0,17.0,1664.0,45.0,121.0,False,0.0,0.0,0.0,False,0.0,0.0,True,1
75278,Regional Tournament,2019.0,282785.0,F,Southern Africa,Middle school,0-35,Middle,False,1.0,False,0.0,False,19.0,0.0,0.0,18.0,4.0,30.0,False,2.0,0.0,0.0,False,1.0,0.0,False,0
60321,National Cup,2022.0,649592.0,M,Southern Africa,High school,0-35,Middle-High,False,0.0,False,0.0,False,176.0,76.0,0.0,169.0,120.0,330.0,False,0.0,0.0,0.0,False,5.0,0.0,False,1
36071,Olympic Games,2019.0,365642.0,M,Western Europe,,35-55,Low,False,0.0,False,0.0,False,719.0,779.0,1.0,472.0,121.0,0.0,False,0.0,0.0,0.0,False,32.0,5.0,True,1
21745,Federation League,2020.0,509634.0,M,Western Europe,Middle school,0-35,Middle-High,True,1.0,False,140.0,False,269.0,122.0,0.0,123.0,263.0,15.0,False,0.0,23.0,0.0,False,20.0,0.0,False,0
48293,Local Match,2021.0,626259.0,M,South Asia,High school,0-35,High,False,0.0,False,0.0,True,59.0,437.0,0.0,13.0,107.0,652.0,False,0.0,0.0,0.0,False,3.0,0.0,True,1
22396,Local Match,2020.0,540577.0,M,Middle East,High school,0-35,High,False,0.0,False,60.0,False,375.0,1088.0,0.0,105.0,217.0,805.0,False,0.0,24.0,0.0,False,27.0,20.0,True,1
66362,Local Match,2020.0,68208.0,M,North America,University Degree,35-55,Middle-High,False,2.0,False,140.0,False,1206.0,2904.0,0.0,660.0,954.0,1395.0,False,0.0,132.0,25.0,False,123.0,68.0,True,0
69967,Local Match,2021.0,630013.0,M,Eastern Europe,High school,0-35,Middle,False,0.0,False,0.0,True,261.0,786.0,0.0,169.0,415.0,644.0,False,0.0,0.0,0.0,False,11.0,0.0,True,1
50410,Regional Tournament,2021.0,89092.0,F,Central America,Middle school,0-35,Middle,False,2.0,False,0.0,False,21.0,23.0,0.0,29.0,28.0,78.0,False,0.0,0.0,0.0,False,,0.0,True,1
95647,Regional Tournament,2022.0,2228010.0,F,North America,Middle school,35-55,Middle,False,0.0,False,0.0,False,272.0,597.0,27.0,764.0,57.0,330.0,False,4.0,0.0,0.0,False,1.0,0.0,True,1
21662,National Cup,2022.0,465764.0,F,Central Asia,Middle school,35-55,Middle-Low,True,1.0,False,0.0,False,27.0,38.0,0.0,10.0,4.0,39.0,False,0.0,0.0,0.0,False,1.0,0.0,False,0
15833,Federation League,2022.0,134243.0,F,Western Europe,High school,0-35,High,False,0.0,False,30.0,False,673.0,304.0,32.0,809.0,336.0,31.0,False,37.0,0.0,0.0,False,53.0,0.0,True,1
23697,Local Match,2019.0,515888.0,M,Central Asia,Middle school,0-35,High,False,0.0,False,30.0,True,960.0,1187.0,0.0,623.0,442.0,1102.0,False,3.0,27.0,1.0,False,58.0,0.0,True,1
33209,Regional Tournament,2022.0,692215.0,F,Eastern Europe,University Degree,0-35,Low,False,0.0,False,60.0,False,257.0,1386.0,5.0,11.0,56.0,226.0,False,18.0,0.0,13.0,False,1.0,0.0,True,1
46064,Regional Tournament,2019.0,556175.0,M,Central America,Middle school,35-55,Low,False,1.0,False,0.0,False,53.0,15.0,0.0,48.0,5.0,92.0,False,2.0,0.0,0.0,False,10.0,0.0,False,1
70525,Federation League,2019.0,574088.0,M,Southern Africa,High school,0-35,Low,False,0.0,False,,False,334.0,154.0,0.0,151.0,250.0,22.0,False,15.0,52.0,0.0,False,50.0,0.0,True,1
97331,Federation League,2020.0,516398.0,M,South Asia,University Degree,35-55,High,False,0.0,False,0.0,False,260.0,248.0,2.0,102.0,313.0,46.0,False,0.0,70.0,0.0,False,65.0,24.0,False,1
30131,Regional Tournament,2021.0,537077.0,F,Eastern Europe,High school,0-35,High,False,0.0,False,0.0,False,41.0,28.0,0.0,1.0,28.0,78.0,False,2.0,0.0,0.0,False,1.0,0.0,False,1
61563,Regional Tournament,2022.0,687421.0,F,Central Asia,Middle school,35-55,Low,False,0.0,False,0.0,False,480.0,2146.0,8.0,50.0,106.0,301.0,False,33.0,0.0,12.0,False,11.0,0.0,True,1
59803,Continental Championship,2022.0,158708.0,M,Western Europe,University Degree,0-35,High,False,0.0,False,,False,309.0,740.0,0.0,101.0,85.0,248.0,False,1.0,156.0,0.0,False,40.0,0.0,True,1
28847,Federation League,2022.0,1986180.0,M,Southern Africa,Post Graduate,35-55,High,False,0.0,False,0.0,False,164.0,128.0,4.0,28.0,112.0,6.0,False,13.0,0.0,0.0,False,22.0,0.0,True,1
24213,Local Match,2020.0,508749.0,M,Middle East,Middle school,0-35,Low,False,1.0,False,60.0,False,66.0,328.0,0.0,11.0,65.0,61.0,False,0.0,21.0,1.0,False,4.0,0.0,True,0
50562,Regional Tournament,2020.0,558040.0,F,Southern Europe,High school,0-35,Middle-Low,False,0.0,False,60.0,False,95.0,47.0,1.0,108.0,56.0,66.0,False,0.0,0.0,0.0,False,14.0,1.0,False,1
84057,Regional Tournament,2021.0,628511.0,F,Northern Africa,High school,0-35,Middle-Low,False,0.0,False,0.0,False,72.0,32.0,0.0,56.0,41.0,56.0,False,0.0,0.0,0.0,False,10.0,0.0,False,0
70560,Regional Tournament,2021.0,172137.0,F,Central America,High school,35-55,High,False,0.0,False,0.0,False,506.0,94.0,0.0,1260.0,72.0,112.0,False,0.0,0.0,0.0,False,51.0,,False,1
62166,Local Match,2021.0,594909.0,M,Northern Africa,High school,0-35,Middle,False,0.0,False,0.0,True,189.0,1089.0,0.0,81.0,203.0,530.0,False,0.0,21.0,3.0,False,21.0,1.0,False,1
56388,Regional Tournament,2019.0,583433.0,F,North America,University Degree,35-55,High,False,0.0,False,0.0,False,616.0,220.0,16.0,2349.0,196.0,111.0,False,1.0,0.0,0.0,False,58.0,0.0,False,1
46483,Regional Tournament,2019.0,595509.0,M,East Asia,High school,0-35,Middle-Low,False,0.0,False,60.0,False,5.0,1.0,0.0,19.0,1.0,13.0,False,0.0,0.0,0.0,False,2.0,0.0,False,0
50601,Continental Championship,2022.0,691701.0,M,Northern Africa,High school,0-35,Low,False,0.0,,,False,43.0,804.0,0.0,50.0,12.0,104.0,False,4.0,32.0,0.0,False,9.0,0.0,False,0
54561,World Championship,2019.0,607827.0,M,Northern Africa,University Degree,35-55,Middle,False,0.0,False,,False,,66.0,0.0,156.0,17.0,0.0,False,0.0,0.0,0.0,False,0.0,0.0,True,0
78973,World Championship,2019.0,600081.0,F,Eastern Europe,Middle school,0-35,Middle,False,0.0,False,,False,151.0,260.0,0.0,105.0,10.0,81.0,False,0.0,0.0,0.0,False,0.0,0.0,False,1
93935,Federation League,2019.0,599068.0,M,Central Asia,University Degree,0-35,Middle-High,False,0.0,False,0.0,False,390.0,148.0,0.0,260.0,327.0,33.0,False,0.0,57.0,0.0,False,66.0,0.0,True,1
65448,Regional Tournament,2019.0,597790.0,F,Southern Europe,University Degree,35-55,Middle,False,0.0,False,60.0,False,261.0,68.0,4.0,1173.0,80.0,102.0,False,1.0,0.0,0.0,False,20.0,0.0,False,1
80648,Local Match,2020.0,520360.0,F,East Asia,University Degree,35-55,Middle,False,0.0,False,60.0,False,173.0,319.0,0.0,407.0,212.0,12.0,False,0.0,2.0,0.0,False,24.0,16.0,True,0
74903,Federation League,2019.0,589584.0,M,Eastern Europe,High school,0-35,Low,False,0.0,False,0.0,False,99.0,172.0,0.0,13.0,38.0,2.0,False,0.0,14.0,0.0,False,9.0,0.0,False,0
23909,Federation League,2021.0,610326.0,M,Southern Europe,Middle school,35-55,Low,True,0.0,False,0.0,False,341.0,209.0,20.0,167.0,171.0,2.0,False,11.0,92.0,0.0,False,20.0,0.0,True,1
52268,Federation League,2019.0,602404.0,F,Oceania,High school,0-35,High,True,0.0,False,0.0,False,240.0,347.0,1.0,104.0,179.0,8.0,False,13.0,93.0,0.0,False,14.0,0.0,True,1
54553,Local Match,2019.0,586784.0,F,Western Europe,High school,0-35,Middle-Low,True,0.0,False,60.0,True,550.0,1445.0,0.0,335.0,358.0,615.0,False,3.0,21.0,3.0,False,42.0,3.0,True,1
79200,Local Match,2019.0,601583.0,M,Northern Africa,High school,0-35,Low,False,0.0,False,60.0,True,289.0,2062.0,0.0,179.0,326.0,519.0,False,0.0,39.0,43.0,False,29.0,40.0,True,1
72742,Local Match,2020.0,234196.0,M,Western Europe,High school,0-35,Middle,False,0.0,False,30.0,False,34.0,30.0,0.0,32.0,19.0,0.0,False,0.0,0.0,0.0,False,2.0,0.0,False,0
29884,Regional Tournament,2022.0,688513.0,F,Northern Africa,High school,0-35,Middle,False,0.0,False,0.0,False,274.0,621.0,6.0,396.0,32.0,47.0,False,8.0,0.0,3.0,False,2.0,0.0,False,1
76083,Local Match,2019.0,608737.0,M,Northern Africa,High school,35-55,Middle-Low,True,0.0,False,30.0,True,206.0,466.0,0.0,177.0,227.0,848.0,False,15.0,6.0,5.0,False,17.0,0.0,True,0
31737,Regional Tournament,2022.0,430530.0,F,East Asia,Middle school,0-35,Middle,False,0.0,False,0.0,False,59.0,234.0,0.0,59.0,13.0,80.0,False,0.0,0.0,0.0,False,1.0,0.0,True,0
73001,Regional Tournament,2021.0,625251.0,F,Northern Africa,Middle school,0-35,High,False,0.0,False,0.0,False,136.0,19.0,0.0,648.0,12.0,87.0,False,0.0,0.0,0.0,False,4.0,0.0,False,1
97862,Local Match,2019.0,576281.0,M,Central Asia,Middle school,0-35,High,False,0.0,False,30.0,False,32.0,51.0,0.0,25.0,34.0,71.0,False,3.0,0.0,0.0,False,2.0,0.0,True,0
84311,Continental Championship,2019.0,586962.0,M,East Asia,High school,0-35,High,False,0.0,False,30.0,False,421.0,888.0,0.0,741.0,21.0,325.0,False,5.0,568.0,0.0,False,54.0,4.0,True,1
85680,Regional Tournament,2022.0,2426442.0,F,South Asia,High school,35-55,Low,False,0.0,False,0.0,False,59.0,102.0,0.0,27.0,21.0,0.0,False,2.0,0.0,0.0,False,0.0,0.0,True,0
90788,Local Match,2021.0,525874.0,M,Northern Africa,Middle school,0-35,Low,False,1.0,False,120.0,False,66.0,86.0,0.0,100.0,65.0,56.0,False,5.0,0.0,0.0,False,19.0,0.0,True,0
24011,World Championship,2022.0,685575.0,F,Western Europe,Middle school,35-55,High,False,0.0,False,,False,93.0,359.0,0.0,21.0,29.0,164.0,False,0.0,0.0,0.0,False,0.0,0.0,True,1
83716,Federation League,2021.0,631749.0,M,,Middle school,0-35,High,False,0.0,False,0.0,False,77.0,24.0,0.0,37.0,13.0,2.0,False,2.0,8.0,0.0,False,2.0,0.0,False,0
70222,Local Match,2022.0,589798.0,M,Western Europe,Middle school,0-35,Middle-Low,False,1.0,False,140.0,False,6.0,30.0,0.0,0.0,9.0,0.0,False,0.0,0.0,0.0,False,0.0,0.0,True,0
39004,Local Match,2021.0,629540.0,M,Central America,University Degree,35-55,Low,False,0.0,False,0.0,True,1203.0,3715.0,0.0,984.0,535.0,535.0,False,10.0,134.0,19.0,False,69.0,26.0,True,1
12602,Continental Championship,2019.0,602389.0,F,South America,High school,35-55,Middle,False,0.0,False,0.0,False,167.0,1350.0,0.0,20.0,44.0,270.0,False,1.0,160.0,0.0,False,25.0,22.0,False,0
20517,Continental Championship,2019.0,607814.0,F,Central Asia,High school,35-55,High,False,0.0,False,0.0,False,92.0,263.0,0.0,43.0,8.0,123.0,False,0.0,0.0,0.0,False,23.0,2.0,False,0
42503,World Championship,2019.0,601126.0,M,Southern Europe,University Degree,0-35,Middle,False,0.0,False,,False,85.0,179.0,0.0,26.0,10.0,80.0,False,0.0,,0.0,False,0.0,0.0,True,1
46047,Local Match,2020.0,546329.0,M,Central Asia,High school,0-35,Low,True,0.0,False,0.0,False,243.0,479.0,0.0,139.0,248.0,728.0,False,0.0,7.0,0.0,False,29.0,37.0,True,0
16169,Federation League,2019.0,575385.0,M,North America,University Degree,0-35,Middle,False,0.0,False,60.0,False,203.0,69.0,0.0,86.0,156.0,21.0,False,5.0,17.0,0.0,False,9.0,0.0,True,1
98441,Local Match,2019.0,508942.0,M,East Asia,Middle school,0-35,Low,True,0.0,False,120.0,True,1793.0,2005.0,5.0,2198.0,934.0,3741.0,False,2.0,15.0,10.0,True,106.0,4.0,True,0
36213,Federation League,2022.0,654110.0,M,North America,Middle school,35-55,High,False,0.0,False,0.0,False,170.0,146.0,0.0,95.0,136.0,2.0,False,47.0,0.0,0.0,False,13.0,0.0,False,1
69412,National Cup,2021.0,227752.0,F,Southern Europe,Middle school,35-55,Low,False,0.0,False,,False,274.0,1185.0,0.0,8.0,136.0,224.0,False,0.0,0.0,0.0,False,3.0,0.0,False,0
33568,Regional Tournament,2021.0,340831.0,M,Eastern Europe,High school,35-55,Middle-Low,False,1.0,True,0.0,False,173.0,55.0,0.0,120.0,55.0,29.0,False,0.0,0.0,0.0,False,3.0,0.0,True,1
23891,Local Match,2022.0,511309.0,M,Central America,High school,0-35,Middle,False,1.0,False,0.0,False,185.0,413.0,0.0,287.0,263.0,673.0,True,0.0,12.0,0.0,False,13.0,0.0,True,1
83064,Local Match,2020.0,269677.0,M,Northern Africa,High school,35-55,High,False,1.0,False,60.0,False,43.0,95.0,0.0,52.0,47.0,75.0,False,0.0,1.0,0.0,False,5.0,7.0,False,0
63555,Local Match,2022.0,599865.0,M,Oceania,High school,35-55,Middle-Low,False,0.0,False,0.0,False,72.0,214.0,0.0,33.0,61.0,0.0,True,4.0,6.0,0.0,False,12.0,0.0,False,0
48445,Local Match,2019.0,586224.0,M,Northern Africa,Middle school,0-35,Low,False,0.0,False,0.0,False,60.0,74.0,0.0,188.0,66.0,235.0,False,0.0,0.0,0.0,False,2.0,0.0,True,0
86113,Local Match,2020.0,497410.0,M,East Asia,High school,0-35,Middle,False,0.0,False,0.0,False,338.0,682.0,0.0,372.0,202.0,527.0,False,0.0,10.0,2.0,False,26.0,25.0,True,1
20287,Regional Tournament,2022.0,605901.0,F,Eastern Europe,High school,0-35,Low,True,0.0,False,0.0,False,54.0,175.0,5.0,0.0,32.0,29.0,False,0.0,0.0,0.0,False,1.0,0.0,False,0
27978,Regional Tournament,2021.0,624604.0,F,North America,High school,35-55,Middle-Low,False,0.0,False,0.0,False,3.0,0.0,0.0,0.0,0.0,16.0,False,0.0,0.0,0.0,False,0.0,0.0,True,0
14975,Regional Tournament,2021.0,393131.0,F,North America,Middle school,0-35,Middle,False,0.0,False,0.0,False,33.0,27.0,0.0,1.0,17.0,30.0,False,0.0,0.0,0.0,False,3.0,0.0,False,0
94773,Local Match,2019.0,570004.0,M,Western Europe,Middle school,0-35,High,True,0.0,False,120.0,False,296.0,344.0,0.0,583.0,152.0,287.0,False,1.0,22.0,4.0,False,15.0,4.0,True,0
38221,Olympic Games,2019.0,116692.0,M,Western Europe,High school,35-55,Middle-High,False,0.0,False,0.0,False,315.0,,0.0,18.0,112.0,0.0,False,0.0,0.0,0.0,False,49.0,0.0,True,1
53621,Continental Championship,2021.0,633304.0,M,Northern Africa,Middle school,0-35,Middle-Low,False,0.0,False,,False,171.0,399.0,0.0,78.0,11.0,87.0,False,3.0,25.0,0.0,False,28.0,1.0,False,1
30691,Federation League,2019.0,2639310.0,M,Western Europe,High school,0-35,High,False,0.0,False,30.0,False,812.0,519.0,72.0,578.0,555.0,47.0,False,46.0,181.0,0.0,False,52.0,0.0,True,1
91920,Federation League,2020.0,531047.0,M,Middle East,Middle school,0-35,High,False,0.0,False,0.0,False,642.0,420.0,1.0,807.0,414.0,34.0,False,0.0,102.0,0.0,False,96.0,14.0,True,1
64675,National Cup,2022.0,575798.0,M,Middle East,High school,0-35,Middle,False,0.0,False,30.0,False,201.0,41.0,0.0,23.0,80.0,453.0,False,0.0,0.0,0.0,False,1.0,0.0,False,1
81871,Local Match,2019.0,550556.0,F,Northern Africa,Middle school,0-35,Low,False,1.0,False,0.0,False,538.0,2256.0,0.0,288.0,547.0,884.0,False,11.0,30.0,11.0,False,26.0,13.0,True,0
15564,Local Match,2019.0,561386.0,M,Northern Africa,Middle school,0-35,High,False,0.0,False,0.0,True,267.0,1582.0,0.0,679.0,243.0,495.0,False,3.0,57.0,34.0,False,32.0,43.0,True,1
28648,Local Match,2022.0,687331.0,M,Central America,,0-35,Low,True,0.0,False,0.0,False,91.0,529.0,0.0,49.0,68.0,135.0,True,0.0,11.0,3.0,False,3.0,0.0,True,0
64778,Local Match,2021.0,407500.0,M,Western Europe,High school,0-35,High,False,1.0,False,0.0,True,344.0,841.0,0.0,776.0,118.0,491.0,False,7.0,27.0,3.0,False,13.0,0.0,True,1
41223,Federation League,2020.0,2532322.0,M,East Asia,High school,35-55,High,True,0.0,False,30.0,False,93.0,80.0,0.0,58.0,136.0,16.0,False,0.0,34.0,0.0,False,22.0,0.0,True,1
80499,Regional Tournament,2022.0,692936.0,F,Central America,Middle school,0-35,Middle-Low,False,0.0,False,0.0,False,29.0,48.0,0.0,3.0,8.0,4.0,False,0.0,0.0,0.0,False,0.0,0.0,False,0
51436,Regional Tournament,2020.0,551938.0,F,South Asia,Middle school,0-35,Low,False,0.0,False,0.0,False,80.0,26.0,0.0,236.0,23.0,63.0,False,0.0,0.0,0.0,False,6.0,0.0,False,1
69809,National Cup,2022.0,1101190.0,M,Northern Africa,University Degree,35-55,Middle-Low,False,0.0,False,0.0,False,116.0,82.0,0.0,42.0,103.0,422.0,False,1.0,0.0,0.0,False,18.0,0.0,False,1
63511,Regional Tournament,2019.0,559382.0,F,Middle East,High school,0-35,High,False,0.0,False,120.0,False,324.0,85.0,0.0,136.0,66.0,78.0,False,1.0,0.0,0.0,False,93.0,0.0,False,1
93389,National Cup,2021.0,69494.0,F,Southern Europe,Elementary school,0-35,Middle-Low,False,0.0,False,20.0,False,198.0,40.0,0.0,10.0,159.0,184.0,False,0.0,0.0,0.0,False,10.0,0.0,False,0
52358,National Cup,2022.0,536825.0,M,Oceania,High school,0-35,Middle,False,0.0,False,,False,10.0,2.0,0.0,3.0,1.0,109.0,False,0.0,0.0,0.0,False,1.0,0.0,False,0
70074,Local Match,2022.0,479939.0,F,South Asia,Elementary school,0-35,High,False,0.0,False,0.0,False,1062.0,5399.0,3.0,386.0,1228.0,1106.0,True,18.0,150.0,21.0,False,108.0,41.0,True,1
92110,Regional Tournament,2022.0,695654.0,F,East Asia,High school,0-35,High,False,0.0,False,0.0,False,56.0,190.0,0.0,4.0,12.0,0.0,False,15.0,0.0,0.0,False,0.0,0.0,False,1
82067,Federation League,2022.0,445429.0,M,South America,Middle school,35-55,Middle-High,False,0.0,False,0.0,False,112.0,272.0,0.0,306.0,155.0,0.0,False,27.0,0.0,0.0,False,28.0,0.0,False,1
85674,Olympic Games,2019.0,155984.0,F,Western Europe,Middle school,0-35,Middle-High,False,0.0,False,0.0,False,179.0,393.0,0.0,210.0,85.0,0.0,False,2.0,0.0,0.0,False,38.0,1.0,False,0
15187,World Championship,2021.0,541890.0,F,Central Asia,High school,35-55,High,,0.0,False,,False,57.0,54.0,0.0,2.0,22.0,208.0,False,0.0,0.0,0.0,False,0.0,0.0,True,1
61257,Federation League,2020.0,491693.0,M,East Asia,High school,0-35,High,False,1.0,False,60.0,False,164.0,84.0,0.0,127.0,73.0,14.0,False,0.0,20.0,0.0,False,30.0,1.0,False,0
95173,World Championship,2022.0,694782.0,F,Southern Europe,Middle school,35-55,High,False,0.0,False,,False,174.0,301.0,1.0,189.0,36.0,184.0,False,0.0,0.0,0.0,False,0.0,0.0,True,1
92844,World Championship,2022.0,131314.0,M,East Asia,High school,35-55,Middle-Low,False,0.0,False,,False,49.0,143.0,0.0,0.0,4.0,96.0,False,0.0,0.0,,False,0.0,0.0,True,1
27407,National Cup,2022.0,612449.0,M,Western Europe,High school,35-55,High,False,0.0,False,0.0,False,96.0,183.0,0.0,4.0,115.0,52.0,False,7.0,0.0,0.0,False,14.0,0.0,False,0
86389,Regional Tournament,2021.0,634876.0,F,Central America,Middle school,35-55,Middle-Low,False,0.0,False,0.0,False,90.0,35.0,0.0,524.0,68.0,80.0,False,0.0,0.0,0.0,False,11.0,0.0,False,1
65073,Federation League,2019.0,507115.0,M,Southern Africa,High school,0-35,Middle,False,0.0,False,60.0,False,59.0,31.0,0.0,29.0,38.0,3.0,False,2.0,2.0,0.0,False,3.0,0.0,False,0
64749,Local Match,2020.0,553425.0,M,Western Europe,High school,35-55,High,False,0.0,False,0.0,False,228.0,660.0,0.0,89.0,157.0,598.0,False,0.0,2.0,3.0,False,23.0,5.0,True,1
77699,Regional Tournament,2022.0,600664.0,F,Southern Europe,Middle school,0-35,Low,False,0.0,False,0.0,False,154.0,308.0,0.0,495.0,10.0,0.0,False,0.0,0.0,0.0,False,0.0,0.0,True,1
89037,Local Match,2022.0,396907.0,M,South America,Middle school,0-35,Middle-High,False,1.0,False,0.0,False,319.0,985.0,0.0,382.0,321.0,1038.0,True,10.0,10.0,3.0,False,16.0,0.0,True,0
26964,Continental Championship,2021.0,474674.0,F,Central Asia,Middle school,0-35,Middle-Low,False,0.0,False,120.0,False,31.0,103.0,0.0,0.0,1.0,1.0,False,0.0,0.0,0.0,False,8.0,0.0,False,0
17669,National Cup,2021.0,631075.0,M,North America,High school,0-35,High,False,0.0,False,30.0,False,170.0,46.0,0.0,101.0,22.0,142.0,False,0.0,0.0,0.0,False,2.0,0.0,False,0
38431,World Championship,2021.0,613683.0,F,East Asia,High school,0-35,Middle-High,False,0.0,False,,False,70.0,170.0,0.0,0.0,10.0,78.0,False,0.0,0.0,0.0,False,0.0,0.0,True,1
14959,National Cup,,537654.0,M,South Asia,High school,0-35,Middle,True,0.0,False,,False,225.0,300.0,0.0,6.0,222.0,276.0,False,9.0,0.0,0.0,False,3.0,0.0,False,0
94184,Regional Tournament,2022.0,674746.0,F,Western Europe,University Degree,0-35,Middle,False,0.0,False,60.0,False,28.0,137.0,1.0,10.0,6.0,0.0,False,0.0,0.0,0.0,False,1.0,0.0,False,0
47677,World Championship,,620197.0,F,Central Asia,High school,35-55,High,False,0.0,False,,False,258.0,429.0,0.0,52.0,79.0,168.0,False,0.0,0.0,0.0,False,0.0,0.0,True,1
68997,National Cup,2021.0,2620636.0,F,East Asia,High school,0-35,High,True,0.0,False,,False,33.0,13.0,,34.0,26.0,150.0,False,0.0,0.0,0.0,False,3.0,0.0,False,0
99242,Regional Tournament,2020.0,502694.0,F,South Asia,High school,35-55,High,False,0.0,False,0.0,False,387.0,27.0,11.0,1765.0,59.0,78.0,False,0.0,0.0,0.0,False,25.0,0.0,False,1
64702,National Cup,2021.0,633460.0,M,Western Europe,Middle school,0-35,High,False,0.0,False,,False,48.0,32.0,0.0,7.0,25.0,78.0,False,0.0,0.0,0.0,False,3.0,0.0,False,0
27126,Local Match,2019.0,484475.0,M,South Asia,High school,0-35,Low,False,0.0,False,0.0,False,19.0,42.0,0.0,17.0,31.0,52.0,False,0.0,0.0,0.0,False,0.0,0.0,True,0
43127,Regional Tournament,2022.0,280152.0,F,Oceania,High school,0-35,Middle,False,0.0,False,0.0,False,332.0,887.0,6.0,137.0,94.0,92.0,False,25.0,0.0,9.0,False,3.0,0.0,True,1
24573,Regional Tournament,2020.0,561366.0,F,East Asia,Middle school,35-55,Middle-Low,False,,False,0.0,False,47.0,38.0,0.0,246.0,42.0,15.0,False,0.0,0.0,0.0,False,8.0,0.0,False,0
39125,World Championship,2019.0,477650.0,F,Southern Europe,,0-35,Middle-Low,False,0.0,False,,False,51.0,251.0,4.0,0.0,10.0,140.0,False,0.0,0.0,0.0,False,0.0,0.0,True,1
30286,Federation League,2019.0,608284.0,M,Eastern Europe,High school,0-35,Low,False,0.0,False,60.0,False,166.0,83.0,0.0,264.0,40.0,1.0,False,9.0,22.0,0.0,False,8.0,0.0,False,0
43671,Local Match,2022.0,693345.0,F,Southern Africa,University Degree,0-35,High,False,0.0,False,90.0,False,298.0,1964.0,0.0,280.0,291.0,712.0,True,0.0,14.0,6.0,False,38.0,1.0,False,1
50549,Regional Tournament,2022.0,642439.0,F,Southern Africa,Middle school,0-35,High,False,0.0,False,60.0,False,90.0,67.0,0.0,13.0,25.0,0.0,False,6.0,0.0,0.0,False,1.0,0.0,False,0
69444,Federation League,2021.0,600670.0,F,North America,High school,0-35,High,False,0.0,False,0.0,False,314.0,387.0,6.0,311.0,369.0,14.0,False,16.0,55.0,0.0,False,37.0,0.0,True,1
12561,Local Match,2019.0,599816.0,M,Western Europe,University Degree,0-35,High,True,0.0,False,60.0,True,500.0,1113.0,0.0,575.0,237.0,798.0,False,0.0,49.0,12.0,False,25.0,25.0,True,1
78208,World Championship,2019.0,590147.0,F,Central Asia,Middle school,0-35,Low,False,0.0,False,,False,29.0,54.0,0.0,2.0,21.0,100.0,False,0.0,0.0,0.0,,0.0,0.0,True,0
64048,Local Match,2020.0,480984.0,M,South Asia,High school,0-35,High,False,0.0,False,10.0,False,877.0,4525.0,0.0,,1219.0,1000.0,False,0.0,62.0,54.0,False,215.0,76.0,True,1
66148,Regional Tournament,2020.0,152153.0,F,Western Europe,Middle school,0-35,Middle,False,1.0,False,0.0,False,159.0,27.0,0.0,234.0,24.0,49.0,False,0.0,0.0,0.0,False,7.0,0.0,False,0
31468,National Cup,2021.0,627348.0,M,Northern Africa,High school,0-35,High,False,0.0,False,0.0,False,160.0,71.0,0.0,45.0,122.0,540.0,False,0.0,0.0,0.0,False,4.0,0.0,False,1
15741,Regional Tournament,2020.0,2280038.0,M,Southern Europe,Middle school,0-35,Middle,False,2.0,False,0.0,False,13.0,11.0,0.0,52.0,0.0,0.0,False,0.0,0.0,0.0,False,2.0,0.0,False,0
57534,Federation League,2022.0,1082062.0,M,Northern Africa,Middle school,35-55,Middle-Low,True,0.0,False,0.0,False,477.0,121.0,1.0,1653.0,167.0,3.0,False,18.0,0.0,0.0,False,21.0,0.0,True,1
60493,Regional Tournament,2019.0,583708.0,F,Western Europe,High school,35-55,Middle,False,0.0,False,0.0,False,113.0,56.0,0.0,46.0,50.0,64.0,False,0.0,0.0,0.0,False,16.0,0.0,False,1
45006,Local Match,2021.0,537938.0,M,Middle East,High school,0-35,Middle,False,0.0,False,60.0,True,158.0,475.0,0.0,52.0,138.0,770.0,False,0.0,1.0,0.0,False,6.0,0.0,True,1
36651,Regional Tournament,2019.0,563174.0,F,South America,Middle school,0-35,Low,False,0.0,False,0.0,False,14.0,0.0,0.0,0.0,3.0,14.0,False,0.0,0.0,0.0,False,2.0,0.0,False,0
34033,Continental Championship,2019.0,576292.0,M,Central Asia,Middle school,0-35,Low,False,0.0,False,0.0,False,57.0,287.0,0.0,5.0,11.0,3.0,False,0.0,0.0,0.0,False,0.0,5.0,False,0
20191,World Championship,2019.0,531224.0,F,Oceania,Middle school,0-35,High,False,0.0,False,,False,37.0,18.0,0.0,0.0,3.0,115.0,False,0.0,0.0,0.0,False,0.0,0.0,True,1
12456,Regional Tournament,2020.0,548935.0,F,Southern Africa,High school,35-55,Middle-Low,False,0.0,False,0.0,False,391.0,53.0,0.0,681.0,75.0,139.0,False,0.0,0.0,0.0,False,24.0,0.0,False,1
24230,Regional Tournament,2022.0,549775.0,F,South America,Middle school,0-35,Middle-Low,False,0.0,False,120.0,False,201.0,1063.0,4.0,25.0,30.0,144.0,False,1.0,0.0,15.0,False,0.0,0.0,True,1
51393,Local Match,2021.0,2674773.0,M,Western Europe,University Degree,35-55,High,False,0.0,True,30.0,True,387.0,1372.0,24.0,237.0,520.0,557.0,False,5.0,15.0,12.0,False,70.0,20.0,True,1
69781,Local Match,2021.0,622278.0,M,East Asia,Middle school,0-35,Middle-Low,False,0.0,False,30.0,True,178.0,584.0,0.0,48.0,138.0,602.0,False,0.0,0.0,0.0,False,7.0,0.0,True,1
40898,Federation League,2021.0,631945.0,F,Middle East,University Degree,0-35,Middle-Low,False,0.0,False,0.0,False,71.0,139.0,0.0,26.0,70.0,1.0,False,0.0,31.0,0.0,False,8.0,0.0,False,0
25083,National Cup,2022.0,626463.0,M,Western Europe,High school,0-35,High,True,0.0,False,60.0,False,47.0,29.0,0.0,2.0,29.0,144.0,False,0.0,0.0,0.0,False,2.0,0.0,False,1
59404,Local Match,2021.0,494433.0,M,Middle East,High school,0-35,High,False,0.0,False,0.0,True,209.0,926.0,0.0,108.0,187.0,708.0,False,0.0,13.0,0.0,False,3.0,0.0,False,1
34680,Local Match,2021.0,586917.0,F,Northern Africa,Middle school,0-35,Low,False,0.0,False,0.0,True,728.0,1657.0,0.0,495.0,431.0,986.0,False,1.0,33.0,9.0,False,29.0,28.0,True,1
23939,World Championship,2022.0,697492.0,F,Central Asia,Middle school,0-35,High,False,0.0,True,,False,51.0,93.0,0.0,106.0,24.0,52.0,False,0.0,0.0,0.0,False,0.0,0.0,True,1
82446,Local Match,2022.0,674831.0,M,Central Asia,Middle school,0-35,Middle,True,0.0,False,0.0,False,222.0,1403.0,0.0,84.0,216.0,866.0,True,10.0,13.0,3.0,False,7.0,0.0,True,1
59008,Federation League,2019.0,575962.0,M,Northern Africa,High school,35-55,Low,False,0.0,False,0.0,False,39.0,50.0,2.0,2.0,68.0,0.0,False,0.0,16.0,0.0,False,6.0,0.0,False,0
92926,Local Match,2022.0,682390.0,M,North America,University Degree,0-35,Middle-Low,True,0.0,False,0.0,False,232.0,495.0,0.0,236.0,236.0,679.0,True,0.0,0.0,3.0,False,6.0,0.0,True,1
30595,Federation League,2022.0,649261.0,F,North America,University Degree,0-35,Middle-Low,False,0.0,False,30.0,False,153.0,96.0,11.0,194.0,146.0,2.0,False,9.0,0.0,0.0,False,19.0,0.0,False,0
77946,Local Match,2022.0,688071.0,M,North America,High school,0-35,Middle,False,0.0,False,60.0,False,22.0,41.0,0.0,5.0,20.0,0.0,True,0.0,0.0,0.0,False,2.0,0.0,True,0
40340,Regional Tournament,2020.0,400469.0,F,Southern Europe,High school,0-35,Middle,False,1.0,False,0.0,False,247.0,69.0,0.0,873.0,72.0,150.0,False,0.0,0.0,0.0,False,13.0,0.0,False,1
87534,World Championship,2021.0,631542.0,M,Northern Africa,High school,35-55,Low,True,0.0,,,False,366.0,433.0,0.0,391.0,32.0,89.0,False,0.0,0.0,0.0,False,0.0,0.0,True,1
36928,Regional Tournament,2019.0,610553.0,F,Western Europe,High school,0-35,Middle,False,0.0,False,0.0,False,95.0,28.0,4.0,44.0,17.0,73.0,False,2.0,0.0,0.0,False,24.0,0.0,True,1
12678,World Championship,2019.0,600514.0,F,South America,Middle school,0-35,Middle-Low,False,0.0,False,,False,115.0,277.0,0.0,51.0,20.0,113.0,False,0.0,0.0,0.0,False,0.0,0.0,True,1
39115,Local Match,2022.0,696188.0,M,South Asia,Middle school,0-35,High,False,0.0,False,60.0,False,163.0,1151.0,0.0,50.0,182.0,532.0,True,0.0,2.0,0.0,False,23.0,0.0,True,1
53920,Federation League,2019.0,532863.0,M,Middle East,Middle school,0-35,Middle-Low,False,0.0,False,0.0,False,146.0,36.0,0.0,166.0,58.0,1.0,False,0.0,38.0,0.0,False,13.0,0.0,False,0
85032,Local Match,2022.0,648114.0,M,North America,Middle school,0-35,High,False,0.0,False,30.0,False,512.0,1906.0,0.0,710.0,613.0,1859.0,True,1.0,4.0,0.0,False,41.0,0.0,True,1
31289,Continental Championship,2019.0,2451726.0,F,South Asia,Middle school,0-35,Middle-Low,False,0.0,False,0.0,False,232.0,599.0,0.0,85.0,64.0,87.0,False,0.0,89.0,0.0,False,17.0,14.0,False,1
13318,Local Match,2021.0,582553.0,M,Central America,Middle school,0-35,Middle,False,0.0,False,140.0,False,298.0,510.0,0.0,298.0,162.0,9.0,False,2.0,19.0,9.0,False,19.0,0.0,True,0
87150,World Championship,2022.0,674710.0,M,South Asia,High school,0-35,Low,False,0.0,True,,False,11.0,28.0,1.0,0.0,3.0,0.0,False,0.0,0.0,0.0,False,0.0,0.0,False,0
80190,Regional Tournament,2021.0,559381.0,F,East Asia,University Degree,35-55,High,False,0.0,False,0.0,False,53.0,61.0,0.0,42.0,20.0,70.0,False,0.0,0.0,0.0,False,4.0,0.0,True,1
22982,Continental Championship,2022.0,552441.0,F,Southern Europe,High school,0-35,Low,False,0.0,False,30.0,False,705.0,312.0,0.0,1366.0,43.0,95.0,False,8.0,323.0,0.0,False,62.0,0.0,False,1
41661,Federation League,2019.0,529522.0,F,Southern Europe,High school,0-35,Middle-Low,False,0.0,False,0.0,False,48.0,137.0,0.0,46.0,20.0,3.0,False,0.0,12.0,0.0,False,1.0,0.0,True,0
91157,Federation League,2019.0,1509881.0,F,North America,High school,35-55,Low,True,0.0,False,0.0,False,189.0,311.0,3.0,88.0,215.0,6.0,False,0.0,44.0,0.0,False,29.0,0.0,False,0
60323,Federation League,2021.0,407303.0,M,North America,High school,0-35,High,False,0.0,False,60.0,False,113.0,284.0,1.0,105.0,228.0,1.0,False,0.0,89.0,0.0,False,8.0,0.0,False,1
96656,Regional Tournament,2022.0,691856.0,F,Eastern Europe,High school,0-35,Middle-High,False,0.0,False,0.0,False,27.0,212.0,2.0,0.0,20.0,1.0,False,0.0,0.0,0.0,False,0.0,0.0,False,1
16450,Federation League,2021.0,624927.0,M,Central Asia,University Degree,0-35,High,False,0.0,False,0.0,False,170.0,215.0,0.0,48.0,190.0,12.0,False,3.0,32.0,0.0,False,28.0,0.0,True,1
57073,Local Match,2022.0,645705.0,M,Central America,High school,0-35,Middle-High,False,0.0,False,60.0,False,336.0,1184.0,52.0,73.0,269.0,726.0,True,2.0,25.0,17.0,False,36.0,21.0,True,1
70637,Olympic Games,2019.0,2155014.0,F,Eastern Europe,Middle school,0-35,High,True,0.0,False,0.0,False,170.0,816.0,1.0,371.0,58.0,0.0,False,4.0,0.0,0.0,False,34.0,0.0,False,1
96133,Continental Championship,2022.0,624222.0,M,South Asia,Middle school,0-35,Low,False,0.0,False,30.0,False,602.0,952.0,0.0,551.0,51.0,118.0,False,5.0,627.0,0.0,False,117.0,0.0,True,1
95806,Local Match,2022.0,578847.0,M,Southern Africa,High school,0-35,High,True,0.0,False,0.0,False,295.0,1183.0,0.0,324.0,243.0,1530.0,True,6.0,36.0,10.0,False,19.0,0.0,True,1
44223,Regional Tournament,2022.0,593583.0,M,Central America,Middle school,35-55,High,False,0.0,False,60.0,False,26.0,41.0,0.0,7.0,9.0,0.0,False,0.0,0.0,0.0,False,3.0,0.0,False,0
31432,Regional Tournament,2021.0,599769.0,F,East Asia,Middle school,0-35,High,True,0.0,False,90.0,False,177.0,43.0,0.0,22.0,68.0,63.0,False,0.0,0.0,0.0,False,28.0,0.0,True,0
18379,Federation League,2020.0,521709.0,M,Central Asia,High school,0-35,High,False,0.0,False,60.0,False,88.0,177.0,0.0,46.0,49.0,7.0,False,0.0,14.0,0.0,False,6.0,6.0,True,1
82100,Regional Tournament,2022.0,676176.0,F,Western Europe,High school,0-35,Middle-High,False,0.0,False,60.0,False,211.0,415.0,0.0,167.0,55.0,122.0,False,11.0,0.0,1.0,False,3.0,0.0,True,1
29105,Continental Championship,2019.0,280017.0,M,East Asia,High school,0-35,Middle-Low,False,0.0,False,90.0,False,265.0,1080.0,0.0,128.0,52.0,158.0,False,0.0,54.0,0.0,False,45.0,15.0,False,1
91553,Local Match,2020.0,230279.0,M,South America,Middle school,0-35,Middle-High,False,0.0,False,30.0,False,287.0,929.0,0.0,132.0,281.0,1856.0,False,0.0,1.0,0.0,False,19.0,24.0,True,1
12396,Local Match,2022.0,685860.0,M,Western Europe,High school,0-35,Middle-High,False,0.0,False,140.0,False,134.0,351.0,4.0,506.0,78.0,235.0,True,1.0,25.0,3.0,False,16.0,0.0,True,0
59701,Local Match,2019.0,599718.0,M,North America,University Degree,0-35,Middle-Low,False,0.0,False,30.0,True,267.0,731.0,0.0,293.0,166.0,511.0,False,0.0,26.0,0.0,False,11.0,46.0,True,1
84421,National Cup,2021.0,175490.0,F,East Asia,University Degree,0-35,Middle,False,0.0,False,0.0,False,433.0,195.0,0.0,153.0,277.0,1260.0,False,22.0,0.0,0.0,False,20.0,0.0,False,1
29030,Local Match,2022.0,695637.0,M,South Asia,High school,35-55,High,False,0.0,False,60.0,False,630.0,943.0,0.0,459.0,289.0,533.0,True,0.0,15.0,11.0,False,38.0,7.0,True,1
13033,Federation League,2019.0,550380.0,M,North America,Middle school,35-55,Middle-High,False,0.0,False,60.0,False,114.0,72.0,0.0,84.0,59.0,7.0,False,2.0,2.0,0.0,False,11.0,0.0,True,0
61648,Federation League,2022.0,445451.0,M,Southern Europe,High school,0-35,High,False,1.0,False,30.0,False,371.0,179.0,1.0,358.0,234.0,3.0,False,13.0,0.0,0.0,False,31.0,0.0,False,1
24818,Regional Tournament,2021.0,627403.0,F,East Asia,High school,0-35,Middle,True,0.0,False,60.0,False,536.0,69.0,0.0,1255.0,99.0,145.0,False,1.0,0.0,0.0,False,41.0,0.0,False,0
46482,Federation League,2019.0,1963677.0,M,Northern Africa,Middle school,0-35,Low,True,0.0,False,0.0,False,213.0,87.0,0.0,173.0,140.0,6.0,False,3.0,74.0,0.0,False,30.0,0.0,True,1
63219,National Cup,2021.0,381240.0,M,Western Europe,High school,0-35,Middle,False,0.0,False,,False,80.0,35.0,0.0,48.0,41.0,152.0,False,0.0,0.0,0.0,False,4.0,0.0,False,0
79033,National Cup,2021.0,608130.0,M,Middle East,Middle school,35-55,Middle,False,0.0,False,0.0,False,140.0,268.0,0.0,8.0,83.0,180.0,False,0.0,0.0,0.0,False,7.0,0.0,False,0
35546,Local Match,2021.0,629938.0,M,Western Europe,Middle school,0-35,Low,False,0.0,False,0.0,True,1057.0,4037.0,0.0,915.0,565.0,770.0,False,9.0,32.0,19.0,False,39.0,13.0,True,1
32877,Regional Tournament,2022.0,632255.0,M,East Asia,Middle school,35-55,High,False,1.0,False,60.0,False,,566.0,1.0,112.0,93.0,142.0,False,25.0,0.0,0.0,False,1.0,0.0,True,0
51574,Federation League,2019.0,574895.0,F,Eastern Europe,University Degree,0-35,Middle-High,False,0.0,False,0.0,False,231.0,101.0,0.0,257.0,286.0,17.0,False,27.0,111.0,0.0,False,26.0,0.0,True,1
95627,World Championship,2021.0,626982.0,F,South America,Middle school,35-55,Low,False,0.0,False,,False,79.0,309.0,0.0,33.0,17.0,182.0,False,0.0,0.0,0.0,False,0.0,0.0,True,1
62228,Federation League,2020.0,391185.0,M,South America,University Degree,0-35,Low,False,0.0,False,60.0,False,276.0,437.0,0.0,234.0,299.0,15.0,False,0.0,133.0,0.0,False,76.0,13.0,True,1
69793,National Cup,2021.0,559706.0,M,Central Asia,Middle school,0-35,High,False,0.0,False,,False,234.0,393.0,0.0,98.0,228.0,473.0,False,0.0,0.0,0.0,False,5.0,0.0,False,1
75828,Federation League,2020.0,544943.0,M,Northern Africa,Middle school,0-35,Middle,False,0.0,False,0.0,False,85.0,43.0,0.0,7.0,33.0,2.0,False,0.0,0.0,0.0,False,23.0,0.0,False,0
56351,Local Match,2019.0,593904.0,M,Middle East,High school,0-35,High,False,0.0,False,0.0,True,85.0,172.0,0.0,137.0,127.0,859.0,False,5.0,0.0,0.0,False,9.0,0.0,True,0
87676,Local Match,2022.0,595721.0,M,South America,Middle school,0-35,,False,0.0,False,60.0,False,356.0,812.0,0.0,208.0,263.0,595.0,True,2.0,5.0,0.0,False,11.0,3.0,True,1
33481,Local Match,2022.0,619321.0,M,Eastern Europe,Middle school,0-35,High,False,0.0,False,0.0,False,572.0,2203.0,27.0,261.0,304.0,868.0,True,2.0,56.0,11.0,False,25.0,0.0,True,1
85047,Regional Tournament,2019.0,438551.0,M,Central America,Middle school,0-35,Middle,False,0.0,False,0.0,False,255.0,73.0,0.0,132.0,89.0,77.0,False,0.0,0.0,0.0,False,34.0,0.0,True,1
83649,Federation League,2020.0,442886.0,M,Western Europe,Middle school,35-55,Middle-Low,False,0.0,False,0.0,False,635.0,,18.0,657.0,407.0,31.0,False,0.0,160.0,0.0,False,90.0,27.0,False,1
20929,Federation League,2022.0,644474.0,M,South America,Middle school,0-35,Middle-Low,False,0.0,False,60.0,False,148.0,130.0,6.0,175.0,130.0,9.0,False,12.0,0.0,0.0,False,11.0,0.0,True,1
88204,Regional Tournament,2022.0,252863.0,M,Central Asia,Middle school,35-55,Middle,False,0.0,False,0.0,False,72.0,193.0,0.0,0.0,25.0,2.0,False,1.0,0.0,0.0,False,0.0,0.0,True,1
44329,Local Match,2022.0,509536.0,M,Central Asia,Middle school,35-55,High,False,0.0,False,0.0,False,838.0,2475.0,0.0,282.0,511.0,1066.0,True,5.0,96.0,18.0,False,82.0,31.0,True,1
39430,Regional Tournament,2020.0,559611.0,F,Western Europe,High school,0-35,Middle,False,0.0,False,0.0,False,256.0,10.0,0.0,494.0,31.0,118.0,False,0.0,0.0,0.0,False,10.0,0.0,False,1
19724,Regional Tournament,2020.0,552718.0,F,Central Asia,Middle school,0-35,Middle-High,False,0.0,False,0.0,False,47.0,0.0,0.0,159.0,6.0,15.0,False,0.0,0.0,0.0,False,5.0,0.0,False,0
24993,,2020.0,82741.0,F,Western Europe,Middle school,0-35,Middle,False,0.0,False,0.0,False,218.0,98.0,0.0,334.0,131.0,76.0,False,0.0,0.0,0.0,False,22.0,0.0,False,1
38414,Local Match,2020.0,541579.0,M,,High school,0-35,Low,False,0.0,False,30.0,False,360.0,998.0,0.0,557.0,296.0,856.0,False,0.0,36.0,24.0,False,32.0,61.0,True,1
69970,World Championship,2019.0,606233.0,M,Western Europe,High school,0-35,Middle,False,0.0,False,,False,19.0,39.0,0.0,0.0,2.0,103.0,False,0.0,0.0,0.0,False,0.0,0.0,True,1
33451,Continental Championship,2022.0,650927.0,M,North America,High school,0-35,Middle,False,0.0,False,30.0,False,197.0,851.0,0.0,372.0,10.0,140.0,False,2.0,151.0,0.0,False,13.0,0.0,True,1
52655,Regional Tournament,2022.0,612566.0,F,Oceania,Middle school,0-35,Low,False,0.0,False,0.0,False,214.0,534.0,0.0,201.0,17.0,67.0,False,0.0,0.0,9.0,False,0.0,0.0,True,1
73682,Regional Tournament,2022.0,314801.0,F,Northern Africa,Middle school,0-35,Low,False,1.0,False,0.0,False,150.0,470.0,0.0,0.0,31.0,47.0,False,0.0,0.0,0.0,False,1.0,0.0,False,1
64815,Federation League,2020.0,2140311.0,M,North America,University Degree,35-55,Middle-Low,False,0.0,False,100.0,False,211.0,264.0,0.0,11.0,558.0,13.0,False,0.0,103.0,0.0,False,18.0,1.0,False,1
66062,Local Match,2020.0,522923.0,M,Northern Africa,Middle school,0-35,Low,False,1.0,False,60.0,False,288.0,567.0,2.0,280.0,349.0,1146.0,False,0.0,7.0,3.0,False,41.0,28.0,True,1
59832,Regional Tournament,2019.0,433864.0,M,North America,University Degree,0-35,High,False,0.0,False,0.0,False,287.0,37.0,1.0,233.0,41.0,93.0,False,0.0,0.0,0.0,False,63.0,0.0,False,1
81636,Regional Tournament,2019.0,572103.0,F,Eastern Europe,High school,0-35,Middle-Low,False,0.0,False,0.0,False,309.0,87.0,0.0,818.0,71.0,84.0,False,3.0,0.0,0.0,False,16.0,0.0,False,1
79081,Regional Tournament,2022.0,699651.0,F,Southern Europe,University Degree,0-35,High,False,0.0,False,60.0,False,246.0,700.0,3.0,265.0,36.0,135.0,False,40.0,0.0,14.0,False,1.0,0.0,True,1
76400,Federation League,2021.0,629039.0,M,North America,High school,0-35,Middle-Low,False,0.0,False,0.0,False,76.0,109.0,0.0,97.0,50.0,2.0,False,3.0,12.0,0.0,False,1.0,0.0,False,0
92744,Local Match,2022.0,464522.0,M,Western Europe,Middle school,0-35,Middle,True,1.0,False,60.0,False,53.0,130.0,0.0,122.0,51.0,9.0,True,0.0,0.0,0.0,False,10.0,0.0,False,0
88675,Regional Tournament,2022.0,582460.0,F,Western Europe,High school,0-35,Middle-Low,True,0.0,False,0.0,False,239.0,1037.0,5.0,19.0,19.0,130.0,False,36.0,0.0,14.0,False,3.0,0.0,True,1
99851,Regional Tournament,2022.0,2346145.0,F,Northern Africa,High school,35-55,High,False,0.0,False,0.0,False,288.0,2876.0,26.0,90.0,59.0,31.0,False,2.0,0.0,3.0,False,3.0,0.0,True,1
98731,Local Match,2022.0,690628.0,M,North America,University Degree,0-35,Middle-High,False,0.0,False,60.0,False,371.0,1667.0,0.0,242.0,405.0,694.0,True,4.0,12.0,19.0,False,23.0,0.0,True,1
41142,Regional Tournament,2021.0,1453691.0,F,Oceania,High school,35-55,Low,False,0.0,False,0.0,False,80.0,46.0,0.0,86.0,77.0,49.0,False,0.0,0.0,0.0,False,12.0,0.0,False,0
23114,National Cup,2022.0,145114.0,F,Middle East,High school,0-35,Middle,False,0.0,False,0.0,False,101.0,93.0,0.0,90.0,62.0,540.0,False,0.0,0.0,0.0,False,7.0,0.0,False,0
42447,Regional Tournament,2019.0,603165.0,F,Central America,University Degree,35-55,Middle,False,0.0,False,0.0,False,238.0,27.0,0.0,566.0,10.0,84.0,False,3.0,0.0,0.0,False,1.0,0.0,False,1
53069,Local Match,2022.0,617922.0,M,North America,High school,35-55,Low,False,0.0,False,0.0,False,431.0,1286.0,0.0,451.0,305.0,552.0,True,3.0,0.0,6.0,False,16.0,5.0,True,1
76207,Regional Tournament,2021.0,597730.0,F,Central Asia,High school,0-35,Low,False,0.0,False,120.0,False,135.0,14.0,0.0,163.0,18.0,126.0,False,0.0,0.0,0.0,False,4.0,0.0,False,0
57308,Continental Championship,2021.0,623079.0,M,Middle East,Middle school,0-35,Middle,False,0.0,False,,False,356.0,2399.0,0.0,63.0,5.0,200.0,False,3.0,264.0,0.0,False,45.0,0.0,False,1
14829,World Championship,2021.0,595343.0,F,Southern Europe,Middle school,0-35,High,False,0.0,False,,False,53.0,74.0,0.0,0.0,2.0,169.0,False,0.0,0.0,0.0,False,0.0,0.0,True,1
40135,Local Match,2022.0,642872.0,M,Central Asia,Middle school,35-55,Middle-Low,False,0.0,False,30.0,False,1887.0,1509.0,0.0,730.0,503.0,2318.0,True,113.0,93.0,17.0,False,69.0,0.0,True,1
10680,Regional Tournament,2019.0,582578.0,F,Central Asia,Middle school,0-35,High,False,0.0,False,0.0,False,141.0,46.0,0.0,189.0,42.0,76.0,False,0.0,0.0,0.0,False,17.0,0.0,False,1
64733,World Championship,2021.0,633747.0,F,Eastern Europe,Middle school,35-55,Low,False,0.0,False,,False,84.0,276.0,0.0,2.0,37.0,166.0,False,0.0,0.0,0.0,False,0.0,0.0,True,1
48606,Local Match,2021.0,339855.0,M,Northern Africa,High school,0-35,Low,False,0.0,False,0.0,False,64.0,238.0,0.0,21.0,71.0,75.0,False,0.0,5.0,0.0,False,2.0,0.0,True,0
99829,Regional Tournament,2021.0,588459.0,F,Central America,Middle school,0-35,Middle,False,1.0,False,60.0,False,42.0,2.0,0.0,105.0,4.0,40.0,False,0.0,0.0,0.0,False,3.0,0.0,False,0
46718,Federation League,2022.0,652680.0,M,Northern Africa,University Degree,35-55,Middle,False,0.0,False,0.0,False,2464.0,511.0,4.0,3625.0,404.0,42.0,False,39.0,0.0,0.0,False,58.0,0.0,True,1
79058,World Championship,2022.0,689371.0,F,Central Asia,Middle school,0-35,Middle-Low,False,0.0,False,,False,195.0,369.0,4.0,116.0,50.0,100.0,False,0.0,0.0,0.0,False,0.0,0.0,True,1
26433,Local Match,2022.0,2386732.0,F,Central America,Middle school,35-55,Middle-High,False,0.0,False,60.0,False,1265.0,1820.0,0.0,943.0,549.0,1742.0,True,20.0,28.0,36.0,False,208.0,42.0,True,1
51471,Regional Tournament,2022.0,123087.0,F,Eastern Europe,High school,0-35,Low,False,0.0,False,60.0,False,80.0,305.0,0.0,51.0,31.0,0.0,False,3.0,0.0,0.0,False,0.0,0.0,True,1
29244,World Championship,2021.0,502182.0,F,East Asia,Middle school,0-35,Middle,False,0.0,False,,False,34.0,182.0,0.0,0.0,3.0,130.0,False,0.0,0.0,0.0,False,0.0,0.0,True,1
94454,Regional Tournament,2021.0,625857.0,F,Southern Europe,Middle school,0-35,Middle-Low,False,0.0,False,0.0,False,237.0,169.0,0.0,197.0,151.0,47.0,False,0.0,0.0,0.0,False,11.0,0.0,False,0
70646,National Cup,2022.0,634119.0,F,East Asia,High school,0-35,Middle,False,0.0,False,0.0,False,141.0,25.0,0.0,266.0,63.0,686.0,False,11.0,0.0,0.0,False,0.0,0.0,False,1
10960,Regional Tournament,2022.0,32327.0,F,Middle East,Middle school,0-35,Middle-Low,False,2.0,False,0.0,False,,146.0,2.0,351.0,12.0,,False,8.0,0.0,0.0,False,1.0,0.0,True,0
25130,Local Match,2022.0,695471.0,M,East Asia,Middle school,0-35,High,False,0.0,False,0.0,False,229.0,711.0,0.0,218.0,245.0,739.0,True,1.0,28.0,7.0,False,16.0,4.0,True,1
41956,Federation League,2019.0,108789.0,M,South America,High school,0-35,Low,,0.0,False,10.0,False,41.0,25.0,0.0,14.0,21.0,0.0,False,1.0,0.0,0.0,False,0.0,0.0,False,0
86791,Regional Tournament,2019.0,581586.0,F,Eastern Europe,University Degree,0-35,Low,False,0.0,False,60.0,False,164.0,14.0,0.0,34.0,13.0,73.0,False,0.0,0.0,0.0,False,73.0,0.0,True,1
87014,Regional Tournament,2020.0,507817.0,M,Central Asia,Middle school,0-35,Low,False,1.0,False,60.0,False,31.0,3.0,0.0,12.0,16.0,66.0,False,0.0,0.0,0.0,False,7.0,0.0,False,0
50873,Federation League,2021.0,963176.0,M,Eastern Europe,High school,35-55,Middle,False,0.0,False,0.0,False,149.0,50.0,0.0,28.0,101.0,6.0,False,6.0,37.0,0.0,False,21.0,0.0,True,0
65583,Federation League,2022.0,516562.0,F,Central Asia,High school,0-35,Low,True,0.0,False,15.0,False,144.0,185.0,0.0,7.0,86.0,5.0,False,7.0,0.0,0.0,False,16.0,0.0,False,0
18722,Continental Championship,2022.0,625785.0,M,North America,High school,0-35,High,False,1.0,False,0.0,False,153.0,839.0,0.0,284.0,10.0,115.0,False,1.0,146.0,0.0,False,9.0,0.0,True,1
43841,Local Match,2020.0,135075.0,M,Western Europe,High school,35-55,High,False,0.0,False,0.0,False,305.0,1364.0,0.0,285.0,223.0,524.0,False,0.0,30.0,24.0,False,80.0,46.0,True,1
11930,Regional Tournament,,649025.0,F,Eastern Europe,Middle school,35-55,Middle,False,0.0,False,0.0,False,227.0,801.0,2.0,22.0,50.0,286.0,False,14.0,0.0,12.0,False,2.0,0.0,True,1
84228,Regional Tournament,2020.0,545191.0,F,Western Europe,University Degree,0-35,High,False,0.0,False,0.0,False,297.0,38.0,1.0,1131.0,52.0,70.0,False,0.0,0.0,0.0,False,15.0,0.0,True,1
54758,Continental Championship,2022.0,588058.0,M,East Asia,Middle school,35-55,Middle,True,0.0,False,120.0,False,86.0,141.0,0.0,18.0,2.0,97.0,False,3.0,0.0,0.0,False,7.0,0.0,False,0
66559,Federation League,2021.0,128348.0,M,Eastern Europe,High school,0-35,High,False,0.0,False,0.0,False,115.0,72.0,0.0,164.0,79.0,2.0,False,5.0,37.0,0.0,False,19.0,0.0,False,0
73127,Federation League,2019.0,497590.0,F,Eastern Europe,High school,0-35,Middle-Low,False,0.0,False,60.0,False,146.0,53.0,0.0,98.0,71.0,2.0,False,2.0,92.0,0.0,False,1.0,0.0,True,1
51774,Regional Tournament,2021.0,508400.0,F,South Asia,University Degree,0-35,Low,False,0.0,False,90.0,False,270.0,88.0,0.0,363.0,151.0,82.0,False,0.0,0.0,0.0,False,30.0,0.0,False,0
83356,Continental Championship,2022.0,502548.0,F,South Asia,Middle school,0-35,Middle-Low,False,0.0,False,0.0,False,300.0,355.0,0.0,940.0,32.0,117.0,False,0.0,253.0,0.0,False,25.0,0.0,True,1
32832,Local Match,2019.0,571844.0,M,Southern Europe,Middle school,0-35,Low,False,0.0,False,120.0,False,318.0,391.0,0.0,405.0,108.0,37.0,False,0.0,17.0,4.0,False,7.0,0.0,False,0
25162,Federation League,,423757.0,M,Middle East,High school,0-35,High,False,0.0,False,0.0,False,283.0,,0.0,157.0,,24.0,False,0.0,109.0,0.0,False,42.0,13.0,False,0
89498,Regional Tournament,2022.0,531753.0,M,North America,Middle school,35-55,Middle,False,1.0,False,0.0,False,210.0,883.0,16.0,1.0,14.0,110.0,False,1.0,0.0,19.0,False,2.0,0.0,True,1
81831,Local Match,2022.0,594615.0,M,Central America,Middle school,35-55,High,False,1.0,False,0.0,False,48.0,141.0,0.0,61.0,39.0,11.0,True,0.0,0.0,0.0,False,1.0,0.0,True,0
75461,Federation League,2019.0,2221869.0,F,Central America,University Degree,35-55,Low,False,2.0,False,90.0,False,35.0,3.0,0.0,42.0,2.0,1.0,False,0.0,0.0,0.0,False,0.0,0.0,True,0
10796,World Championship,2019.0,606245.0,F,Western Europe,Middle school,0-35,Middle,True,0.0,False,,False,100.0,287.0,,28.0,8.0,112.0,False,0.0,0.0,0.0,False,0.0,0.0,True,1
16051,Federation League,2020.0,528923.0,M,Northern Africa,Middle school,0-35,Low,False,1.0,False,60.0,False,366.0,310.0,0.0,406.0,153.0,15.0,False,0.0,74.0,0.0,False,77.0,0.0,False,0
29252,Federation League,2019.0,332726.0,F,Oceania,Middle school,0-35,Middle-Low,False,0.0,False,0.0,False,317.0,214.0,0.0,260.0,47.0,3.0,False,4.0,84.0,0.0,False,22.0,0.0,True,0
28574,Federation League,2022.0,697433.0,M,Northern Africa,Middle school,0-35,Middle-Low,False,0.0,False,0.0,False,125.0,86.0,18.0,251.0,57.0,5.0,False,3.0,0.0,0.0,False,3.0,0.0,True,0
98977,Local Match,2020.0,558851.0,M,Southern Europe,Middle school,0-35,Low,False,0.0,False,0.0,False,808.0,1940.0,0.0,999.0,612.0,1899.0,False,0.0,9.0,16.0,False,56.0,80.0,True,1
27606,National Cup,2022.0,684498.0,M,Northern Africa,High school,0-35,High,False,0.0,False,30.0,False,79.0,30.0,0.0,0.0,35.0,252.0,False,1.0,0.0,0.0,False,3.0,0.0,False,0
78279,Local Match,2022.0,636830.0,M,North America,University Degree,0-35,High,False,0.0,False,0.0,False,842.0,2280.0,0.0,449.0,511.0,1060.0,True,3.0,28.0,23.0,False,37.0,15.0,True,1
36631,Local Match,2020.0,548352.0,M,Western Europe,High school,0-35,High,False,0.0,False,0.0,False,413.0,1142.0,1.0,485.0,442.0,1568.0,False,0.0,28.0,21.0,False,37.0,18.0,True,1
49703,Continental Championship,2022.0,680483.0,M,North America,Middle school,0-35,High,False,0.0,False,0.0,False,277.0,1025.0,0.0,87.0,12.0,177.0,False,7.0,262.0,0.0,False,57.0,0.0,True,1
36890,National Cup,2021.0,620876.0,M,East Asia,High school,0-35,High,False,0.0,False,0.0,False,105.0,27.0,0.0,46.0,64.0,937.0,False,0.0,0.0,0.0,False,8.0,0.0,False,0
43119,Regional Tournament,2019.0,590202.0,F,North America,University Degree,0-35,Middle,False,0.0,False,0.0,False,277.0,22.0,0.0,2544.0,26.0,55.0,False,1.0,0.0,0.0,False,13.0,0.0,False,1
85608,National Cup,2022.0,264715.0,F,East Asia,High school,35-55,Middle-Low,False,0.0,False,0.0,False,487.0,50.0,0.0,1595.0,163.0,808.0,False,0.0,0.0,0.0,False,0.0,0.0,False,1
98881,Federation League,2019.0,546722.0,F,Middle East,High school,0-35,Middle,False,0.0,False,0.0,False,419.0,172.0,1.0,277.0,518.0,48.0,False,16.0,146.0,0.0,False,72.0,0.0,True,1
46313,Local Match,2022.0,648037.0,M,East Asia,High school,0-35,Middle,False,0.0,False,0.0,False,843.0,1865.0,0.0,1030.0,451.0,1580.0,True,5.0,33.0,0.0,False,31.0,10.0,True,1
39466,Regional Tournament,2020.0,408112.0,F,Central Asia,Middle school,35-55,Low,True,0.0,False,0.0,False,126.0,3.0,0.0,263.0,79.0,43.0,False,0.0,0.0,0.0,False,24.0,4.0,False,1
72270,Continental Championship,2019.0,599588.0,M,Central America,High school,0-35,Middle,False,0.0,False,30.0,False,70.0,340.0,0.0,68.0,16.0,120.0,False,2.0,0.0,0.0,False,14.0,9.0,True,0
95176,Regional Tournament,2022.0,675807.0,F,North America,University Degree,35-55,Middle-Low,False,0.0,False,0.0,False,166.0,352.0,1.0,54.0,41.0,125.0,False,2.0,0.0,0.0,False,1.0,0.0,False,1
88403,Federation League,2022.0,2615956.0,F,Central America,High school,0-35,Middle,False,0.0,False,30.0,False,147.0,210.0,7.0,12.0,34.0,6.0,False,1.0,0.0,0.0,False,4.0,0.0,True,0
27675,Regional Tournament,2020.0,2244724.0,F,Western Europe,High school,35-55,Middle-High,False,0.0,False,0.0,False,70.0,5.0,0.0,80.0,41.0,84.0,False,0.0,0.0,0.0,False,6.0,0.0,False,0
52176,Regional Tournament,2020.0,486282.0,F,Middle East,Middle school,0-35,Middle,True,1.0,False,60.0,False,117.0,19.0,1.0,49.0,43.0,18.0,False,0.0,0.0,0.0,False,16.0,1.0,False,0
92657,Local Match,2022.0,654351.0,M,North America,University Degree,0-35,High,False,0.0,False,30.0,False,35.0,39.0,0.0,23.0,37.0,0.0,True,2.0,0.0,0.0,False,1.0,0.0,True,0
22522,Federation League,2020.0,540920.0,M,Southern Europe,High school,0-35,Middle-Low,False,0.0,False,0.0,False,31.0,51.0,0.0,5.0,29.0,,False,0.0,0.0,0.0,False,16.0,0.0,False,0
83149,Regional Tournament,2019.0,477825.0,F,Oceania,,0-35,Middle,False,0.0,False,0.0,False,72.0,20.0,0.0,,19.0,121.0,False,0.0,0.0,0.0,False,7.0,0.0,False,1
10861,Regional Tournament,2022.0,697417.0,M,Eastern Europe,Middle school,0-35,Low,False,0.0,False,0.0,False,123.0,1074.0,12.0,8.0,37.0,208.0,False,0.0,0.0,0.0,False,2.0,0.0,True,1
43466,Regional Tournament,2020.0,505606.0,F,Southern Europe,High school,35-55,Low,False,0.0,False,0.0,False,202.0,29.0,5.0,474.0,50.0,114.0,False,0.0,0.0,0.0,False,29.0,1.0,False,1
47023,Continental Championship,2019.0,587677.0,M,Western Europe,Middle school,0-35,Middle,False,0.0,False,0.0,False,544.0,1099.0,0.0,23.0,19.0,211.0,False,1.0,337.0,0.0,False,55.0,4.0,False,0
27849,Local Match,2020.0,522743.0,M,Middle East,Middle school,0-35,Middle,False,0.0,False,0.0,False,480.0,1148.0,0.0,425.0,312.0,599.0,False,0.0,30.0,20.0,False,45.0,44.0,True,1
71524,Regional Tournament,2020.0,351543.0,F,Central America,Middle school,0-35,Middle-Low,False,1.0,False,60.0,False,3.0,0.0,0.0,0.0,0.0,2.0,False,0.0,0.0,0.0,False,0.0,0.0,True,0
83574,Federation League,2022.0,585526.0,M,Northern Africa,Middle school,0-35,Middle,False,0.0,False,90.0,False,220.0,164.0,0.0,248.0,26.0,8.0,False,24.0,0.0,0.0,False,5.0,0.0,False,1
52336,National Cup,2022.0,642902.0,F,South America,High school,0-35,Low,False,0.0,False,0.0,False,411.0,330.0,0.0,77.0,165.0,878.0,False,0.0,0.0,0.0,False,19.0,0.0,False,1
36097,Regional Tournament,2021.0,595047.0,F,Central Asia,Middle school,0-35,High,False,1.0,False,120.0,False,370.0,212.0,0.0,159.0,231.0,70.0,False,0.0,0.0,0.0,False,83.0,0.0,True,1
44217,Local Match,2019.0,550477.0,M,,Middle school,0-35,High,False,0.0,False,60.0,False,96.0,147.0,0.0,169.0,100.0,4.0,False,19.0,0.0,0.0,False,2.0,0.0,False,0
99628,Local Match,2019.0,587294.0,M,Southern Europe,Middle school,0-35,Middle-Low,False,0.0,False,0.0,True,450.0,1413.0,0.0,278.0,498.0,3491.0,False,17.0,41.0,33.0,False,62.0,17.0,True,1
95168,Regional Tournament,2022.0,582253.0,F,South Asia,High school,0-35,High,False,0.0,False,0.0,False,281.0,1151.0,0.0,63.0,79.0,99.0,False,3.0,0.0,13.0,False,0.0,0.0,True,1
54373,Local Match,2019.0,592607.0,M,North America,University Degree,0-35,Low,False,0.0,False,0.0,False,236.0,195.0,0.0,213.0,97.0,107.0,False,4.0,8.0,8.0,False,8.0,0.0,True,0
61651,Local Match,2019.0,107084.0,M,South America,University Degree,35-55,Low,False,0.0,False,140.0,True,159.0,468.0,0.0,320.0,144.0,368.0,False,0.0,12.0,0.0,False,19.0,2.0,False,0
10760,National Cup,2022.0,533512.0,F,Western Europe,Middle school,0-35,Middle,False,0.0,False,0.0,False,27.0,8.0,0.0,0.0,24.0,265.0,False,0.0,0.0,0.0,False,1.0,0.0,False,0
49720,National Cup,2021.0,2659556.0,M,Western Europe,Middle school,35-55,Middle,False,0.0,False,,False,104.0,61.0,0.0,37.0,61.0,169.0,False,7.0,0.0,,False,5.0,0.0,False,0
85697,Local Match,2020.0,1905259.0,M,Northern Africa,High school,35-55,Middle-Low,False,0.0,False,0.0,False,484.0,1977.0,0.0,177.0,358.0,578.0,False,0.0,23.0,23.0,False,50.0,57.0,True,1
35008,National Cup,2022.0,568948.0,M,Northern Africa,High school,0-35,Middle-Low,False,0.0,False,30.0,False,153.0,32.0,0.0,61.0,98.0,306.0,False,0.0,0.0,0.0,False,3.0,0.0,False,1
89093,Local Match,2020.0,559449.0,M,South Asia,Post Graduate,0-35,High,False,0.0,False,0.0,False,112.0,326.0,0.0,117.0,95.0,68.0,False,0.0,8.0,0.0,False,23.0,19.0,False,0
15776,National Cup,2022.0,651759.0,M,South America,University Degree,55<=,Middle,False,0.0,False,60.0,False,951.0,111.0,0.0,1044.0,271.0,1107.0,False,1.0,0.0,0.0,False,43.0,0.0,False,1
25210,World Championship,2022.0,641434.0,F,Western Europe,Middle school,0-35,Middle,False,0.0,True,,False,192.0,267.0,6.0,0.0,27.0,111.0,False,0.0,0.0,0.0,False,0.0,0.0,True,1
80070,Federation League,2020.0,2549939.0,F,North America,University Degree,35-55,High,False,0.0,False,0.0,False,300.0,143.0,12.0,472.0,558.0,16.0,False,0.0,145.0,0.0,False,76.0,4.0,False,1
46087,Regional Tournament,2022.0,653840.0,F,North America,High school,0-35,Middle,False,,False,0.0,False,202.0,1146.0,1.0,0.0,31.0,187.0,False,6.0,0.0,15.0,False,1.0,0.0,True,1
76526,Continental Championship,2022.0,645170.0,M,East Asia,High school,35-55,Middle-Low,,0.0,False,0.0,False,192.0,243.0,0.0,519.0,36.0,156.0,False,6.0,309.0,0.0,False,32.0,0.0,True,1
47010,Federation League,2020.0,492371.0,F,Middle East,High school,0-35,Middle-Low,True,0.0,False,0.0,False,261.0,270.0,2.0,148.0,153.0,14.0,False,0.0,123.0,0.0,False,11.0,2.0,False,1
97319,Continental Championship,2019.0,530765.0,M,North America,High school,0-35,High,False,0.0,False,0.0,False,87.0,235.0,0.0,130.0,26.0,112.0,False,1.0,0.0,0.0,False,14.0,18.0,False,1
41417,National Cup,2022.0,1478775.0,F,Western Europe,Middle school,35-55,Middle,False,0.0,False,60.0,False,127.0,28.0,0.0,14.0,94.0,696.0,False,0.0,0.0,0.0,False,5.0,0.0,False,1
52816,Local Match,2022.0,491077.0,M,Eastern Europe,Middle school,35-55,Low,False,2.0,False,60.0,False,208.0,99.0,0.0,220.0,42.0,0.0,True,0.0,1.0,0.0,False,4.0,0.0,False,0
68014,Local Match,2021.0,610771.0,M,Oceania,High school,0-35,Middle-High,False,0.0,False,60.0,True,146.0,393.0,0.0,142.0,174.0,694.0,False,0.0,2.0,0.0,False,7.0,0.0,True,1
29853,Local Match,2021.0,77845.0,M,Central Asia,High school,0-35,Middle-Low,False,0.0,False,60.0,False,72.0,86.0,0.0,43.0,86.0,182.0,False,1.0,0.0,0.0,False,2.0,0.0,True,0
38543,Local Match,2022.0,593136.0,F,Eastern Europe,High school,0-35,Middle,False,0.0,False,0.0,,655.0,1627.0,0.0,776.0,286.0,586.0,True,19.0,25.0,0.0,False,21.0,0.0,True,1
37276,Continental Championship,2019.0,590961.0,M,North America,High school,0-35,High,False,0.0,False,30.0,False,96.0,,0.0,17.0,4.0,83.0,False,0.0,85.0,0.0,False,13.0,2.0,True,0
31641,Federation League,2020.0,546403.0,M,Northern Africa,Middle school,0-35,High,False,0.0,False,0.0,False,18.0,48.0,0.0,0.0,6.0,1.0,False,0.0,0.0,0.0,False,2.0,0.0,False,0
51015,Regional Tournament,2019.0,568533.0,F,Northern Africa,Middle school,0-35,Middle,False,0.0,False,30.0,False,51.0,37.0,0.0,7.0,30.0,66.0,False,0.0,0.0,0.0,False,1.0,0.0,False,1
13445,Regional Tournament,2019.0,146600.0,F,Southern Africa,Middle school,0-35,High,False,0.0,False,60.0,False,113.0,29.0,0.0,85.0,18.0,67.0,False,2.0,0.0,0.0,False,10.0,0.0,False,1
59362,Regional Tournament,2022.0,685900.0,M,North America,Middle school,0-35,Middle-High,False,0.0,False,0.0,False,69.0,122.0,0.0,87.0,30.0,61.0,False,,,0.0,False,1.0,0.0,True,0
62264,National Cup,2021.0,495320.0,M,Eastern Europe,Middle school,0-35,Middle-Low,False,0.0,False,0.0,False,282.0,117.0,0.0,69.0,52.0,862.0,False,0.0,0.0,0.0,False,9.0,0.0,False,1
25922,Federation League,2021.0,632725.0,F,Southern Europe,High school,0-35,Middle,False,0.0,False,0.0,False,49.0,17.0,0.0,35.0,44.0,1.0,False,0.0,2.0,0.0,False,3.0,0.0,False,0
73277,Regional Tournament,2019.0,593189.0,F,East Asia,Middle school,0-35,Middle-High,True,0.0,False,30.0,False,8.0,6.0,0.0,0.0,9.0,0.0,False,0.0,0.0,0.0,False,10.0,0.0,False,0
96040,Federation League,2019.0,561515.0,M,Middle East,High school,0-35,Middle,False,0.0,False,0.0,False,79.0,114.0,0.0,49.0,80.0,2.0,False,13.0,18.0,0.0,False,5.0,0.0,True,1
80137,Local Match,2019.0,573173.0,M,East Asia,Middle school,0-35,High,False,0.0,False,0.0,True,591.0,1502.0,1.0,614.0,346.0,782.0,False,11.0,163.0,3.0,False,41.0,2.0,True,1
86330,Local Match,2020.0,247856.0,M,East Asia,Middle school,,High,False,0.0,False,0.0,False,413.0,1296.0,0.0,358.0,377.0,3663.0,False,0.0,10.0,0.0,False,22.0,41.0,True,1
36642,Local Match,2019.0,2364160.0,M,Oceania,High school,35-55,Middle-Low,False,0.0,False,140.0,True,652.0,789.0,0.0,749.0,292.0,1157.0,False,4.0,7.0,0.0,False,38.0,2.0,True,1
31836,World Championship,2021.0,626091.0,F,East Asia,High school,0-35,High,False,0.0,False,,False,122.0,175.0,5.0,73.0,17.0,95.0,False,0.0,0.0,0.0,False,0.0,0.0,True,1
42258,Continental Championship,2021.0,494427.0,M,North America,University Degree,0-35,Middle-Low,False,0.0,False,0.0,False,234.0,817.0,0.0,104.0,17.0,138.0,False,6.0,55.0,0.0,False,66.0,1.0,True,1
91600,Regional Tournament,2022.0,696203.0,M,Southern Africa,Middle school,35-55,Low,False,0.0,False,0.0,False,181.0,719.0,1.0,8.0,36.0,110.0,False,25.0,0.0,7.0,False,5.0,0.0,False,1
10824,Local Match,2022.0,651238.0,M,Northern Africa,Middle school,0-35,Middle,False,0.0,False,0.0,False,893.0,1148.0,2.0,438.0,544.0,2056.0,True,7.0,108.0,3.0,False,43.0,5.0,True,1
68536,Regional Tournament,2022.0,578418.0,F,North America,High school,0-35,Middle-Low,False,0.0,False,0.0,False,57.0,293.0,0.0,44.0,8.0,0.0,False,2.0,0.0,4.0,False,0.0,0.0,True,0
67186,Federation League,2020.0,252489.0,F,East Asia,High school,0-35,High,True,0.0,False,0.0,False,248.0,129.0,14.0,277.0,212.0,24.0,False,0.0,80.0,0.0,False,69.0,1.0,False,1
34362,World Championship,2021.0,2563715.0,F,South America,High school,35-55,Low,False,0.0,False,,False,148.0,187.0,0.0,26.0,23.0,125.0,False,0.0,0.0,0.0,False,0.0,0.0,True,1
56531,Regional Tournament,2019.0,591420.0,F,Southern Africa,High school,0-35,High,False,0.0,False,0.0,False,140.0,20.0,0.0,260.0,28.0,71.0,False,0.0,0.0,0.0,False,3.0,0.0,False,1
26893,Continental Championship,2019.0,575703.0,M,Western Europe,High school,35-55,High,False,0.0,False,0.0,False,380.0,750.0,0.0,521.0,61.0,278.0,False,3.0,208.0,0.0,False,62.0,2.0,True,1
20778,National Cup,2022.0,427413.0,M,North America,University Degree,0-35,Middle,False,0.0,False,0.0,False,411.0,261.0,0.0,462.0,225.0,648.0,False,14.0,0.0,0.0,False,9.0,0.0,False,0
20417,Regional Tournament,2022.0,691028.0,F,Central Asia,High school,35-55,Low,False,0.0,False,120.0,False,64.0,80.0,0.0,10.0,19.0,99.0,False,0.0,0.0,0.0,False,5.0,0.0,False,0
53116,Local Match,2019.0,594184.0,M,North America,University Degree,0-35,Low,False,0.0,False,0.0,False,63.0,130.0,0.0,92.0,68.0,9.0,False,0.0,22.0,0.0,False,4.0,0.0,True,0
14901,Regional Tournament,2022.0,2611512.0,F,Central America,Middle school,0-35,Middle-Low,False,0.0,False,0.0,False,84.0,155.0,6.0,22.0,32.0,0.0,False,0.0,0.0,0.0,False,2.0,0.0,False,0
40422,National Cup,2022.0,577458.0,M,Oceania,Middle school,0-35,High,False,0.0,False,0.0,False,131.0,254.0,0.0,1.0,157.0,406.0,False,4.0,0.0,0.0,False,12.0,0.0,False,0
40740,Regional Tournament,2022.0,305909.0,F,East Asia,High school,35-55,High,False,0.0,False,,False,200.0,771.0,3.0,166.0,43.0,312.0,False,2.0,0.0,15.0,False,1.0,0.0,True,1
82754,Regional Tournament,2022.0,238144.0,F,Central America,High school,35-55,Middle,False,3.0,False,0.0,False,141.0,333.0,0.0,49.0,27.0,171.0,False,10.0,0.0,0.0,False,2.0,0.0,True,0
97244,Regional Tournament,2022.0,691106.0,F,Central America,High school,0-35,Middle-High,False,0.0,False,0.0,False,40.0,12.0,0.0,0.0,11.0,0.0,False,0.0,0.0,0.0,False,2.0,0.0,True,1
67927,Federation League,2021.0,623541.0,M,Central America,High school,0-35,Middle,False,0.0,False,0.0,False,386.0,209.0,0.0,178.0,95.0,5.0,False,3.0,69.0,0.0,False,16.0,0.0,True,1
88238,Regional Tournament,2019.0,424539.0,F,Eastern Europe,Middle school,0-35,Low,False,2.0,False,60.0,False,77.0,30.0,0.0,41.0,8.0,66.0,False,0.0,0.0,0.0,False,8.0,0.0,False,1
62282,Continental Championship,2019.0,591995.0,M,North America,High school,0-35,Middle,False,0.0,False,,False,226.0,857.0,0.0,105.0,22.0,251.0,False,0.0,308.0,0.0,False,40.0,13.0,True,1
63914,Regional Tournament,2019.0,573694.0,F,Central America,High school,35-55,Middle-High,False,0.0,False,120.0,False,6.0,0.0,0.0,0.0,2.0,31.0,False,0.0,0.0,0.0,False,0.0,0.0,True,0
33714,Local Match,2022.0,2649948.0,M,Central Asia,High school,0-35,High,False,0.0,False,0.0,False,477.0,1288.0,1.0,334.0,287.0,835.0,True,102.0,16.0,0.0,False,17.0,0.0,True,0
52992,Regional Tournament,2020.0,527382.0,F,Central America,Middle school,0-35,Low,True,0.0,False,0.0,False,7.0,,0.0,30.0,3.0,2.0,False,0.0,0.0,0.0,False,1.0,0.0,False,0
24003,Federation League,2022.0,651804.0,F,Oceania,High school,0-35,High,False,0.0,False,60.0,False,202.0,83.0,0.0,149.0,126.0,4.0,False,22.0,0.0,0.0,False,16.0,0.0,True,1
72116,National Cup,2021.0,623609.0,M,Northern Africa,Middle school,35-55,Middle,False,0.0,False,0.0,False,55.0,50.0,0.0,1.0,32.0,100.0,False,0.0,0.0,0.0,False,3.0,0.0,False,0
45824,Continental Championship,2019.0,596002.0,M,Western Europe,High school,0-35,High,False,0.0,False,,False,197.0,700.0,0.0,117.0,5.0,185.0,False,0.0,200.0,0.0,False,19.0,2.0,False,0
23575,Local Match,2020.0,237953.0,M,Central Asia,Middle school,35-55,High,False,0.0,False,30.0,False,130.0,319.0,0.0,10.0,137.0,590.0,False,0.0,0.0,0.0,False,16.0,2.0,True,1
78732,Regional Tournament,2019.0,574250.0,F,Western Europe,Middle school,0-35,High,False,0.0,False,0.0,False,367.0,51.0,6.0,896.0,69.0,93.0,False,0.0,0.0,0.0,False,42.0,0.0,False,1
31773,Federation League,2021.0,2523146.0,M,Central Asia,High school,35-55,High,False,2.0,False,60.0,False,23.0,5.0,0.0,23.0,9.0,2.0,False,1.0,2.0,0.0,False,1.0,0.0,True,0
24744,National Cup,2022.0,519506.0,F,Middle East,Middle school,0-35,High,False,0.0,False,0.0,False,32.0,11.0,0.0,0.0,34.0,188.0,False,0.0,0.0,0.0,False,1.0,0.0,False,1
20493,Local Match,2019.0,1515509.0,M,Central Asia,Middle school,35-55,High,False,0.0,False,30.0,True,2244.0,1981.0,0.0,4353.0,681.0,1085.0,False,25.0,72.0,18.0,False,74.0,39.0,True,1
60449,Continental Championship,2019.0,570414.0,M,Southern Africa,Middle school,0-35,Low,False,0.0,False,0.0,False,164.0,331.0,0.0,516.0,6.0,84.0,False,3.0,0.0,0.0,False,27.0,5.0,True,0
13249,Local Match,2019.0,563196.0,M,Central Asia,Middle school,0-35,Middle,False,0.0,False,60.0,True,1060.0,2078.0,0.0,740.0,489.0,1857.0,False,15.0,27.0,10.0,False,52.0,6.0,True,0
36633,Regional Tournament,2019.0,613416.0,M,Western Europe,High school,0-35,Middle,False,0.0,False,0.0,False,76.0,34.0,0.0,67.0,54.0,59.0,False,1.0,0.0,0.0,False,8.0,0.0,False,1
50130,Local Match,2021.0,489137.0,M,Central Asia,Post Graduate,35-55,High,False,0.0,False,0.0,True,326.0,997.0,0.0,689.0,185.0,564.0,False,10.0,12.0,0.0,False,13.0,0.0,True,1
63950,Federation League,2020.0,312518.0,F,Middle East,Middle school,0-35,Low,False,1.0,False,140.0,False,22.0,8.0,0.0,15.0,13.0,1.0,False,0.0,0.0,0.0,False,3.0,1.0,False,0
94853,Regional Tournament,2021.0,602929.0,F,East Asia,Middle school,0-35,High,False,0.0,False,0.0,False,62.0,11.0,0.0,8.0,17.0,28.0,False,0.0,0.0,0.0,False,3.0,0.0,False,0
58777,Federation League,2020.0,536536.0,M,South Asia,Middle school,0-35,High,False,0.0,False,0.0,False,136.0,214.0,0.0,97.0,113.0,22.0,False,0.0,37.0,0.0,False,39.0,5.0,False,1
62862,Local Match,2022.0,657181.0,M,South America,Middle school,0-35,Low,False,0.0,False,60.0,False,27.0,50.0,0.0,11.0,24.0,11.0,True,0.0,3.0,0.0,False,2.0,0.0,False,0
69558,National Cup,2021.0,407818.0,M,East Asia,University Degree,35-55,Middle-Low,False,0.0,False,,False,101.0,112.0,0.0,1.0,38.0,109.0,False,0.0,0.0,0.0,False,6.0,0.0,False,0
44237,Olympic Games,2022.0,315744.0,M,North America,High school,35-55,High,False,0.0,False,0.0,False,573.0,2874.0,2.0,954.0,120.0,0.0,False,0.0,0.0,0.0,False,42.0,9.0,False,1
80471,Regional Tournament,2019.0,613191.0,F,Southern Africa,Middle school,0-35,Middle-Low,False,0.0,False,0.0,False,50.0,19.0,0.0,68.0,35.0,1.0,False,0.0,0.0,0.0,False,5.0,0.0,True,0
32579,Federation League,2022.0,598123.0,M,Eastern Europe,High school,0-35,Low,True,1.0,False,140.0,False,14.0,8.0,0.0,0.0,1.0,0.0,False,0.0,0.0,0.0,False,0.0,0.0,True,0
62530,Regional Tournament,2021.0,627179.0,M,South America,Middle school,35-55,Low,False,0.0,False,0.0,False,115.0,16.0,2.0,35.0,23.0,55.0,False,0.0,0.0,0.0,False,12.0,0.0,False,0
23895,Continental Championship,2021.0,417547.0,M,East Asia,Middle school,0-35,High,False,0.0,False,,False,25.0,853.0,0.0,22.0,14.0,,False,1.0,179.0,0.0,False,32.0,0.0,False,1
12482,Regional Tournament,2019.0,440225.0,,Western Europe,Middle school,35-55,Middle,False,0.0,False,0.0,False,59.0,25.0,0.0,35.0,18.0,67.0,False,1.0,0.0,0.0,False,5.0,0.0,False,1
81142,Continental Championship,2022.0,610904.0,M,Middle East,High school,0-35,Low,False,0.0,False,0.0,False,768.0,1190.0,0.0,241.0,31.0,198.0,False,0.0,886.0,0.0,False,107.0,0.0,True,1
10789,Local Match,2022.0,2504129.0,F,Middle East,Middle school,0-35,Low,False,0.0,False,60.0,False,55.0,157.0,0.0,50.0,61.0,3.0,True,0.0,0.0,0.0,False,7.0,0.0,False,0
26483,Olympic Games,2019.0,414117.0,M,Southern Europe,High school,0-35,Middle,False,0.0,False,60.0,False,220.0,483.0,0.0,44.0,57.0,0.0,False,0.0,0.0,,False,3.0,0.0,False,1
68450,National Cup,2021.0,515936.0,M,Northern Africa,Middle school,0-35,Low,True,0.0,False,120.0,False,108.0,22.0,0.0,7.0,92.0,130.0,False,0.0,0.0,0.0,False,3.0,0.0,False,0
70197,World Championship,2022.0,633424.0,F,East Asia,High school,35-55,Middle,True,0.0,False,,False,129.0,440.0,99.0,8.0,45.0,104.0,False,0.0,0.0,0.0,False,0.0,0.0,True,1
12142,Local Match,2020.0,82556.0,M,Southern Africa,Middle school,0-35,Middle-High,False,0.0,False,0.0,False,143.0,711.0,0.0,87.0,128.0,432.0,False,0.0,15.0,10.0,False,11.0,1.0,True,0
22772,Federation League,2019.0,506476.0,F,Western Europe,Middle school,0-35,Middle-Low,True,0.0,False,0.0,False,,60.0,0.0,6.0,18.0,1.0,False,0.0,0.0,0.0,False,3.0,0.0,False,0
28015,Local Match,2021.0,504583.0,M,East Asia,Middle school,0-35,Middle,False,0.0,False,60.0,False,74.0,237.0,0.0,76.0,101.0,167.0,False,0.0,4.0,0.0,False,6.0,0.0,True,0
30092,Continental Championship,2021.0,628366.0,M,North America,Middle school,0-35,Middle,False,0.0,False,0.0,False,31.0,51.0,0.0,3.0,11.0,78.0,False,1.0,0.0,0.0,False,5.0,0.0,False,0
58104,World Championship,2021.0,611962.0,F,Middle East,High school,35-55,Middle,False,0.0,False,,False,117.0,364.0,0.0,32.0,17.0,159.0,False,0.0,0.0,0.0,False,0.0,0.0,True,1
51035,National Cup,2022.0,689436.0,M,Western Europe,High school,0-35,High,False,0.0,False,60.0,False,62.0,36.0,0.0,26.0,26.0,79.0,False,4.0,0.0,0.0,False,3.0,0.0,False,0
36497,Regional Tournament,2019.0,525885.0,F,Oceania,University Degree,0-35,Middle,False,1.0,False,0.0,False,140.0,74.0,0.0,150.0,53.0,73.0,False,0.0,0.0,0.0,False,15.0,0.0,True,0
25987,Continental Championship,2019.0,1667346.0,M,Southern Europe,University Degree,35-55,High,False,0.0,False,90.0,False,232.0,708.0,0.0,40.0,8.0,132.0,False,0.0,131.0,0.0,False,22.0,4.0,True,1
59417,Local Match,2021.0,612539.0,M,East Asia,High school,35-55,High,False,0.0,False,60.0,True,192.0,326.0,0.0,137.0,122.0,566.0,False,7.0,0.0,0.0,False,5.0,0.0,True,1
54951,Federation League,2022.0,578857.0,M,Middle East,High school,0-35,Middle-High,False,0.0,False,0.0,False,111.0,92.0,0.0,65.0,54.0,4.0,False,7.0,0.0,0.0,False,15.0,0.0,True,1
98625,Local Match,2020.0,497180.0,M,Western Europe,Middle school,0-35,Middle-Low,False,0.0,False,60.0,False,4596.0,2662.0,0.0,113.0,428.0,959.0,False,0.0,65.0,19.0,False,40.0,12.0,True,1
93427,Local Match,2020.0,542646.0,F,Middle East,High school,0-35,Middle-High,False,0.0,False,0.0,False,564.0,1314.0,0.0,1056.0,312.0,666.0,False,0.0,19.0,15.0,False,52.0,52.0,True,1
29525,National Cup,2021.0,593787.0,M,Southern Europe,Middle school,0-35,Low,False,0.0,False,0.0,False,15.0,6.0,0.0,0.0,6.0,49.0,False,0.0,0.0,0.0,False,1.0,0.0,False,0
57250,Federation League,2019.0,173370.0,M,East Asia,Middle school,0-35,High,False,0.0,False,0.0,False,340.0,236.0,0.0,536.0,129.0,13.0,False,15.0,70.0,0.0,False,11.0,0.0,True,1
87821,National Cup,2021.0,572570.0,M,North America,High school,0-35,High,False,0.0,False,0.0,False,315.0,248.0,0.0,223.0,84.0,1742.0,False,1.0,0.0,0.0,False,6.0,0.0,False,1
16494,Local Match,2021.0,625034.0,M,South America,High school,0-35,Middle-Low,False,0.0,False,60.0,False,331.0,828.0,0.0,190.0,205.0,90.0,False,1.0,14.0,3.0,False,1.0,0.0,False,0
64529,Regional Tournament,2021.0,627613.0,M,Northern Africa,Middle school,0-35,High,False,0.0,False,0.0,False,20.0,2.0,0.0,100.0,8.0,29.0,False,0.0,0.0,0.0,False,10.0,0.0,False,0
49223,Regional Tournament,2019.0,607909.0,F,North America,High school,35-55,Middle-High,False,0.0,False,60.0,False,65.0,27.0,0.0,53.0,23.0,78.0,False,0.0,0.0,0.0,False,7.0,0.0,False,1
50764,World Championship,2021.0,629153.0,F,East Asia,Middle school,0-35,High,False,0.0,False,0.0,False,182.0,234.0,0.0,266.0,14.0,98.0,False,0.0,0.0,0.0,False,0.0,0.0,True,1
14083,Federation League,2021.0,547786.0,M,North America,University Degree,0-35,High,False,0.0,False,60.0,False,107.0,237.0,0.0,63.0,56.0,0.0,False,0.0,24.0,0.0,False,3.0,0.0,False,0
63419,Local Match,2019.0,2472033.0,M,Central Asia,High school,35-55,Middle-High,False,1.0,False,140.0,True,136.0,599.0,0.0,177.0,97.0,232.0,False,0.0,0.0,0.0,False,1.0,1.0,True,1
49343,National Cup,2021.0,629773.0,M,Oceania,High school,0-35,Middle-High,True,0.0,False,30.0,False,44.0,16.0,0.0,3.0,27.0,32.0,False,0.0,0.0,0.0,False,2.0,0.0,False,0
78614,Regional Tournament,2020.0,1574398.0,F,North America,High school,35-55,Middle-Low,False,0.0,False,30.0,False,1400.0,44.0,2.0,8065.0,265.0,151.0,False,0.0,0.0,0.0,False,75.0,0.0,False,1
25866,Regional Tournament,2020.0,142324.0,F,Western Europe,Middle school,35-55,Middle-Low,False,0.0,False,0.0,False,36.0,4.0,0.0,104.0,7.0,46.0,False,0.0,0.0,0.0,False,2.0,0.0,False,0
75699,Local Match,2022.0,676064.0,M,Eastern Europe,High school,0-35,Middle,False,0.0,False,0.0,False,750.0,1419.0,0.0,684.0,305.0,1133.0,True,1.0,31.0,23.0,False,25.0,2.0,True,1
27973,Regional Tournament,2019.0,607914.0,F,Northern Africa,High school,35-55,Low,False,0.0,False,0.0,False,620.0,78.0,7.0,1980.0,64.0,117.0,False,4.0,0.0,0.0,False,85.0,0.0,True,1
70359,Local Match,2021.0,475811.0,M,South America,Middle school,0-35,High,False,1.0,False,0.0,True,408.0,902.0,0.0,240.0,166.0,729.0,False,18.0,13.0,9.0,False,12.0,0.0,True,1
74091,National Cup,2022.0,633198.0,F,Western Europe,Middle school,0-35,Middle-Low,False,0.0,False,0.0,False,99.0,19.0,0.0,112.0,35.0,63.0,False,0.0,0.0,0.0,False,9.0,0.0,False,0
35223,World Championship,2019.0,2477040.0,F,East Asia,High school,0-35,Middle-Low,False,0.0,False,30.0,False,78.0,56.0,0.0,124.0,17.0,14.0,False,0.0,0.0,0.0,False,0.0,0.0,True,0
25538,Federation League,2021.0,609354.0,F,North America,Middle school,0-35,High,False,0.0,False,60.0,False,232.0,240.0,0.0,212.0,116.0,6.0,False,1.0,54.0,0.0,False,16.0,0.0,False,0
16640,Local Match,2022.0,675261.0,F,Middle East,High school,0-35,Middle-Low,False,0.0,False,60.0,False,261.0,692.0,0.0,204.0,188.0,673.0,True,1.0,,1.0,False,10.0,0.0,True,1
61910,Regional Tournament,2022.0,2232976.0,F,Central America,High school,0-35,Middle,True,0.0,False,0.0,False,111.0,95.0,6.0,176.0,40.0,19.0,False,3.0,0.0,0.0,False,0.0,0.0,False,0
16962,Continental Championship,2022.0,674720.0,M,South America,Middle school,0-35,Middle-Low,False,0.0,False,0.0,False,68.0,70.0,0.0,57.0,8.0,102.0,False,1.0,0.0,0.0,False,11.0,1.0,True,0
74407,Local Match,2021.0,606976.0,M,Southern Africa,Middle school,0-35,High,False,0.0,False,0.0,True,192.0,226.0,0.0,229.0,151.0,502.0,False,10.0,12.0,0.0,False,9.0,0.0,True,1
70931,Regional Tournament,2020.0,192424.0,,Central America,High school,35-55,Middle-High,False,0.0,False,60.0,False,254.0,59.0,0.0,314.0,120.0,75.0,False,0.0,0.0,0.0,False,21.0,9.0,False,1
88647,Regional Tournament,2021.0,613355.0,M,Central America,High school,35-55,High,False,0.0,False,0.0,False,98.0,35.0,0.0,94.0,29.0,70.0,False,0.0,0.0,0.0,False,5.0,0.0,True,1
88286,World Championship,2019.0,579201.0,F,Southern Europe,High school,35-55,Low,False,0.0,False,,False,142.0,200.0,1.0,59.0,16.0,192.0,False,0.0,0.0,0.0,False,0.0,0.0,True,1
62439,Local Match,2020.0,534784.0,M,Northern Africa,Middle school,0-35,Middle-Low,False,0.0,False,0.0,False,444.0,1227.0,0.0,201.0,317.0,769.0,False,0.0,1.0,0.0,False,36.0,2.0,True,1
62034,Regional Tournament,2019.0,501208.0,F,Oceania,Middle school,35-55,High,False,1.0,False,0.0,False,59.0,66.0,0.0,6.0,30.0,34.0,False,0.0,0.0,0.0,False,8.0,0.0,True,1
70401,Regional Tournament,2019.0,571871.0,F,Oceania,High school,0-35,Middle-Low,False,0.0,False,60.0,False,236.0,143.0,2.0,293.0,94.0,107.0,False,1.0,0.0,0.0,False,27.0,0.0,False,1
19781,Local Match,2019.0,603611.0,M,Western Europe,High school,0-35,Middle-Low,False,0.0,False,0.0,True,278.0,1323.0,0.0,230.0,216.0,561.0,False,0.0,27.0,9.0,False,17.0,4.0,True,1
63382,National Cup,2022.0,623124.0,F,South America,High school,0-35,Middle-Low,False,0.0,False,90.0,False,326.0,255.0,0.0,117.0,120.0,5774.0,False,4.0,0.0,0.0,False,9.0,0.0,,1
67670,National Cup,2022.0,510266.0,M,North America,High school,35-55,Middle-Low,False,0.0,False,0.0,False,686.0,299.0,0.0,1197.0,135.0,636.0,False,29.0,0.0,0.0,False,9.0,0.0,False,0
25117,Regional Tournament,2019.0,2034300.0,F,South America,Middle school,35-55,Low,False,1.0,False,0.0,False,57.0,38.0,0.0,24.0,24.0,100.0,False,0.0,0.0,0.0,False,13.0,0.0,False,1
89635,Regional Tournament,2020.0,2616787.0,F,Central Asia,High school,35-55,Middle-Low,True,0.0,False,30.0,False,174.0,58.0,3.0,199.0,102.0,77.0,False,0.0,0.0,0.0,False,9.0,1.0,False,1
23405,Regional Tournament,2022.0,648760.0,F,Central Asia,Middle school,0-35,High,False,0.0,False,60.0,False,179.0,761.0,0.0,127.0,24.0,111.0,False,1.0,0.0,10.0,False,0.0,0.0,True,1
62322,Regional Tournament,2022.0,682316.0,M,Middle East,Middle school,35-55,Middle,False,0.0,False,0.0,False,205.0,459.0,0.0,126.0,25.0,75.0,False,10.0,0.0,6.0,False,2.0,0.0,True,1
78247,National Cup,2021.0,611176.0,M,Southern Africa,Middle school,35-55,High,False,0.0,False,0.0,False,163.0,50.0,0.0,32.0,86.0,340.0,False,0.0,0.0,0.0,False,10.0,0.0,False,1
27723,Local Match,2020.0,518771.0,M,Central America,Middle school,0-35,Middle-Low,False,1.0,False,60.0,False,45.0,141.0,0.0,38.0,58.0,73.0,False,0.0,0.0,0.0,False,2.0,7.0,False,0
14536,Local Match,2022.0,650108.0,F,Central Asia,High school,0-35,Middle,False,0.0,False,60.0,False,474.0,1789.0,0.0,211.0,480.0,1093.0,True,5.0,187.0,33.0,False,57.0,17.0,True,1
33581,Federation League,2021.0,583053.0,F,Northern Africa,High school,0-35,,False,0.0,False,0.0,False,536.0,243.0,0.0,237.0,515.0,27.0,False,38.0,115.0,0.0,False,47.0,0.0,True,1
90922,Local Match,2021.0,2697630.0,M,Central Asia,University Degree,0-35,High,False,1.0,False,60.0,True,135.0,274.0,0.0,90.0,136.0,465.0,False,0.0,1.0,0.0,False,6.0,0.0,True,1
45866,National Cup,2021.0,86047.0,F,Central America,University Degree,0-35,Middle-Low,False,0.0,False,,False,37.0,42.0,0.0,2.0,27.0,66.0,False,0.0,0.0,0.0,False,1.0,0.0,False,0
45720,Regional Tournament,2020.0,518876.0,F,Central America,Middle school,0-35,Middle,False,0.0,False,90.0,False,103.0,38.0,0.0,217.0,69.0,73.0,False,0.0,0.0,0.0,False,13.0,0.0,False,1
85513,Regional Tournament,2022.0,565273.0,F,Southern Europe,High school,0-35,Middle-Low,False,0.0,False,60.0,False,233.0,776.0,9.0,444.0,68.0,202.0,False,32.0,0.0,11.0,False,0.0,0.0,False,1
76162,Olympic Games,2022.0,1456619.0,M,Middle East,High school,35-55,High,False,1.0,False,0.0,False,102.0,477.0,4.0,66.0,47.0,0.0,False,0.0,0.0,0.0,False,10.0,0.0,False,0
44282,Regional Tournament,2019.0,517352.0,,Western Europe,Middle school,0-35,High,False,0.0,False,0.0,False,149.0,56.0,0.0,422.0,22.0,65.0,False,0.0,0.0,0.0,False,6.0,0.0,False,1
92340,Federation League,2020.0,1719566.0,M,North America,High school,35-55,Middle,False,0.0,False,0.0,False,270.0,231.0,4.0,119.0,177.0,24.0,False,0.0,40.0,0.0,False,77.0,14.0,False,1
72903,Local Match,2022.0,596052.0,M,Oceania,Middle school,0-35,Middle-Low,True,0.0,False,60.0,False,58.0,264.0,0.0,25.0,47.0,65.0,True,5.0,34.0,3.0,False,2.0,0.0,True,0
85826,Local Match,2020.0,550961.0,M,South America,High school,0-35,Middle-Low,False,0.0,False,30.0,False,72.0,144.0,1.0,76.0,78.0,1.0,False,0.0,0.0,0.0,False,4.0,0.0,True,0
23979,Regional Tournament,2020.0,510492.0,F,Middle East,Middle school,0-35,High,False,0.0,False,120.0,False,49.0,12.0,0.0,94.0,33.0,75.0,False,0.0,0.0,0.0,False,4.0,0.0,False,0
31552,Continental Championship,2022.0,407731.0,M,North America,Middle school,0-35,High,False,0.0,False,0.0,False,249.0,477.0,0.0,702.0,12.0,113.0,False,0.0,150.0,0.0,False,51.0,0.0,False,1
35704,Local Match,2019.0,110881.0,F,Western Europe,High school,0-35,Middle,False,0.0,False,0.0,True,675.0,1802.0,0.0,343.0,350.0,1008.0,False,1.0,26.0,23.0,False,48.0,0.0,True,1
31396,Local Match,2019.0,579416.0,M,Central Asia,Middle school,0-35,Middle,False,0.0,False,0.0,False,66.0,236.0,0.0,56.0,60.0,80.0,False,3.0,1.0,0.0,False,1.0,0.0,True,0
52229,Federation League,2020.0,406498.0,F,Eastern Europe,High school,0-35,Low,False,1.0,False,60.0,False,115.0,56.0,0.0,133.0,73.0,12.0,False,0.0,30.0,0.0,False,19.0,1.0,False,0
42370,Federation League,2020.0,1018685.0,M,South Asia,Middle school,35-55,Middle-Low,False,0.0,False,0.0,False,236.0,89.0,0.0,76.0,149.0,18.0,False,0.0,16.0,0.0,False,108.0,62.0,False,0
48879,Local Match,2021.0,629739.0,M,South America,High school,0-35,Middle-Low,False,0.0,False,0.0,True,192.0,520.0,0.0,183.0,122.0,713.0,False,1.0,1.0,0.0,False,16.0,0.0,True,1
13402,National Cup,2022.0,526601.0,M,East Asia,Middle school,35-55,High,False,0.0,False,0.0,False,63.0,82.0,0.0,10.0,22.0,155.0,False,1.0,0.0,0.0,False,0.0,0.0,False,0
90120,Olympic Games,2022.0,544253.0,M,South America,High school,35-55,High,False,0.0,False,60.0,False,693.0,1232.0,2.0,141.0,165.0,0.0,False,0.0,0.0,0.0,False,34.0,3.0,False,1
48750,Regional Tournament,2020.0,2518653.0,F,Central America,High school,0-35,Middle,False,0.0,False,60.0,False,240.0,34.0,0.0,250.0,58.0,83.0,False,0.0,0.0,0.0,False,5.0,0.0,False,1
63192,World Championship,2022.0,686112.0,F,South America,High school,0-35,Middle-Low,False,0.0,False,,False,548.0,645.0,10.0,420.0,90.0,104.0,False,0.0,0.0,0.0,False,0.0,0.0,True,1
50036,World Championship,2021.0,613611.0,F,Northern Africa,Middle school,0-35,Middle,False,0.0,False,,False,59.0,62.0,0.0,7.0,18.0,2.0,False,0.0,0.0,0.0,False,0.0,0.0,True,0
21093,Local Match,2021.0,515965.0,M,South America,University Degree,35-55,Middle-Low,False,1.0,False,60.0,False,62.0,75.0,0.0,35.0,33.0,0.0,False,1.0,1.0,0.0,False,3.0,0.0,False,0
51269,Local Match,2019.0,599168.0,M,Central Asia,,35-55,Middle,False,0.0,False,0.0,False,84.0,147.0,0.0,88.0,48.0,0.0,False,0.0,17.0,0.0,False,9.0,0.0,True,0
89278,National Cup,2022.0,857856.0,M,Middle East,High school,55<=,Middle,False,0.0,False,0.0,False,27.0,18.0,0.0,6.0,18.0,71.0,False,0.0,0.0,0.0,False,2.0,0.0,False,0
47923,Regional Tournament,2019.0,602458.0,F,North America,University Degree,35-55,Middle-Low,False,0.0,False,0.0,False,237.0,64.0,1.0,264.0,94.0,78.0,False,0.0,0.0,0.0,False,41.0,0.0,False,1
74570,World Championship,2021.0,608907.0,F,East Asia,Middle school,,Middle-Low,False,1.0,False,0.0,False,66.0,274.0,15.0,12.0,8.0,103.0,False,0.0,0.0,0.0,False,0.0,0.0,False,1
22845,Continental Championship,2022.0,128817.0,M,Western Europe,Middle school,35-55,High,False,0.0,False,0.0,False,105.0,382.0,0.0,82.0,22.0,127.0,False,0.0,0.0,0.0,False,17.0,0.0,True,0
65982,National Cup,2022.0,642839.0,F,Eastern Europe,Middle school,0-35,Low,False,0.0,False,90.0,False,89.0,55.0,0.0,25.0,24.0,135.0,False,0.0,0.0,0.0,False,2.0,0.0,False,0
44750,Local Match,2021.0,630045.0,M,Northern Africa,Middle school,0-35,Middle-High,False,0.0,False,0.0,True,316.0,3419.0,0.0,241.0,812.0,1049.0,False,2.0,64.0,9.0,False,43.0,7.0,True,1
40503,Regional Tournament,2022.0,1835389.0,F,Northern Africa,University Degree,35-55,High,False,0.0,False,0.0,False,417.0,942.0,6.0,718.0,36.0,88.0,False,16.0,0.0,12.0,False,1.0,0.0,True,1
10330,Local Match,2022.0,685155.0,M,Northern Africa,Middle school,0-35,Low,False,0.0,False,0.0,False,588.0,2203.0,0.0,430.0,412.0,1099.0,True,7.0,36.0,12.0,False,33.0,18.0,True,1
75225,Regional Tournament,2022.0,696440.0,F,Southern Africa,High school,0-35,Middle,False,0.0,False,0.0,False,46.0,179.0,0.0,18.0,10.0,39.0,False,0.0,0.0,0.0,False,0.0,0.0,,1
92647,National Cup,2022.0,2268049.0,F,Oceania,Middle school,0-35,High,False,0.0,False,,False,38.0,5.0,0.0,2.0,19.0,209.0,False,0.0,0.0,0.0,False,0.0,0.0,False,0
87640,Regional Tournament,2022.0,516588.0,F,Southern Europe,High school,0-35,Middle,False,0.0,False,0.0,False,12.0,8.0,0.0,0.0,1.0,0.0,False,0.0,0.0,0.0,False,0.0,0.0,False,0
15836,Federation League,2019.0,123497.0,M,Western Europe,High school,0-35,Middle-High,False,1.0,False,0.0,False,121.0,101.0,0.0,104.0,129.0,3.0,False,13.0,20.0,0.0,False,6.0,0.0,False,0
99341,Federation League,2020.0,551169.0,M,Eastern Europe,University Degree,35-55,High,False,0.0,False,0.0,False,846.0,293.0,1.0,579.0,243.0,62.0,False,0.0,126.0,0.0,False,207.0,37.0,True,0
17049,Local Match,2022.0,680145.0,M,Northern Africa,Middle school,0-35,Middle-Low,True,0.0,False,30.0,False,259.0,889.0,0.0,161.0,177.0,536.0,True,0.0,20.0,11.0,False,17.0,0.0,True,1
67690,Local Match,2019.0,473491.0,M,South Asia,Middle school,0-35,High,False,1.0,False,0.0,True,442.0,1459.0,0.0,145.0,264.0,247.0,False,19.0,12.0,6.0,False,44.0,18.0,True,1
46760,Regional Tournament,2022.0,2444705.0,F,Northern Africa,Middle school,35-55,Low,False,3.0,False,0.0,False,347.0,662.0,2.0,182.0,55.0,307.0,False,3.0,0.0,11.0,False,4.0,0.0,True,1
97603,Local Match,2019.0,394239.0,M,North America,High school,35-55,Low,False,0.0,False,0.0,True,243.0,1203.0,0.0,44.0,172.0,460.0,False,4.0,12.0,4.0,False,12.0,17.0,True,1
67898,Regional Tournament,2020.0,507184.0,F,Western Europe,High school,0-35,Low,False,0.0,False,0.0,False,16.0,1.0,0.0,32.0,0.0,0.0,False,0.0,0.0,0.0,False,4.0,0.0,False,0
61456,Local Match,,83603.0,M,South America,High school,35-55,High,False,0.0,False,0.0,True,371.0,1290.0,0.0,154.0,389.0,643.0,False,9.0,20.0,10.0,False,48.0,0.0,True,1
57235,Regional Tournament,2021.0,594417.0,F,Southern Europe,University Degree,0-35,High,False,0.0,False,0.0,False,46.0,14.0,0.0,203.0,11.0,74.0,False,0.0,0.0,0.0,False,8.0,0.0,True,1
81430,Local Match,2019.0,579064.0,M,Eastern Europe,Middle school,0-35,Low,False,0.0,False,0.0,False,267.0,251.0,0.0,572.0,214.0,284.0,False,1.0,14.0,0.0,False,16.0,0.0,True,0
92592,Federation League,2021.0,412663.0,M,Northern Africa,High school,0-35,Low,False,0.0,False,0.0,False,278.0,154.0,1.0,255.0,198.0,9.0,False,8.0,52.0,0.0,False,13.0,0.0,True,1
98460,National Cup,2022.0,690948.0,M,Western Europe,Middle school,0-35,High,False,0.0,False,0.0,False,548.0,3905.0,0.0,6.0,215.0,866.0,False,0.0,0.0,0.0,False,17.0,0.0,False,0
13723,World Championship,2021.0,29985.0,F,East Asia,Middle school,0-35,Middle-Low,False,0.0,False,,False,125.0,345.0,0.0,96.0,30.0,164.0,False,0.0,0.0,0.0,False,0.0,0.0,True,1
62944,National Cup,2022.0,595495.0,M,Western Europe,High school,0-35,Middle,True,0.0,False,0.0,False,838.0,354.0,0.0,870.0,530.0,3263.0,False,8.0,0.0,0.0,False,22.0,0.0,False,1
35043,World Championship,2022.0,290854.0,F,North America,High school,35-55,Low,False,0.0,False,,False,160.0,485.0,75.0,262.0,113.0,71.0,False,0.0,0.0,0.0,False,0.0,0.0,True,1
59825,Local Match,2019.0,602895.0,F,North America,University Degree,0-35,Middle,False,0.0,False,30.0,True,227.0,397.0,0.0,238.0,262.0,747.0,False,0.0,11.0,0.0,False,15.0,0.0,False,0
16999,Local Match,2020.0,550787.0,F,Southern Africa,High school,0-35,Low,False,0.0,False,0.0,False,449.0,2165.0,0.0,279.0,622.0,967.0,False,0.0,58.0,17.0,False,27.0,15.0,True,0
21552,Regional Tournament,2022.0,582709.0,F,Western Europe,Middle school,35-55,High,False,0.0,False,0.0,,70.0,340.0,0.0,88.0,15.0,0.0,False,0.0,0.0,0.0,False,0.0,0.0,True,1
84991,Regional Tournament,2019.0,278272.0,M,Western Europe,University Degree,35-55,Middle-Low,False,1.0,False,60.0,False,94.0,16.0,0.0,55.0,12.0,75.0,False,0.0,0.0,0.0,False,22.0,0.0,False,0
87500,Local Match,2020.0,160193.0,M,Southern Europe,High school,0-35,Middle-Low,False,2.0,False,60.0,False,50.0,119.0,0.0,11.0,46.0,82.0,False,0.0,1.0,0.0,False,5.0,0.0,True,0
84761,Continental Championship,2022.0,685292.0,M,South America,Middle school,35-55,Middle-Low,False,0.0,False,60.0,False,378.0,265.0,0.0,39.0,89.0,229.0,False,4.0,375.0,0.0,False,41.0,,False,1
94425,National Cup,2022.0,697998.0,M,Western Europe,Middle school,35-55,High,False,0.0,False,60.0,False,111.0,258.0,0.0,35.0,39.0,1024.0,False,0.0,0.0,0.0,False,6.0,0.0,False,0
16522,Regional Tournament,2020.0,546811.0,F,Western Europe,Middle school,0-35,Middle,False,0.0,False,60.0,False,30.0,1.0,0.0,76.0,7.0,27.0,False,0.0,0.0,0.0,False,1.0,0.0,False,1
86916,Regional Tournament,2022.0,598581.0,F,South America,High school,0-35,Middle-Low,False,0.0,False,0.0,False,104.0,498.0,0.0,11.0,13.0,78.0,False,4.0,0.0,5.0,False,1.0,0.0,True,1
29054,Regional Tournament,2022.0,697912.0,M,Northern Africa,Middle school,35-55,High,False,0.0,False,60.0,False,50.0,63.0,0.0,26.0,21.0,0.0,False,0.0,0.0,0.0,False,0.0,0.0,False,0
51654,World Championship,2019.0,579203.0,F,South America,High school,35-55,Middle-Low,False,0.0,False,,False,174.0,156.0,2.0,33.0,37.0,126.0,False,0.0,0.0,0.0,False,0.0,0.0,True,1
65769,Regional Tournament,2022.0,565576.0,F,Northern Africa,High school,35-55,High,False,0.0,False,0.0,False,277.0,944.0,0.0,217.0,39.0,371.0,False,30.0,0.0,8.0,False,4.0,0.0,True,1
13039,Local Match,2022.0,646539.0,F,North America,University Degree,0-35,Low,False,0.0,False,30.0,False,274.0,917.0,0.0,110.0,202.0,683.0,True,0.0,4.0,7.0,False,12.0,0.0,True,1
11092,Regional Tournament,2022.0,686688.0,F,Eastern Europe,Middle school,35-55,Middle,False,0.0,False,0.0,False,342.0,985.0,8.0,92.0,59.0,36.0,False,11.0,0.0,0.0,False,2.0,0.0,False,0
73890,Continental Championship,2022.0,161781.0,M,North America,High school,0-35,High,False,0.0,False,30.0,False,101.0,181.0,0.0,160.0,13.0,77.0,False,0.0,0.0,0.0,False,13.0,0.0,True,0
28625,Regional Tournament,2021.0,383967.0,F,Western Europe,High school,0-35,Middle,False,0.0,False,30.0,False,83.0,42.0,0.0,22.0,40.0,75.0,False,0.0,0.0,0.0,False,7.0,0.0,True,1
98735,Local Match,2022.0,653417.0,M,South America,High school,0-35,Middle-High,False,0.0,False,60.0,False,226.0,371.0,0.0,100.0,201.0,588.0,True,3.0,6.0,0.0,False,12.0,7.0,True,1
21435,Continental Championship,2022.0,465406.0,M,Northern Africa,High school,0-35,High,False,0.0,False,0.0,False,224.0,734.0,0.0,93.0,141.0,130.0,False,2.0,220.0,0.0,False,43.0,0.0,False,1
17818,National Cup,2021.0,588846.0,M,Northern Africa,University Degree,0-35,High,False,0.0,False,0.0,False,68.0,40.0,0.0,11.0,56.0,384.0,False,2.0,0.0,0.0,False,2.0,0.0,False,0
32621,Federation League,2022.0,132511.0,F,Western Europe,High school,0-35,Low,False,0.0,False,60.0,False,123.0,114.0,0.0,125.0,33.0,1.0,False,1.0,0.0,0.0,False,6.0,0.0,True,0
42330,World Championship,2022.0,675811.0,F,Western Europe,Middle school,35-55,High,False,0.0,False,,False,712.0,1535.0,36.0,644.0,129.0,147.0,False,0.0,0.0,0.0,False,0.0,0.0,True,1
45167,Regional Tournament,2021.0,626951.0,F,Central America,High school,35-55,High,False,0.0,False,0.0,False,185.0,72.0,1.0,167.0,66.0,70.0,False,0.0,0.0,0.0,False,17.0,0.0,False,1
74389,Local Match,2019.0,592856.0,M,East Asia,Middle school,0-35,Middle,False,0.0,False,0.0,True,138.0,284.0,0.0,46.0,157.0,571.0,False,1.0,2.0,0.0,False,11.0,0.0,True,1
22190,Regional Tournament,2022.0,601930.0,F,Eastern Europe,Middle school,0-35,Low,False,0.0,False,0.0,False,28.0,22.0,0.0,0.0,2.0,0.0,False,0.0,0.0,0.0,False,1.0,0.0,True,0
78302,Regional Tournament,2019.0,584408.0,F,Central Asia,Middle school,35-55,High,False,0.0,False,0.0,False,29.0,11.0,0.0,14.0,10.0,54.0,False,0.0,0.0,0.0,False,1.0,0.0,False,0
15750,Continental Championship,2022.0,387944.0,M,Oceania,High school,35-55,High,False,0.0,False,0.0,False,290.0,659.0,0.0,10.0,109.0,124.0,False,2.0,355.0,0.0,False,35.0,0.0,False,0
71122,Regional Tournament,2021.0,2181205.0,F,South America,Middle school,0-35,Low,False,0.0,False,60.0,False,152.0,64.0,0.0,563.0,47.0,102.0,False,1.0,0.0,0.0,False,6.0,0.0,False,1
12962,Local Match,2022.0,652684.0,M,South Asia,High school,0-35,High,False,0.0,False,0.0,False,744.0,3024.0,0.0,452.0,479.0,1309.0,True,7.0,80.0,22.0,False,43.0,8.0,True,1
34452,Federation League,2019.0,547737.0,F,South America,Middle school,0-35,High,False,0.0,False,0.0,False,418.0,275.0,0.0,351.0,302.0,3.0,False,32.0,68.0,0.0,False,40.0,0.0,True,1
42532,Local Match,2020.0,551805.0,M,Northern Africa,Middle school,0-35,Middle-Low,False,0.0,False,60.0,False,199.0,703.0,0.0,29.0,168.0,592.0,False,0.0,22.0,9.0,False,15.0,3.0,True,1
72282,Local Match,2022.0,441165.0,M,East Asia,High school,0-35,High,True,1.0,False,60.0,False,381.0,584.0,0.0,205.0,283.0,857.0,True,19.0,3.0,0.0,False,33.0,0.0,True,1
86088,Federation League,2022.0,2509321.0,M,,Middle school,0-35,Low,False,0.0,False,0.0,False,230.0,92.0,0.0,181.0,150.0,1.0,False,9.0,0.0,0.0,False,55.0,0.0,False,1
54353,Federation League,2019.0,84605.0,M,South Asia,High school,35-55,High,False,0.0,False,60.0,False,214.0,200.0,0.0,256.0,100.0,9.0,False,2.0,9.0,0.0,False,16.0,0.0,False,0
96810,Federation League,2019.0,983970.0,M,Central Asia,University Degree,35-55,High,False,0.0,False,30.0,False,507.0,260.0,29.0,179.0,147.0,30.0,False,4.0,307.0,0.0,False,2.0,0.0,True,1
90073,Local Match,2019.0,2290267.0,M,South Asia,Middle school,0-35,Middle,False,1.0,False,60.0,True,488.0,1085.0,0.0,155.0,257.0,658.0,False,1.0,69.0,13.0,False,19.0,10.0,True,1
96755,Federation League,2022.0,676787.0,F,East Asia,High school,0-35,High,False,0.0,False,0.0,False,693.0,255.0,18.0,1682.0,190.0,11.0,False,70.0,0.0,0.0,False,58.0,0.0,True,1
78152,World Championship,2021.0,511492.0,F,Oceania,Middle school,0-35,High,False,1.0,False,0.0,False,32.0,11.0,0.0,10.0,4.0,3.0,False,0.0,0.0,0.0,False,0.0,0.0,True,0
72636,Continental Championship,2022.0,494270.0,M,South America,High school,35-55,High,False,0.0,False,30.0,False,315.0,1099.0,0.0,606.0,31.0,135.0,False,7.0,268.0,0.0,False,49.0,0.0,True,1
94524,Federation League,2019.0,574035.0,M,Central America,University Degree,0-35,Low,False,0.0,False,0.0,False,111.0,145.0,0.0,301.0,135.0,14.0,False,0.0,66.0,0.0,False,8.0,0.0,True,1
44316,Local Match,2019.0,606459.0,M,Middle East,Middle school,0-35,High,False,0.0,False,30.0,False,107.0,177.0,0.0,97.0,79.0,1.0,False,1.0,3.0,3.0,False,1.0,0.0,False,0
99746,National Cup,2022.0,2462607.0,F,Western Europe,University Degree,35-55,Middle,False,0.0,False,30.0,False,750.0,525.0,0.0,450.0,215.0,3146.0,False,0.0,0.0,0.0,False,14.0,0.0,False,1
14920,Local Match,2020.0,539364.0,M,Northern Africa,High school,0-35,Low,False,0.0,False,30.0,False,181.0,671.0,0.0,239.0,197.0,652.0,False,0.0,1.0,0.0,False,11.0,6.0,False,0
86282,National Cup,2021.0,570872.0,F,South America,High school,0-35,Middle-Low,True,0.0,False,30.0,False,183.0,98.0,0.0,19.0,146.0,461.0,False,0.0,0.0,0.0,False,3.0,0.0,True,1
90856,Regional Tournament,2022.0,280054.0,F,Central America,Middle school,0-35,Low,False,0.0,False,0.0,False,91.0,104.0,0.0,1.0,5.0,3.0,False,1.0,0.0,0.0,False,2.0,0.0,True,0
43310,Local Match,2020.0,36385.0,M,Eastern Europe,Middle school,0-35,Middle-High,True,0.0,False,60.0,False,210.0,92.0,0.0,691.0,61.0,286.0,False,0.0,0.0,0.0,False,11.0,4.0,True,0
71699,World Championship,2019.0,602768.0,F,South America,Middle school,0-35,Low,False,0.0,False,,False,78.0,176.0,1.0,45.0,23.0,3.0,False,0.0,0.0,0.0,False,0.0,0.0,False,0
13133,Regional Tournament,2019.0,2451269.0,F,North America,Middle school,0-35,Middle,False,0.0,False,120.0,False,218.0,74.0,0.0,329.0,41.0,76.0,False,1.0,0.0,0.0,False,7.0,0.0,False,1
29326,Regional Tournament,2021.0,562857.0,F,South America,Middle school,35-55,Middle-Low,False,0.0,False,0.0,False,871.0,354.0,5.0,1275.0,300.0,69.0,False,1.0,0.0,0.0,False,123.0,0.0,True,1
13361,Local Match,2019.0,543953.0,F,Oceania,Middle school,0-35,Middle,False,0.0,False,0.0,True,872.0,3482.0,107.0,575.0,864.0,3951.0,False,32.0,249.0,27.0,False,46.0,19.0,True,1
66207,Regional Tournament,2020.0,377905.0,F,Central Asia,Middle school,0-35,Middle-Low,False,2.0,False,90.0,False,142.0,9.0,0.0,352.0,19.0,15.0,False,0.0,0.0,0.0,False,5.0,0.0,False,0
61522,Local Match,2019.0,465893.0,M,Southern Europe,High school,0-35,Low,False,0.0,False,0.0,True,514.0,1273.0,0.0,556.0,312.0,,False,4.0,34.0,26.0,False,27.0,31.0,True,1
87207,Regional Tournament,2022.0,565182.0,F,North America,High school,35-55,High,False,1.0,False,0.0,False,357.0,843.0,3.0,176.0,165.0,83.0,False,20.0,0.0,15.0,False,7.0,0.0,True,1
81516,Regional Tournament,2019.0,588642.0,F,South America,High school,0-35,Low,False,0.0,False,60.0,False,133.0,39.0,0.0,169.0,49.0,79.0,False,0.0,0.0,0.0,False,6.0,0.0,False,1
16021,Regional Tournament,2019.0,605207.0,F,Oceania,Middle school,35-55,High,True,0.0,False,60.0,False,342.0,82.0,0.0,528.0,47.0,78.0,False,0.0,0.0,0.0,False,89.0,0.0,False,1
51078,Regional Tournament,2019.0,596108.0,M,Central America,Middle school,35-55,Middle-Low,False,0.0,False,0.0,False,103.0,31.0,1.0,99.0,18.0,29.0,False,0.0,0.0,0.0,False,20.0,0.0,False,1
57399,Local Match,2019.0,595246.0,M,Northern Africa,Middle school,0-35,Middle-Low,False,0.0,False,60.0,False,98.0,125.0,0.0,83.0,84.0,48.0,False,0.0,0.0,0.0,False,7.0,0.0,False,0
26706,Local Match,2021.0,341044.0,M,Middle East,Elementary school,0-35,Middle-Low,False,1.0,True,30.0,False,177.0,331.0,0.0,29.0,77.0,19.0,False,0.0,0.0,0.0,False,6.0,0.0,False,0
13003,Local Match,2020.0,2140087.0,F,East Asia,High school,35-55,Middle,False,0.0,False,30.0,False,240.0,982.0,0.0,167.0,239.0,697.0,False,0.0,8.0,0.0,False,47.0,9.0,True,1
78664,Continental Championship,2019.0,509156.0,M,Western Europe,High school,0-35,Middle-Low,False,0.0,False,,False,137.0,413.0,0.0,71.0,69.0,148.0,False,0.0,,0.0,False,12.0,3.0,True,0
66343,Local Match,2022.0,653773.0,M,South America,High school,0-35,Middle-Low,True,0.0,False,0.0,False,675.0,1758.0,0.0,527.0,350.0,1047.0,True,3.0,35.0,30.0,False,60.0,29.0,True,1
61990,Regional Tournament,2020.0,116603.0,F,North America,University Degree,35-55,Middle-Low,False,0.0,False,0.0,False,307.0,41.0,0.0,662.0,67.0,95.0,False,0.0,0.0,0.0,False,7.0,0.0,False,1
95900,National Cup,2021.0,152962.0,F,Western Europe,High school,35-55,High,False,0.0,False,,False,455.0,583.0,0.0,,489.0,6569.0,False,1.0,0.0,0.0,False,17.0,0.0,False,1
26232,Federation League,2020.0,553964.0,M,Northern Africa,Middle school,0-35,Low,False,0.0,False,0.0,False,663.0,197.0,4.0,687.0,317.0,32.0,False,0.0,158.0,0.0,False,87.0,11.0,False,1
98882,Continental Championship,2019.0,606743.0,M,South America,Middle school,0-35,Middle-Low,False,0.0,False,60.0,False,78.0,223.0,0.0,32.0,22.0,75.0,False,1.0,41.0,0.0,False,11.0,3.0,False,1
33853,Federation League,2020.0,344367.0,M,South Asia,Middle school,0-35,Middle-Low,False,1.0,False,60.0,False,254.0,194.0,0.0,337.0,334.0,34.0,False,0.0,25.0,0.0,False,11.0,10.0,True,0
29024,Local Match,2021.0,610992.0,M,South Asia,High school,35-55,High,False,0.0,False,140.0,True,308.0,879.0,0.0,219.0,163.0,826.0,False,2.0,0.0,0.0,False,7.0,0.0,True,1
96311,Local Match,2022.0,521032.0,M,Western Europe,Middle school,0-35,Middle-Low,False,1.0,False,90.0,False,125.0,182.0,0.0,137.0,124.0,3.0,True,0.0,3.0,0.0,False,7.0,0.0,True,0
26849,Federation League,2022.0,630354.0,M,East Asia,High school,0-35,High,False,0.0,False,0.0,False,110.0,147.0,0.0,138.0,10.0,1.0,False,1.0,0.0,0.0,False,5.0,0.0,True,0
43591,National Cup,2022.0,650863.0,F,South Asia,High school,0-35,Middle-High,False,0.0,False,0.0,False,931.0,458.0,0.0,2112.0,168.0,1174.0,False,0.0,0.0,0.0,False,12.0,0.0,True,1
69110,National Cup,2022.0,482938.0,M,Oceania,Middle school,35-55,Middle-Low,False,0.0,False,120.0,False,49.0,149.0,0.0,16.0,19.0,141.0,False,1.0,0.0,0.0,False,6.0,0.0,False,0
89736,Regional Tournament,2021.0,606634.0,F,Central Asia,Middle school,35-55,Middle-Low,False,0.0,False,30.0,False,74.0,36.0,0.0,63.0,26.0,122.0,False,0.0,0.0,0.0,False,4.0,0.0,False,1
13478,Olympic Games,2019.0,91265.0,M,Northern Africa,University Degree,0-35,Low,False,0.0,False,0.0,False,424.0,902.0,0.0,5.0,116.0,0.0,False,0.0,0.0,0.0,False,39.0,8.0,False,1
74331,Continental Championship,2019.0,466961.0,M,Middle East,High school,0-35,High,False,0.0,False,,False,163.0,319.0,0.0,40.0,28.0,155.0,False,8.0,289.0,0.0,False,27.0,1.0,True,1
12371,Federation League,2021.0,145770.0,M,Southern Europe,Middle school,35-55,Low,False,0.0,False,0.0,False,6.0,12.0,0.0,21.0,3.0,0.0,False,0.0,0.0,0.0,False,0.0,0.0,False,0
61483,National Cup,2022.0,633238.0,F,Oceania,Middle school,0-35,Middle-High,False,0.0,False,30.0,False,49.0,57.0,0.0,13.0,10.0,28.0,False,0.0,0.0,0.0,False,2.0,0.0,False,0
69886,Regional Tournament,2022.0,692907.0,F,Eastern Europe,University Degree,0-35,Middle,False,0.0,False,0.0,False,63.0,228.0,2.0,20.0,26.0,24.0,False,6.0,0.0,0.0,False,2.0,0.0,True,1
11971,Local Match,2019.0,601080.0,M,Central America,Middle school,0-35,Low,False,0.0,False,0.0,False,20.0,15.0,0.0,11.0,28.0,8.0,False,0.0,0.0,0.0,False,6.0,0.0,True,0
44675,Regional Tournament,2020.0,404022.0,F,Middle East,High school,0-35,Middle-Low,False,0.0,False,0.0,False,298.0,29.0,2.0,1793.0,50.0,72.0,False,0.0,0.0,0.0,False,24.0,0.0,False,1
43330,Regional Tournament,2021.0,631724.0,F,East Asia,High school,0-35,Middle-High,False,0.0,False,0.0,False,255.0,72.0,0.0,410.0,64.0,80.0,False,0.0,0.0,0.0,False,54.0,0.0,False,1
50483,Regional Tournament,2020.0,556871.0,F,East Asia,High school,0-35,High,False,0.0,False,0.0,False,300.0,19.0,1.0,710.0,49.0,109.0,False,0.0,0.0,0.0,False,10.0,0.0,False,1
96980,Regional Tournament,2020.0,555695.0,F,Oceania,High school,0-35,High,False,0.0,False,0.0,False,319.0,32.0,0.0,519.0,52.0,79.0,False,0.0,0.0,0.0,False,7.0,1.0,False,1
29351,World Championship,2022.0,651628.0,F,East Asia,Middle school,0-35,Middle,True,0.0,False,,False,103.0,220.0,2.0,51.0,14.0,121.0,False,0.0,0.0,0.0,False,0.0,0.0,True,1
35359,Continental Championship,2022.0,675773.0,M,Southern Europe,High school,0-35,Middle-Low,False,0.0,False,30.0,False,149.0,252.0,0.0,71.0,33.0,149.0,False,8.0,85.0,,False,18.0,0.0,True,1
82512,Olympic Games,2019.0,324002.0,M,Western Europe,University Degree,35-55,Middle,False,0.0,False,0.0,False,335.0,1109.0,0.0,159.0,188.0,0.0,False,0.0,0.0,0.0,False,100.0,10.0,True,1
75127,Local Match,2022.0,678381.0,M,Middle East,High school,0-35,Middle,False,0.0,False,60.0,False,441.0,576.0,0.0,407.0,258.0,856.0,True,2.0,0.0,1.0,False,13.0,1.0,True,1
15486,Federation League,2020.0,375300.0,F,South Asia,University Degree,0-35,Low,False,0.0,False,0.0,False,144.0,104.0,0.0,123.0,122.0,11.0,False,0.0,85.0,0.0,False,5.0,1.0,False,1
27727,Regional Tournament,2022.0,689287.0,F,Eastern Europe,High school,0-35,Middle-Low,False,0.0,False,0.0,False,220.0,732.0,0.0,106.0,41.0,44.0,,10.0,0.0,16.0,False,0.0,0.0,True,1
43492,World Championship,2019.0,595496.0,F,Eastern Europe,Middle school,0-35,Low,True,0.0,False,0.0,False,45.0,171.0,1.0,11.0,14.0,130.0,False,0.0,0.0,0.0,False,0.0,0.0,True,1
96474,Olympic Games,2019.0,420087.0,M,North America,High school,0-35,Middle,True,0.0,False,0.0,False,67.0,168.0,1.0,60.0,42.0,0.0,False,1.0,0.0,0.0,False,3.0,0.0,False,0
52287,Regional Tournament,2021.0,2243703.0,F,Middle East,Middle school,0-35,Middle-Low,False,0.0,False,0.0,False,75.0,24.0,0.0,69.0,15.0,68.0,,2.0,0.0,0.0,False,10.0,0.0,False,1
95135,Continental Championship,2021.0,447235.0,,Western Europe,High school,0-35,Middle,False,0.0,False,,False,241.0,375.0,0.0,93.0,21.0,96.0,False,7.0,340.0,0.0,False,29.0,0.0,False,1
45443,Local Match,2019.0,574570.0,M,South America,High school,0-35,Middle,False,0.0,False,0.0,True,318.0,1560.0,0.0,54.0,268.0,676.0,False,1.0,47.0,24.0,False,29.0,49.0,True,1
93283,Regional Tournament,2020.0,528161.0,F,Central America,High school,0-35,Middle-Low,False,0.0,False,0.0,False,61.0,14.0,0.0,92.0,32.0,57.0,False,0.0,0.0,0.0,False,8.0,0.0,False,1
37111,Federation League,2021.0,611735.0,M,Northern Africa,Middle school,0-35,Low,False,0.0,False,30.0,False,143.0,32.0,0.0,136.0,42.0,5.0,False,6.0,15.0,0.0,False,7.0,0.0,True,0
90325,Federation League,2021.0,623931.0,F,South America,University Degree,0-35,Low,False,0.0,False,0.0,False,148.0,481.0,,73.0,45.0,1.0,False,0.0,106.0,0.0,False,5.0,0.0,True,1
57056,Local Match,2019.0,537328.0,M,Central America,High school,0-35,High,False,0.0,False,60.0,True,406.0,1062.0,7.0,266.0,295.0,517.0,False,2.0,41.0,3.0,False,18.0,6.0,True,1
25563,Local Match,2022.0,675474.0,M,Central America,Middle school,0-35,,False,0.0,False,30.0,False,137.0,111.0,0.0,180.0,69.0,551.0,True,2.0,1.0,0.0,False,4.0,0.0,True,1
14433,Regional Tournament,2019.0,572447.0,F,Central America,High school,0-35,Middle-Low,False,0.0,False,0.0,False,16.0,10.0,0.0,0.0,2.0,45.0,False,0.0,0.0,0.0,False,1.0,0.0,False,1
17910,Local Match,2022.0,636400.0,F,Eastern Europe,High school,0-35,High,False,0.0,False,0.0,False,304.0,1353.0,9.0,151.0,263.0,2514.0,True,2.0,13.0,15.0,False,26.0,13.0,True,1
34219,Regional Tournament,2019.0,512977.0,M,Northern Africa,High school,0-35,Low,False,0.0,False,0.0,False,54.0,27.0,0.0,15.0,23.0,66.0,False,0.0,0.0,0.0,False,4.0,0.0,False,1
84107,Regional Tournament,2019.0,599639.0,F,Eastern Europe,High school,35-55,High,False,0.0,False,60.0,False,145.0,32.0,1.0,534.0,43.0,39.0,False,0.0,0.0,0.0,False,12.0,0.0,False,0
83093,Federation League,2022.0,578616.0,,Western Europe,Middle school,35-55,Low,False,0.0,False,0.0,False,163.0,93.0,0.0,43.0,121.0,33.0,False,4.0,0.0,0.0,False,30.0,0.0,True,1
90811,Local Match,2019.0,269245.0,M,South America,University Degree,35-55,Low,False,0.0,False,60.0,False,68.0,110.0,0.0,240.0,90.0,91.0,False,1.0,1.0,0.0,False,6.0,0.0,True,0
27103,Regional Tournament,2021.0,406600.0,F,Central America,High school,35-55,High,False,0.0,False,0.0,False,84.0,9.0,0.0,120.0,10.0,80.0,False,0.0,0.0,0.0,False,10.0,0.0,False,1
23965,Regional Tournament,2019.0,582474.0,F,Southern Europe,High school,35-55,Middle,False,0.0,False,0.0,False,398.0,121.0,1.0,1041.0,60.0,104.0,False,0.0,0.0,0.0,False,13.0,0.0,True,1
81825,Continental Championship,2019.0,328942.0,M,Central Asia,High school,0-35,High,False,0.0,False,,False,495.0,967.0,0.0,421.0,89.0,178.0,False,0.0,729.0,0.0,False,125.0,4.0,True,1
58808,World Championship,2019.0,575061.0,F,Eastern Europe,Middle school,0-35,Low,False,,False,90.0,False,114.0,210.0,0.0,42.0,7.0,184.0,False,0.0,0.0,0.0,False,0.0,0.0,False,1
87942,Local Match,,483724.0,M,Central America,High school,0-35,Low,False,1.0,False,0.0,False,195.0,221.0,0.0,690.0,95.0,103.0,False,0.0,15.0,9.0,False,3.0,6.0,True,0
90451,Local Match,2022.0,521703.0,M,Western Europe,Middle school,0-35,High,False,2.0,False,60.0,False,83.0,168.0,0.0,112.0,41.0,156.0,True,5.0,3.0,0.0,False,4.0,0.0,True,0
80634,Local Match,2022.0,650123.0,F,Oceania,High school,0-35,High,False,0.0,False,0.0,False,81.0,518.0,2.0,69.0,127.0,76.0,True,0.0,12.0,0.0,False,5.0,0.0,True,0
74010,National Cup,2022.0,144745.0,F,South America,University Degree,0-35,Middle-Low,True,0.0,False,,False,121.0,188.0,0.0,52.0,92.0,336.0,,1.0,0.0,0.0,False,6.0,0.0,False,1
55839,Federation League,2021.0,532194.0,M,South Asia,High school,35-55,High,False,0.0,False,60.0,False,404.0,56.0,0.0,479.0,303.0,4.0,False,11.0,97.0,0.0,False,20.0,0.0,True,0
20838,Local Match,2019.0,2143739.0,M,Northern Africa,Middle school,35-55,Middle,False,0.0,False,120.0,True,464.0,1345.0,4.0,468.0,398.0,1150.0,False,2.0,27.0,0.0,False,34.0,12.0,True,1
10951,Federation League,2020.0,380919.0,M,South America,High school,0-35,Middle,False,0.0,False,0.0,False,548.0,361.0,0.0,313.0,493.0,42.0,False,0.0,103.0,0.0,False,210.0,2.0,False,1
36962,Federation League,2019.0,589723.0,F,East Asia,High school,0-35,High,False,0.0,False,0.0,False,329.0,256.0,0.0,84.0,240.0,48.0,,27.0,37.0,0.0,False,51.0,0.0,True,1
35598,Local Match,2021.0,2161710.0,M,Central America,High school,35-55,Middle-High,False,2.0,False,0.0,False,55.0,68.0,0.0,38.0,53.0,0.0,False,0.0,3.0,0.0,False,5.0,0.0,False,0
49620,Continental Championship,2022.0,391301.0,M,Western Europe,Middle school,0-35,High,False,1.0,False,,False,59.0,90.0,0.0,63.0,11.0,1.0,False,1.0,27.0,0.0,False,13.0,0.0,False,0
77839,Olympic Games,2019.0,580389.0,M,Southern Africa,University Degree,0-35,High,False,0.0,False,60.0,False,341.0,542.0,0.0,326.0,60.0,0.0,False,0.0,0.0,0.0,False,1.0,1.0,False,1
40589,World Championship,2019.0,605977.0,M,East Asia,Middle school,35-55,Low,False,0.0,False,,False,140.0,157.0,0.0,37.0,37.0,106.0,False,0.0,0.0,0.0,False,0.0,0.0,True,1
79822,Olympic Games,2019.0,405088.0,M,South Asia,High school,0-35,Middle-Low,False,0.0,False,60.0,False,353.0,574.0,0.0,316.0,104.0,0.0,False,0.0,0.0,0.0,False,41.0,0.0,False,1
18788,Federation League,2021.0,879295.0,M,South America,University Degree,55<=,Middle-Low,False,1.0,False,0.0,False,58.0,104.0,0.0,35.0,47.0,0.0,False,0.0,7.0,0.0,False,0.0,0.0,True,1
17890,Local Match,2021.0,617543.0,M,Western Europe,High school,0-35,Low,False,0.0,False,60.0,False,104.0,132.0,0.0,55.0,110.0,251.0,,0.0,16.0,0.0,False,7.0,0.0,True,0
58191,World Championship,2022.0,687620.0,F,North America,Middle school,35-55,Middle-Low,False,0.0,False,,False,351.0,624.0,77.0,674.0,55.0,189.0,False,0.0,0.0,0.0,False,0.0,0.0,True,1
27961,Regional Tournament,2019.0,398525.0,F,South America,High school,,Low,False,2.0,False,0.0,False,98.0,46.0,0.0,104.0,35.0,134.0,False,3.0,0.0,0.0,False,27.0,0.0,False,1
58546,Regional Tournament,2022.0,561752.0,F,Southern Europe,Middle school,0-35,High,False,0.0,False,0.0,False,84.0,328.0,0.0,61.0,22.0,120.0,False,1.0,0.0,0.0,False,2.0,0.0,True,1
44170,Federation League,2021.0,623815.0,F,Northern Africa,High school,35-55,Low,False,0.0,False,30.0,False,1176.0,348.0,4.0,1465.0,405.0,11.0,False,21.0,120.0,0.0,False,262.0,0.0,True,1
97188,Local Match,2022.0,617150.0,M,Oceania,Middle school,0-35,Middle-Low,False,0.0,False,30.0,False,235.0,970.0,0.0,201.0,286.0,115.0,True,7.0,26.0,9.0,False,25.0,4.0,False,0
31990,World Championship,2019.0,549887.0,F,South America,High school,0-35,Middle,False,0.0,False,,False,192.0,285.0,1.0,328.0,24.0,146.0,False,0.0,0.0,0.0,False,0.0,0.0,True,1
76982,Federation League,2021.0,539186.0,F,Central Asia,High school,0-35,Middle-Low,False,2.0,False,60.0,False,77.0,129.0,0.0,65.0,35.0,0.0,False,5.0,26.0,0.0,False,5.0,0.0,True,0
58637,Regional Tournament,2019.0,563769.0,F,Southern Europe,High school,0-35,Low,False,0.0,False,0.0,False,60.0,25.0,0.0,5.0,20.0,103.0,False,0.0,0.0,0.0,False,4.0,0.0,False,0
70410,Local Match,2020.0,525469.0,M,South Asia,Middle school,0-35,High,False,1.0,False,60.0,False,155.0,491.0,0.0,52.0,126.0,525.0,False,0.0,5.0,0.0,False,8.0,2.0,True,1
80453,Regional Tournament,2019.0,522714.0,F,Central America,High school,0-35,Middle-Low,False,0.0,False,0.0,False,419.0,106.0,0.0,812.0,87.0,78.0,False,2.0,,0.0,False,69.0,0.0,False,1
25380,Federation League,2020.0,503086.0,F,South Asia,Middle school,0-35,High,False,0.0,False,0.0,False,306.0,185.0,916.0,409.0,,24.0,False,0.0,73.0,0.0,False,45.0,31.0,False,1
87825,Local Match,2020.0,548759.0,M,Eastern Europe,Middle school,0-35,High,False,0.0,False,0.0,False,1569.0,2783.0,0.0,1151.0,651.0,1838.0,False,0.0,75.0,36.0,False,92.0,74.0,True,1
49608,Regional Tournament,2020.0,528220.0,F,Central Asia,High school,35-55,Low,False,1.0,False,120.0,False,58.0,2.0,0.0,167.0,6.0,60.0,False,0.0,0.0,0.0,False,1.0,0.0,False,0
23948,Local Match,2021.0,260062.0,M,North America,University Degree,0-35,High,False,1.0,False,90.0,True,143.0,354.0,0.0,16.0,98.0,580.0,False,0.0,4.0,0.0,False,4.0,0.0,True,1
58843,Regional Tournament,2020.0,541822.0,F,Southern Europe,High school,0-35,Low,False,0.0,False,60.0,False,78.0,14.0,0.0,30.0,33.0,68.0,False,0.0,0.0,0.0,False,4.0,0.0,False,1
33684,Regional Tournament,2022.0,695941.0,F,South America,Elementary school,0-35,Low,False,0.0,False,0.0,False,33.0,124.0,0.0,5.0,5.0,0.0,False,,0.0,0.0,False,0.0,0.0,True,0
45601,Regional Tournament,2019.0,490500.0,F,Middle East,Middle school,0-35,Low,False,0.0,False,60.0,False,12.0,6.0,0.0,34.0,11.0,1.0,False,1.0,0.0,0.0,False,4.0,0.0,True,0
95325,National Cup,2021.0,2087182.0,M,South Asia,High school,0-35,Middle-Low,False,0.0,False,,False,157.0,69.0,0.0,120.0,93.0,,False,0.0,0.0,0.0,False,8.0,0.0,False,0
36825,Continental Championship,2021.0,627390.0,M,Northern Africa,Middle school,0-35,Middle-Low,False,0.0,False,0.0,False,210.0,302.0,0.0,4.0,8.0,135.0,False,0.0,0.0,0.0,False,7.0,0.0,True,0
83745,Regional Tournament,2022.0,1723749.0,F,Eastern Europe,High school,35-55,,False,0.0,False,60.0,False,136.0,386.0,3.0,9.0,61.0,2.0,False,1.0,0.0,0.0,False,0.0,0.0,False,1
35575,Regional Tournament,2019.0,598883.0,F,Western Europe,High school,0-35,Middle,False,0.0,False,60.0,False,201.0,24.0,2.0,201.0,29.0,82.0,False,0.0,0.0,0.0,False,22.0,0.0,True,1
96541,Continental Championship,2022.0,688662.0,M,,Middle school,0-35,High,False,0.0,False,0.0,False,631.0,990.0,0.0,709.0,105.0,179.0,False,7.0,585.0,0.0,False,,0.0,True,1
76069,Local Match,2022.0,469499.0,M,South Asia,High school,0-35,Low,False,0.0,False,0.0,False,829.0,1894.0,0.0,1160.0,395.0,3091.0,True,17.0,6.0,3.0,False,18.0,0.0,True,1
45155,Continental Championship,2022.0,600267.0,M,North America,High school,0-35,Low,True,0.0,False,30.0,False,76.0,118.0,0.0,33.0,6.0,69.0,False,0.0,3.0,0.0,False,1.0,0.0,True,0
10419,Federation League,2021.0,618940.0,F,North America,University Degree,35-55,High,False,0.0,False,0.0,False,457.0,362.0,0.0,555.0,246.0,25.0,False,11.0,75.0,0.0,False,41.0,0.0,True,1
15385,Local Match,2019.0,578199.0,M,North America,High school,0-35,Low,False,0.0,False,30.0,True,351.0,1244.0,0.0,623.0,326.0,726.0,False,24.0,37.0,20.0,False,30.0,10.0,True,1
68917,Local Match,2022.0,645997.0,M,South America,University Degree,0-35,Low,False,0.0,False,30.0,False,645.0,2382.0,0.0,352.0,511.0,1079.0,True,4.0,38.0,27.0,False,39.0,17.0,True,1
65293,Local Match,2022.0,682070.0,M,Southern Africa,University Degree,35-55,Middle-Low,False,0.0,False,30.0,False,714.0,2359.0,0.0,356.0,351.0,454.0,True,2.0,59.0,11.0,False,48.0,11.0,True,1
77713,Regional Tournament,2022.0,648127.0,F,North America,High school,0-35,Low,False,0.0,False,60.0,False,119.0,413.0,0.0,0.0,25.0,47.0,False,1.0,0.0,0.0,False,5.0,0.0,True,0
50088,Federation League,2020.0,196266.0,F,North America,Middle school,0-35,Low,False,0.0,False,140.0,False,,43.0,0.0,21.0,30.0,3.0,False,0.0,13.0,0.0,False,12.0,2.0,False,0
36098,Local Match,2020.0,249362.0,M,Southern Africa,University Degree,35-55,Middle-Low,False,0.0,False,0.0,False,1177.0,2483.0,1.0,696.0,821.0,1712.0,False,0.0,64.0,50.0,False,58.0,103.0,True,1
75065,Regional Tournament,2019.0,1503056.0,F,Middle East,Middle school,35-55,Middle,True,0.0,False,60.0,False,55.0,21.0,0.0,31.0,18.0,74.0,False,0.0,0.0,0.0,False,16.0,0.0,True,1
74755,World Championship,2022.0,505216.0,F,Eastern Europe,High school,35-55,Low,False,1.0,False,,False,347.0,811.0,6.0,114.0,32.0,375.0,False,0.0,0.0,0.0,False,0.0,0.0,True,1
28305,World Championship,2019.0,581178.0,F,Northern Africa,Middle school,0-35,Low,False,0.0,False,,False,79.0,67.0,0.0,4.0,27.0,,False,0.0,0.0,0.0,False,0.0,0.0,True,1
85068,Continental Championship,2022.0,189117.0,M,Eastern Europe,Middle school,35-55,Middle-High,False,0.0,False,,False,164.0,514.0,0.0,197.0,5.0,65.0,False,0.0,176.0,0.0,False,20.0,0.0,True,1
85527,Regional Tournament,2022.0,679174.0,M,Middle East,High school,0-35,High,False,0.0,False,0.0,False,166.0,1013.0,0.0,4.0,49.0,125.0,False,0.0,0.0,2.0,False,2.0,0.0,True,1
56492,Continental Championship,2019.0,604393.0,M,East Asia,High school,0-35,High,False,0.0,False,0.0,False,312.0,1138.0,0.0,139.0,30.0,238.0,False,16.0,559.0,0.0,False,47.0,5.0,True,1
70208,Local Match,2019.0,605886.0,F,Middle East,High school,35-55,High,False,0.0,False,0.0,False,600.0,1333.0,1.0,1018.0,344.0,187.0,False,0.0,43.0,38.0,False,35.0,30.0,False,0
39402,Regional Tournament,2021.0,622720.0,F,Northern Africa,Middle school,35-55,Low,False,0.0,False,0.0,False,162.0,75.0,0.0,55.0,98.0,86.0,False,0.0,0.0,0.0,False,11.0,0.0,False,0
77792,National Cup,2022.0,649868.0,M,South America,High school,0-35,Middle,False,0.0,False,30.0,False,109.0,101.0,0.0,33.0,54.0,407.0,False,2.0,0.0,0.0,False,2.0,0.0,False,1
67361,Local Match,2019.0,518937.0,M,Central Asia,Middle school,0-35,High,False,0.0,False,0.0,True,312.0,1279.0,0.0,158.0,231.0,697.0,False,18.0,0.0,0.0,False,14.0,0.0,True,1
94284,National Cup,2021.0,425287.0,M,South America,Post Graduate,35-55,Middle-Low,False,0.0,False,30.0,False,75.0,28.0,0.0,4.0,63.0,238.0,False,0.0,0.0,0.0,False,5.0,0.0,False,0
78881,World Championship,2022.0,644188.0,F,Southern Europe,Middle school,0-35,Middle,False,0.0,False,,False,26.0,80.0,1.0,0.0,5.0,103.0,False,0.0,0.0,0.0,False,0.0,0.0,True,1
87287,Local Match,2021.0,2222615.0,M,Central America,High school,35-55,Middle-High,False,0.0,False,30.0,True,292.0,1214.0,0.0,125.0,459.0,1018.0,False,5.0,57.0,9.0,False,45.0,0.0,True,1
92527,Federation League,2019.0,156783.0,M,Southern Europe,Middle school,0-35,High,False,0.0,False,0.0,False,302.0,348.0,0.0,119.0,144.0,23.0,False,4.0,134.0,0.0,False,27.0,0.0,True,1
96349,Continental Championship,2019.0,606373.0,M,Oceania,University Degree,35-55,High,False,0.0,False,,False,324.0,880.0,0.0,458.0,21.0,280.0,False,1.0,247.0,0.0,False,48.0,1.0,False,1
93763,Federation League,2021.0,630401.0,M,South Asia,University Degree,0-35,High,False,0.0,False,0.0,False,240.0,189.0,3.0,207.0,179.0,11.0,False,29.0,33.0,0.0,False,19.0,0.0,True,0
49959,Local Match,2019.0,381414.0,M,Oceania,Middle school,0-35,High,False,0.0,False,60.0,False,28.0,74.0,0.0,21.0,33.0,1.0,False,,1.0,0.0,False,4.0,0.0,False,0
84744,Local Match,2021.0,630488.0,M,Southern Africa,High school,0-35,Low,False,0.0,False,0.0,,435.0,1432.0,0.0,220.0,359.0,587.0,False,1.0,21.0,3.0,False,47.0,0.0,True,1
90646,Local Match,2022.0,503684.0,M,Western Europe,Middle school,35-55,Middle,False,1.0,False,120.0,False,15.0,59.0,0.0,34.0,29.0,1.0,True,1.0,0.0,0.0,False,5.0,0.0,False,0
44564,Local Match,2021.0,634114.0,M,North America,Middle school,0-35,Low,True,0.0,False,0.0,False,168.0,533.0,0.0,159.0,150.0,355.0,False,0.0,30.0,9.0,False,4.0,0.0,True,0
12879,Local Match,2021.0,632258.0,F,South America,High school,35-55,Middle-Low,False,0.0,False,0.0,True,469.0,2179.0,0.0,360.0,371.0,1099.0,False,0.0,21.0,22.0,False,38.0,25.0,True,1
10404,Federation League,2020.0,395288.0,F,Western Europe,Middle school,0-35,Low,False,0.0,False,0.0,False,57.0,43.0,0.0,20.0,18.0,8.0,False,0.0,4.0,0.0,False,2.0,8.0,False,0
34102,Regional Tournament,2022.0,638756.0,F,South America,High school,0-35,Middle-Low,False,0.0,False,60.0,False,84.0,44.0,0.0,12.0,25.0,4.0,False,0.0,0.0,0.0,False,4.0,0.0,False,1
86769,Local Match,2019.0,589303.0,M,South Asia,University Degree,35-55,High,False,0.0,False,0.0,True,418.0,1304.0,0.0,403.0,341.0,1180.0,False,12.0,41.0,16.0,,41.0,12.0,True,1
18384,National Cup,2022.0,698598.0,F,North America,University Degree,0-35,Low,False,0.0,False,60.0,False,74.0,24.0,0.0,0.0,29.0,260.0,False,0.0,0.0,0.0,False,3.0,0.0,False,0
95170,World Championship,2019.0,296993.0,F,Southern Europe,University Degree,0-35,Middle-Low,False,0.0,False,,False,135.0,276.0,0.0,78.0,19.0,66.0,False,0.0,0.0,0.0,False,0.0,0.0,True,1
41877,Regional Tournament,2019.0,575520.0,F,Southern Europe,Middle school,0-35,Middle-Low,False,0.0,False,120.0,False,666.0,100.0,1.0,944.0,99.0,114.0,False,0.0,0.0,0.0,False,95.0,0.0,False,0
31704,Federation League,2021.0,609265.0,F,Central Asia,Middle school,0-35,Low,True,0.0,False,0.0,False,692.0,236.0,6.0,389.0,502.0,42.0,False,14.0,51.0,0.0,False,149.0,0.0,True,1
41566,Regional Tournament,2020.0,503878.0,F,Middle East,Middle school,0-35,Middle,True,0.0,False,120.0,False,183.0,12.0,0.0,271.0,20.0,84.0,False,0.0,0.0,0.0,False,12.0,2.0,False,0
77009,Federation League,2020.0,558200.0,F,South Asia,High school,0-35,Middle,False,0.0,False,0.0,False,1440.0,375.0,64.0,744.0,290.0,58.0,False,0.0,130.0,0.0,False,212.0,31.0,True,1
22015,Regional Tournament,2020.0,533839.0,F,Eastern Europe,High school,0-35,High,False,0.0,False,,False,51.0,18.0,0.0,234.0,53.0,71.0,False,0.0,0.0,0.0,False,6.0,0.0,False,1
64862,Regional Tournament,2021.0,613842.0,F,Western Europe,High school,0-35,Middle-High,False,0.0,False,0.0,False,47.0,15.0,1.0,52.0,31.0,28.0,False,0.0,0.0,0.0,False,3.0,0.0,False,0
66521,Local Match,2019.0,547393.0,M,North America,High school,0-35,High,False,0.0,False,0.0,True,353.0,523.0,0.0,189.0,365.0,1937.0,False,0.0,4.0,0.0,False,9.0,0.0,True,0
33491,Federation League,2021.0,635100.0,M,Western Europe,High school,0-35,Middle-Low,False,0.0,False,0.0,False,112.0,160.0,0.0,72.0,7.0,1.0,False,11.0,96.0,0.0,False,5.0,0.0,False,1
37839,National Cup,2022.0,523239.0,M,Central America,Middle school,0-35,Middle-Low,False,1.0,False,,False,35.0,18.0,0.0,33.0,10.0,76.0,False,0.0,0.0,0.0,False,2.0,0.0,False,0
66369,Regional Tournament,2022.0,683592.0,F,East Asia,High school,0-35,High,False,0.0,False,0.0,False,73.0,632.0,0.0,8.0,10.0,227.0,False,0.0,0.0,8.0,False,2.0,0.0,False,1
95087,Federation League,2019.0,2337441.0,F,North America,Middle school,0-35,High,False,0.0,False,0.0,False,33.0,72.0,0.0,22.0,21.0,3.0,False,0.0,27.0,0.0,False,0.0,0.0,True,0
78740,Federation League,2021.0,560944.0,F,South America,High school,0-35,Middle-Low,True,0.0,False,60.0,False,196.0,230.0,0.0,55.0,125.0,5.0,False,12.0,64.0,0.0,False,8.0,0.0,True,1
42848,World Championship,2021.0,538918.0,F,Western Europe,Middle school,35-55,Middle-Low,False,0.0,False,,False,73.0,179.0,0.0,17.0,2.0,2.0,False,0.0,0.0,0.0,False,0.0,0.0,True,0
54868,Local Match,2022.0,652064.0,M,Middle East,Middle school,35-55,Middle-Low,False,0.0,False,0.0,False,680.0,2380.0,0.0,1370.0,436.0,1097.0,True,15.0,119.0,21.0,False,69.0,20.0,True,1
20151,Federation League,2021.0,539451.0,M,South America,Middle school,55<=,Low,False,0.0,False,0.0,False,105.0,127.0,7.0,93.0,201.0,4.0,False,10.0,51.0,0.0,False,11.0,0.0,True,1
88095,World Championship,2021.0,615404.0,F,Southern Europe,Middle school,0-35,Middle-Low,False,0.0,False,,False,57.0,83.0,0.0,32.0,19.0,34.0,False,0.0,0.0,0.0,False,0.0,0.0,True,0
61472,Regional Tournament,2019.0,603210.0,F,North America,High school,35-55,Low,False,0.0,False,60.0,False,154.0,61.0,0.0,394.0,78.0,101.0,False,0.0,0.0,0.0,False,11.0,0.0,False,1
23921,Local Match,2019.0,162809.0,M,Southern Europe,High school,0-35,Middle-High,False,0.0,False,0.0,True,417.0,607.0,0.0,431.0,157.0,815.0,False,2.0,3.0,11.0,False,15.0,1.0,True,1
93977,National Cup,2022.0,646351.0,F,Central America,High school,35-55,Middle,False,0.0,False,30.0,False,363.0,153.0,0.0,347.0,85.0,706.0,False,8.0,0.0,0.0,False,6.0,0.0,True,1
45830,National Cup,2022.0,201425.0,M,Oceania,High school,0-35,High,False,0.0,False,0.0,False,164.0,176.0,0.0,16.0,105.0,789.0,False,0.0,0.0,0.0,False,13.0,0.0,False,1
99274,Federation League,2022.0,695584.0,M,South America,Middle school,35-55,High,False,0.0,False,60.0,False,47.0,31.0,0.0,0.0,8.0,1.0,False,4.0,0.0,0.0,False,0.0,0.0,False,0
87213,Local Match,2019.0,604087.0,M,East Asia,Middle school,0-35,High,False,0.0,False,30.0,True,127.0,599.0,0.0,134.0,202.0,311.0,False,7.0,2.0,16.0,False,29.0,2.0,False,0
41228,Federation League,2020.0,1696174.0,M,Western Europe,Middle school,35-55,Low,False,1.0,False,120.0,False,503.0,342.0,148.0,313.0,451.0,12.0,False,0.0,123.0,0.0,False,94.0,32.0,True,1
46991,Federation League,2020.0,557846.0,M,Southern Europe,University Degree,0-35,,False,0.0,False,0.0,False,184.0,102.0,0.0,75.0,238.0,28.0,False,0.0,102.0,0.0,False,29.0,7.0,True,1
57359,Local Match,2020.0,548415.0,M,Central Asia,High school,35-55,Middle,True,0.0,False,0.0,False,445.0,870.0,0.0,526.0,400.0,355.0,False,0.0,97.0,0.0,False,69.0,39.0,True,0
43852,Local Match,2021.0,609868.0,F,Central America,Middle school,0-35,Low,False,0.0,False,30.0,False,77.0,179.0,0.0,270.0,89.0,145.0,False,0.0,0.0,0.0,False,7.0,0.0,True,0
40614,Local Match,2019.0,1910049.0,F,Central Asia,High school,35-55,Middle-High,False,1.0,False,60.0,True,373.0,1434.0,0.0,605.0,451.0,1066.0,False,1.0,14.0,7.0,False,65.0,2.0,True,1
88361,Local Match,2019.0,563783.0,M,Eastern Europe,Middle school,0-35,Middle,False,0.0,False,0.0,True,612.0,3634.0,0.0,639.0,775.0,1015.0,False,7.0,41.0,43.0,False,81.0,38.0,True,1
94331,Regional Tournament,2021.0,629044.0,F,South America,High school,0-35,Middle-Low,False,0.0,False,0.0,False,104.0,21.0,0.0,78.0,14.0,50.0,False,0.0,0.0,0.0,False,31.0,0.0,False,0
34650,Continental Championship,2021.0,630449.0,M,Middle East,High school,0-35,High,False,0.0,False,0.0,False,220.0,632.0,0.0,64.0,18.0,113.0,False,2.0,262.0,0.0,False,35.0,0.0,True,1
75803,Regional Tournament,2019.0,2226301.0,F,Southern Europe,Middle school,0-35,Middle-High,False,1.0,False,0.0,False,146.0,56.0,0.0,33.0,50.0,86.0,False,0.0,0.0,0.0,False,9.0,0.0,False,1
69303,Regional Tournament,2019.0,593695.0,F,Southern Africa,Middle school,35-55,High,False,0.0,False,15.0,False,67.0,56.0,0.0,20.0,52.0,91.0,False,0.0,0.0,0.0,False,5.0,0.0,False,1
18557,Regional Tournament,2021.0,621303.0,F,Middle East,High school,35-55,Middle-High,True,0.0,False,0.0,False,124.0,28.0,2.0,505.0,30.0,60.0,False,0.0,0.0,0.0,False,11.0,0.0,False,0
62416,World Championship,2019.0,2516931.0,F,Middle East,High school,0-35,Middle,False,0.0,False,,False,39.0,97.0,0.0,15.0,5.0,53.0,False,0.0,0.0,0.0,False,0.0,0.0,True,0
53388,Local Match,2021.0,28808.0,F,East Asia,High school,0-35,High,False,0.0,False,0.0,False,46.0,88.0,0.0,41.0,46.0,6.0,False,0.0,4.0,0.0,False,1.0,0.0,False,0
23994,Regional Tournament,2022.0,690318.0,M,Central America,Middle school,35-55,High,False,0.0,False,0.0,False,164.0,508.0,1.0,8.0,36.0,147.0,False,0.0,0.0,3.0,False,1.0,0.0,True,1
23428,Local Match,2022.0,642730.0,M,Western Europe,Middle school,0-35,High,False,0.0,False,0.0,False,74.0,286.0,0.0,36.0,53.0,45.0,True,0.0,22.0,3.0,False,7.0,0.0,False,0
12933,Federation League,2022.0,567281.0,M,Middle East,High school,0-35,Low,True,0.0,False,30.0,False,46.0,17.0,0.0,8.0,23.0,2.0,False,0.0,0.0,0.0,False,5.0,,True,0
78595,World Championship,2019.0,593734.0,F,Eastern Europe,Middle school,35-55,Middle-Low,False,0.0,False,,False,260.0,325.0,3.0,149.0,30.0,135.0,False,0.0,0.0,0.0,False,0.0,0.0,True,1
95681,Local Match,2022.0,681235.0,F,Eastern Europe,Middle school,0-35,Low,False,0.0,False,60.0,False,333.0,818.0,0.0,138.0,248.0,660.0,True,1.0,11.0,4.0,False,14.0,0.0,True,1
49165,World Championship,2021.0,629542.0,M,South America,Middle school,0-35,Middle-Low,False,0.0,False,,False,13.0,5.0,0.0,6.0,4.0,19.0,False,0.0,0.0,0.0,False,0.0,0.0,True,0
26110,Continental Championship,2022.0,630541.0,M,Northern Africa,Middle school,0-35,Low,False,0.0,False,30.0,False,528.0,942.0,0.0,915.0,35.0,148.0,False,6.0,470.0,0.0,False,81.0,1.0,True,1
35277,Local Match,2019.0,505410.0,M,Central America,Middle school,35-55,Middle-High,False,0.0,False,0.0,True,299.0,1219.0,0.0,692.0,306.0,634.0,False,21.0,31.0,25.0,False,36.0,26.0,True,1
44937,Local Match,2021.0,506038.0,F,Eastern Europe,Middle school,0-35,Middle,False,0.0,False,0.0,True,831.0,1677.0,0.0,1356.0,399.0,1027.0,False,24.0,88.0,33.0,False,43.0,24.0,True,1
88779,Continental Championship,2019.0,575545.0,M,North America,University Degree,0-35,Low,False,0.0,False,0.0,False,258.0,1040.0,0.0,389.0,13.0,115.0,False,1.0,0.0,0.0,False,14.0,3.0,True,1
94679,Continental Championship,2022.0,679541.0,M,North America,University Degree,0-35,High,False,0.0,False,0.0,False,92.0,429.0,0.0,12.0,1.0,82.0,False,0.0,1.0,0.0,False,5.0,0.0,False,1
48155,National Cup,2022.0,694914.0,M,South America,University Degree,35-55,Low,False,0.0,False,140.0,False,52.0,145.0,0.0,7.0,15.0,257.0,False,1.0,0.0,0.0,False,4.0,0.0,False,0
64450,Regional Tournament,2019.0,531384.0,F,North America,Middle school,0-35,Middle,False,0.0,False,0.0,False,1091.0,177.0,0.0,2789.0,178.0,105.0,False,1.0,0.0,0.0,False,29.0,0.0,False,1
89297,Federation League,2022.0,637473.0,M,Eastern Europe,High school,0-35,High,False,0.0,False,0.0,False,276.0,133.0,0.0,272.0,174.0,12.0,False,10.0,1.0,0.0,False,34.0,0.0,True,1
67732,Regional Tournament,2022.0,684329.0,F,Southern Europe,High school,35-55,Middle-High,False,0.0,False,0.0,False,528.0,1313.0,88.0,162.0,130.0,279.0,False,18.0,0.0,10.0,False,8.0,0.0,True,1
26455,National Cup,2021.0,388750.0,F,Western Europe,High school,35-55,High,True,0.0,False,140.0,False,46.0,43.0,0.0,13.0,40.0,133.0,False,0.0,0.0,0.0,False,1.0,0.0,False,0
60326,Federation League,2020.0,515945.0,M,South America,High school,0-35,High,False,0.0,False,0.0,False,340.0,139.0,0.0,359.0,200.0,13.0,False,0.0,96.0,0.0,False,76.0,9.0,False,1
83877,Federation League,2020.0,536696.0,F,North America,High school,35-55,Middle-High,False,0.0,False,0.0,False,139.0,215.0,0.0,160.0,152.0,3.0,False,0.0,42.0,0.0,False,41.0,11.0,False,0
66169,Continental Championship,2022.0,690095.0,M,Western Europe,Middle school,35-55,High,False,0.0,False,0.0,False,345.0,1580.0,0.0,471.0,42.0,180.0,False,9.0,711.0,0.0,False,70.0,0.0,True,1
59198,World Championship,2022.0,635334.0,F,Western Europe,Middle school,0-35,High,False,0.0,False,,False,45.0,59.0,1.0,32.0,20.0,124.0,False,0.0,0.0,0.0,False,0.0,0.0,True,1
61509,Local Match,2019.0,600515.0,M,South Asia,High school,0-35,Middle,False,0.0,False,0.0,False,122.0,201.0,0.0,49.0,115.0,175.0,False,2.0,0.0,0.0,False,17.0,0.0,True,0
54923,Continental Championship,2022.0,684050.0,M,Central Asia,University Degree,35-55,Middle-High,False,0.0,False,0.0,False,502.0,833.0,0.0,456.0,38.0,163.0,False,4.0,437.0,0.0,False,33.0,0.0,True,1
81200,Olympic Games,2022.0,62487.0,F,Central Asia,High school,0-35,Low,False,0.0,False,0.0,False,161.0,377.0,1.0,42.0,79.0,0.0,False,0.0,0.0,0.0,False,16.0,7.0,False,1
43493,National Cup,2022.0,401258.0,F,Western Europe,Middle school,0-35,Middle-Low,False,0.0,False,140.0,False,62.0,70.0,0.0,85.0,48.0,78.0,False,0.0,0.0,0.0,False,6.0,0.0,False,0
14272,Federation League,2021.0,554712.0,M,East Asia,High school,0-35,Middle,False,0.0,False,60.0,False,90.0,129.0,0.0,119.0,63.0,0.0,False,3.0,74.0,0.0,False,16.0,0.0,False,0
14856,Local Match,2022.0,653381.0,M,Western Europe,High school,0-35,Middle,False,0.0,False,60.0,False,369.0,1194.0,0.0,88.0,115.0,800.0,True,0.0,26.0,20.0,False,20.0,17.0,True,1
38179,Federation League,2022.0,644964.0,F,Middle East,High school,0-35,Middle-High,True,0.0,False,60.0,False,376.0,179.0,1.0,571.0,142.0,8.0,False,2.0,0.0,0.0,False,35.0,0.0,True,1
78438,Local Match,2022.0,695485.0,M,East Asia,Middle school,35-55,High,True,0.0,False,0.0,False,190.0,789.0,0.0,238.0,188.0,579.0,True,19.0,3.0,12.0,False,8.0,0.0,True,1
90323,Local Match,2021.0,616453.0,F,Western Europe,Middle school,0-35,Middle,False,0.0,False,0.0,False,96.0,148.0,0.0,64.0,162.0,113.0,False,0.0,5.0,0.0,False,10.0,0.0,False,0
24216,Local Match,2020.0,469154.0,M,Eastern Europe,High school,0-35,Middle,False,0.0,False,60.0,False,636.0,2077.0,0.0,558.0,463.0,639.0,False,0.0,77.0,13.0,False,59.0,20.0,True,1
24394,Local Match,2020.0,437752.0,M,Northern Africa,Elementary school,0-35,Middle-Low,False,0.0,False,30.0,False,98.0,253.0,3.0,75.0,109.0,13.0,False,0.0,5.0,0.0,False,11.0,4.0,False,0
14073,Regional Tournament,2021.0,140719.0,F,South America,University Degree,0-35,Middle-Low,False,1.0,False,140.0,False,81.0,21.0,0.0,67.0,20.0,67.0,False,0.0,0.0,0.0,False,4.0,0.0,False,0
47657,Local Match,2019.0,180974.0,M,Middle East,High school,35-55,Middle,False,1.0,False,0.0,True,734.0,2037.0,0.0,164.0,366.0,1023.0,False,4.0,70.0,19.0,False,44.0,43.0,True,1
88166,Regional Tournament,2022.0,690902.0,F,Northern Africa,Middle school,35-55,Middle-Low,True,0.0,False,120.0,False,549.0,1868.0,2.0,302.0,91.0,411.0,False,17.0,0.0,13.0,False,11.0,0.0,True,1
26682,Federation League,2019.0,605885.0,M,Southern Africa,University Degree,0-35,High,False,0.0,False,10.0,False,110.0,109.0,0.0,84.0,38.0,4.0,False,2.0,1.0,0.0,False,4.0,0.0,True,0
59212,Regional Tournament,2021.0,511901.0,F,Southern Europe,High school,0-35,Middle-Low,False,0.0,False,60.0,False,62.0,38.0,0.0,35.0,46.0,2.0,False,0.0,0.0,0.0,False,7.0,0.0,True,1
18185,Local Match,2022.0,312231.0,M,Central Asia,University Degree,0-35,Middle-Low,False,0.0,False,0.0,False,80.0,329.0,0.0,23.0,107.0,505.0,False,0.0,1.0,0.0,False,7.0,0.0,True,1
30146,Regional Tournament,2021.0,2230457.0,F,East Asia,Middle school,0-35,Middle,True,0.0,False,0.0,False,120.0,25.0,0.0,10.0,21.0,64.0,False,2.0,0.0,0.0,False,21.0,0.0,False,0
94080,Olympic Games,2022.0,303985.0,F,North America,University Degree,0-35,Middle-High,False,1.0,False,0.0,False,82.0,168.0,0.0,50.0,69.0,0.0,False,0.0,0.0,0.0,False,12.0,0.0,False,1
84055,Regional Tournament,2019.0,575387.0,F,East Asia,Middle school,0-35,Middle,False,0.0,False,0.0,False,1012.0,84.0,5.0,3598.0,37.0,150.0,False,7.0,0.0,0.0,False,23.0,0.0,True,1
79585,World Championship,2021.0,629772.0,M,Southern Europe,Middle school,35-55,Low,False,0.0,False,,False,124.0,271.0,0.0,91.0,37.0,134.0,False,0.0,0.0,0.0,False,0.0,0.0,True,1
25022,Local Match,2020.0,390440.0,M,Central America,Middle school,0-35,Middle,False,1.0,False,0.0,False,94.0,516.0,0.0,78.0,120.0,99.0,False,0.0,33.0,9.0,False,10.0,12.0,True,0
83772,Regional Tournament,2020.0,363416.0,F,South America,Middle school,0-35,Middle-Low,False,0.0,True,140.0,False,105.0,29.0,0.0,19.0,40.0,115.0,False,0.0,0.0,0.0,False,8.0,0.0,False,1
78021,Regional Tournament,2020.0,434646.0,F,South America,University Degree,0-35,Middle-Low,False,1.0,False,140.0,False,504.0,302.0,1.0,324.0,448.0,103.0,False,0.0,0.0,0.0,False,45.0,7.0,False,1
89454,Continental Championship,2022.0,233335.0,M,Southern Europe,High school,0-35,Low,True,0.0,False,,False,302.0,880.0,0.0,251.0,20.0,226.0,False,9.0,152.0,0.0,False,50.0,2.0,False,1
10525,Local Match,2020.0,354992.0,M,East Asia,Middle school,0-35,Middle-Low,False,0.0,True,140.0,False,184.0,367.0,0.0,167.0,113.0,598.0,False,0.0,8.0,0.0,False,12.0,4.0,True,0
53684,Regional Tournament,2022.0,2228601.0,F,Middle East,High school,35-55,High,False,0.0,False,60.0,False,601.0,1107.0,15.0,726.0,130.0,250.0,False,48.0,0.0,6.0,False,7.0,0.0,True,1
38197,Regional Tournament,2020.0,545725.0,F,North America,University Degree,0-35,Low,False,0.0,False,0.0,False,567.0,6.0,3.0,1733.0,23.0,65.0,False,,0.0,0.0,False,5.0,0.0,False,0
93506,Local Match,2019.0,237387.0,F,Western Europe,University Degree,0-35,Middle-Low,False,0.0,False,0.0,False,146.0,402.0,0.0,215.0,88.0,228.0,False,3.0,33.0,11.0,False,13.0,1.0,True,0
14152,Regional Tournament,2019.0,575982.0,M,Central America,High school,35-55,Middle,,0.0,False,0.0,False,74.0,1.0,2.0,147.0,4.0,47.0,False,0.0,0.0,0.0,False,14.0,0.0,False,0
64635,Local Match,2021.0,491486.0,M,Southern Africa,,0-35,Low,False,0.0,False,0.0,False,134.0,290.0,0.0,196.0,78.0,85.0,False,0.0,0.0,0.0,False,4.0,0.0,True,0
73752,World Championship,2021.0,624706.0,F,Southern Europe,Middle school,0-35,Low,False,0.0,False,,False,35.0,39.0,0.0,83.0,9.0,38.0,False,0.0,0.0,0.0,False,0.0,0.0,True,0
74528,Local Match,2019.0,2252765.0,F,North America,University Degree,35-55,High,False,0.0,False,0.0,True,534.0,1169.0,0.0,295.0,251.0,842.0,False,4.0,61.0,37.0,False,15.0,35.0,True,1
42606,Continental Championship,2022.0,646361.0,M,Northern Africa,University Degree,0-35,High,False,0.0,False,0.0,False,270.0,736.0,0.0,328.0,64.0,228.0,False,3.0,241.0,0.0,False,7.0,0.0,True,1
83866,Local Match,2019.0,607473.0,M,Central Asia,Middle school,0-35,Low,False,0.0,False,30.0,False,155.0,702.0,11.0,113.0,206.0,186.0,False,14.0,42.0,6.0,False,11.0,3.0,True,0
84440,Continental Championship,2022.0,1895288.0,M,North America,High school,35-55,High,False,0.0,False,0.0,False,284.0,857.0,0.0,437.0,7.0,119.0,False,10.0,243.0,0.0,False,,0.0,True,1
95861,Continental Championship,2019.0,387537.0,M,South America,High school,0-35,Low,False,0.0,False,,False,117.0,511.0,0.0,48.0,5.0,159.0,False,0.0,87.0,0.0,False,12.0,2.0,False,1
94780,Federation League,2022.0,632719.0,M,South America,High school,0-35,Middle,False,0.0,False,0.0,False,25.0,29.0,0.0,3.0,23.0,0.0,False,3.0,0.0,0.0,False,2.0,0.0,False,0
91571,Federation League,2019.0,608417.0,F,East Asia,High school,0-35,Low,False,0.0,False,0.0,False,134.0,238.0,0.0,80.0,181.0,6.0,False,19.0,11.0,0.0,False,9.0,0.0,True,1
97658,Regional Tournament,2019.0,2638377.0,M,East Asia,High school,0-35,Middle-Low,False,0.0,False,0.0,False,356.0,43.0,0.0,339.0,31.0,85.0,False,0.0,0.0,0.0,False,91.0,0.0,True,1
65956,Continental Championship,2022.0,681327.0,M,North America,Middle school,0-35,Middle-Low,False,0.0,False,0.0,False,103.0,461.0,0.0,137.0,5.0,79.0,False,7.0,7.0,0.0,False,9.0,0.0,False,1
25551,Local Match,2019.0,536103.0,M,North America,University Degree,0-35,High,False,1.0,False,30.0,False,3.0,13.0,0.0,0.0,3.0,0.0,False,0.0,0.0,0.0,False,0.0,0.0,True,0
56291,Local Match,2020.0,408753.0,,Eastern Europe,Middle school,0-35,Middle-Low,False,0.0,False,30.0,False,241.0,712.0,0.0,251.0,298.0,2218.0,False,0.0,22.0,0.0,False,15.0,3.0,True,1
69640,Federation League,2019.0,47063.0,M,South America,University Degree,35-55,Middle,False,0.0,False,60.0,False,63.0,26.0,0.0,0.0,42.0,5.0,False,0.0,0.0,0.0,False,1.0,0.0,False,0
27367,Regional Tournament,2019.0,582940.0,F,Oceania,Middle school,35-55,High,False,0.0,False,0.0,False,82.0,24.0,0.0,153.0,23.0,70.0,False,0.0,0.0,0.0,False,,0.0,False,1
61877,Regional Tournament,2021.0,577527.0,F,Oceania,Middle school,35-55,High,False,1.0,False,60.0,False,117.0,62.0,1.0,161.0,32.0,75.0,False,1.0,0.0,0.0,False,13.0,0.0,False,1
92500,Federation League,2022.0,650947.0,M,South America,University Degree,35-55,High,False,0.0,False,60.0,False,224.0,191.0,32.0,232.0,103.0,10.0,False,19.0,0.0,0.0,False,13.0,0.0,True,1
73941,Federation League,2019.0,566381.0,F,South Asia,High school,0-35,Middle-Low,False,0.0,False,60.0,False,435.0,562.0,0.0,281.0,228.0,33.0,False,12.0,65.0,0.0,False,16.0,0.0,True,0
11607,Regional Tournament,2020.0,350795.0,M,Central Asia,Middle school,35-55,Middle,False,1.0,False,0.0,False,33.0,6.0,0.0,29.0,9.0,49.0,False,0.0,0.0,0.0,False,6.0,0.0,False,0
87449,World Championship,2019.0,601963.0,M,Eastern Europe,Middle school,35-55,Low,False,0.0,False,,False,164.0,329.0,3.0,72.0,22.0,126.0,False,0.0,0.0,0.0,False,0.0,0.0,True,1
55718,Regional Tournament,2019.0,480888.0,F,Eastern Europe,Middle school,35-55,Middle-High,False,0.0,False,0.0,False,147.0,137.0,0.0,328.0,29.0,65.0,False,0.0,0.0,0.0,False,24.0,0.0,False,1
19188,National Cup,2021.0,543678.0,M,South America,High school,0-35,Low,False,0.0,False,30.0,False,162.0,184.0,0.0,6.0,147.0,276.0,False,0.0,0.0,0.0,False,14.0,0.0,False,1
11146,Continental Championship,2022.0,651245.0,M,North America,Middle school,35-55,,False,0.0,False,0.0,False,139.0,786.0,0.0,119.0,54.0,97.0,False,2.0,309.0,0.0,False,17.0,0.0,True,1
25126,Regional Tournament,2021.0,634606.0,F,Northern Africa,Middle school,0-35,Middle,False,0.0,False,0.0,False,126.0,116.0,0.0,63.0,56.0,92.0,False,0.0,,0.0,False,12.0,0.0,True,0
91226,Regional Tournament,2020.0,503509.0,F,Oceania,High school,0-35,Middle-Low,False,0.0,False,0.0,False,415.0,43.0,1.0,826.0,70.0,113.0,False,0.0,0.0,0.0,False,21.0,0.0,False,1
75771,Regional Tournament,2020.0,518469.0,M,Southern Africa,Middle school,0-35,Middle,False,0.0,False,0.0,False,178.0,15.0,2.0,642.0,27.0,73.0,False,0.0,0.0,0.0,False,5.0,1.0,False,0
71669,Regional Tournament,2020.0,434353.0,F,Oceania,University Degree,35-55,High,False,1.0,False,0.0,False,221.0,28.0,2.0,338.0,33.0,119.0,False,0.0,0.0,0.0,False,15.0,2.0,False,1
64732,Regional Tournament,2019.0,570168.0,F,Middle East,Elementary school,0-35,Middle-Low,False,0.0,,30.0,False,2829.0,247.0,8.0,6632.0,322.0,243.0,False,4.0,0.0,0.0,False,148.0,0.0,True,1
35751,Regional Tournament,2021.0,1840034.0,F,Central Asia,Middle school,35-55,Low,True,0.0,False,0.0,False,109.0,52.0,0.0,66.0,20.0,98.0,False,0.0,0.0,0.0,False,31.0,0.0,False,1
84787,Federation League,2022.0,600680.0,M,Central Asia,Middle school,35-55,High,False,0.0,False,0.0,False,179.0,82.0,12.0,208.0,188.0,5.0,False,25.0,0.0,0.0,False,38.0,0.0,True,1
41323,Local Match,2020.0,58549.0,M,South Asia,High school,0-35,High,False,0.0,False,60.0,False,292.0,1071.0,13.0,344.0,204.0,453.0,False,0.0,11.0,24.0,False,35.0,34.0,True,1
33944,Federation League,2022.0,641315.0,F,South America,High school,0-35,Middle-Low,False,0.0,False,30.0,False,1555.0,611.0,1.0,3272.0,686.0,69.0,False,92.0,0.0,0.0,False,102.0,0.0,True,1
75437,Federation League,2019.0,228888.0,F,East Asia,High school,35-55,Middle-High,False,0.0,False,30.0,False,117.0,122.0,0.0,122.0,163.0,10.0,False,4.0,38.0,0.0,False,22.0,0.0,True,1
83116,Regional Tournament,2019.0,388975.0,F,Oceania,High school,0-35,High,False,0.0,False,60.0,False,101.0,41.0,0.0,185.0,28.0,63.0,False,0.0,0.0,0.0,False,2.0,0.0,False,0
22274,World Championship,2019.0,588528.0,F,Middle East,Middle school,35-55,Middle-Low,False,0.0,False,,False,17.0,23.0,0.0,0.0,3.0,1.0,False,0.0,0.0,0.0,False,0.0,0.0,False,0
59925,Regional Tournament,2020.0,539365.0,F,South America,Middle school,35-55,Middle-Low,False,0.0,False,0.0,False,910.0,87.0,1.0,2359.0,166.0,97.0,False,0.0,0.0,0.0,False,38.0,5.0,True,1
67529,Federation League,2021.0,609852.0,M,South Asia,University Degree,35-55,High,False,0.0,False,0.0,False,843.0,407.0,0.0,3147.0,940.0,30.0,False,53.0,391.0,0.0,False,69.0,0.0,True,1
83488,Federation League,2022.0,2542803.0,M,Central America,High school,35-55,Middle-Low,False,1.0,False,0.0,False,23.0,42.0,10.0,7.0,32.0,1.0,False,0.0,0.0,0.0,False,1.0,0.0,True,0
32988,Federation League,2022.0,634305.0,F,Central America,Middle school,35-55,Middle-Low,False,0.0,False,60.0,False,496.0,231.0,0.0,247.0,468.0,37.0,False,97.0,0.0,0.0,False,96.0,0.0,True,1
46608,Federation League,2021.0,601652.0,F,Central Asia,Middle school,35-55,High,False,0.0,False,0.0,False,122.0,65.0,0.0,160.0,98.0,4.0,False,11.0,24.0,0.0,False,18.0,0.0,True,0
46243,Local Match,2020.0,336362.0,M,Western Europe,Middle school,0-35,Middle-High,True,2.0,False,60.0,False,90.0,299.0,0.0,129.0,80.0,88.0,False,0.0,0.0,0.0,False,10.0,13.0,True,0
72491,Local Match,2021.0,336163.0,M,Southern Europe,Elementary school,0-35,Low,False,1.0,False,60.0,False,78.0,219.0,0.0,133.0,81.0,226.0,False,0.0,66.0,0.0,False,18.0,0.0,True,0
18526,National Cup,2022.0,638504.0,F,Middle East,High school,35-55,High,False,0.0,False,0.0,False,80.0,118.0,0.0,37.0,16.0,86.0,False,0.0,0.0,0.0,False,2.0,0.0,False,0
91213,World Championship,2021.0,621478.0,M,Central Asia,Middle school,35-55,Middle-High,False,0.0,False,,False,13.0,4.0,1.0,10.0,0.0,0.0,False,0.0,0.0,0.0,False,0.0,0.0,False,0
41117,World Championship,2019.0,607163.0,F,Oceania,High school,0-35,Middle,False,0.0,False,,False,49.0,89.0,2.0,91.0,4.0,68.0,False,0.0,0.0,0.0,False,0.0,0.0,True,1
25127,Federation League,2021.0,566240.0,M,Northern Africa,High school,35-55,Middle-Low,False,0.0,False,0.0,False,272.0,403.0,8.0,186.0,345.0,7.0,False,7.0,84.0,0.0,False,31.0,0.0,False,1
80989,Regional Tournament,2022.0,654214.0,F,Middle East,Middle school,35-55,Low,False,0.0,False,0.0,False,2.0,1.0,0.0,0.0,1.0,0.0,False,0.0,0.0,0.0,False,0.0,0.0,True,0
85252,Regional Tournament,2019.0,498892.0,M,North America,Middle school,35-55,Middle-Low,False,0.0,False,0.0,False,6.0,1.0,0.0,16.0,2.0,0.0,False,0.0,0.0,0.0,False,1.0,0.0,True,0
22451,Regional Tournament,2021.0,626442.0,F,East Asia,Middle school,0-35,Middle-High,False,0.0,False,0.0,False,5.0,0.0,0.0,0.0,1.0,,False,0.0,0.0,0.0,False,0.0,0.0,True,0
34070,Local Match,2019.0,2686609.0,M,Middle East,High school,0-35,Middle-Low,True,1.0,False,0.0,True,665.0,964.0,0.0,229.0,271.0,789.0,False,46.0,22.0,0.0,False,21.0,0.0,True,1
97674,Federation League,2020.0,556093.0,F,Eastern Europe,High school,0-35,High,False,0.0,False,0.0,False,104.0,54.0,0.0,60.0,97.0,9.0,False,0.0,28.0,0.0,False,31.0,3.0,False,0
57739,Olympic Games,2022.0,358182.0,M,East Asia,Middle school,0-35,High,False,0.0,False,60.0,False,361.0,1224.0,0.0,157.0,112.0,0.0,False,0.0,0.0,0.0,False,47.0,0.0,False,1
61554,Federation League,2019.0,575431.0,F,Southern Africa,High school,0-35,High,False,0.0,False,0.0,False,226.0,136.0,0.0,211.0,128.0,4.0,False,13.0,67.0,0.0,False,21.0,0.0,True,1
75012,Local Match,2022.0,648365.0,M,Middle East,University Degree,0-35,Middle-Low,False,0.0,False,0.0,False,1339.0,3368.0,0.0,1043.0,838.0,515.0,True,1.0,96.0,46.0,False,139.0,44.0,True,1
76770,National Cup,2021.0,408413.0,M,Central America,High school,0-35,Middle-Low,False,0.0,False,0.0,False,280.0,68.0,0.0,236.0,70.0,178.0,False,0.0,0.0,0.0,False,7.0,0.0,False,0
23527,Local Match,2019.0,596828.0,M,East Asia,Middle school,35-55,High,False,0.0,False,0.0,True,608.0,1790.0,0.0,440.0,367.0,904.0,False,7.0,18.0,4.0,False,24.0,2.0,True,1
83548,Local Match,2021.0,2630284.0,F,Central Asia,High school,35-55,Low,False,5.0,False,90.0,False,54.0,82.0,0.0,51.0,74.0,0.0,False,0.0,0.0,0.0,False,9.0,0.0,False,0
27145,Local Match,2019.0,587435.0,M,Western Europe,Middle school,0-35,Middle-Low,False,0.0,False,60.0,False,278.0,574.0,0.0,277.0,173.0,244.0,False,3.0,18.0,4.0,False,14.0,0.0,True,0
56548,Regional Tournament,2021.0,631441.0,F,Northern Africa,Middle school,35-55,High,False,0.0,False,0.0,False,364.0,130.0,3.0,1210.0,107.0,128.0,False,0.0,0.0,0.0,False,83.0,0.0,False,1
24540,Federation League,2019.0,551214.0,M,Oceania,High school,0-35,High,False,0.0,False,0.0,False,147.0,292.0,0.0,135.0,130.0,0.0,False,14.0,23.0,0.0,False,8.0,0.0,True,1
63887,Local Match,2020.0,405314.0,M,Northern Africa,High school,0-35,High,False,0.0,False,0.0,False,495.0,1945.0,5.0,395.0,450.0,1142.0,False,0.0,71.0,18.0,False,48.0,70.0,True,0
35492,Continental Championship,2022.0,680804.0,M,Middle East,University Degree,0-35,Middle,False,0.0,False,0.0,False,258.0,729.0,0.0,72.0,77.0,208.0,False,5.0,29.0,0.0,False,38.0,0.0,False,1
41675,World Championship,2019.0,401139.0,F,Western Europe,Middle school,0-35,Low,False,0.0,False,,False,64.0,249.0,0.0,61.0,11.0,114.0,False,0.0,0.0,0.0,False,0.0,0.0,True,1
64519,Regional Tournament,2022.0,656711.0,F,Southern Africa,Middle school,35-55,High,False,0.0,False,0.0,False,80.0,248.0,0.0,0.0,16.0,0.0,False,0.0,0.0,0.0,False,4.0,0.0,True,1
88732,Federation League,2020.0,441302.0,M,Southern Europe,Middle school,0-35,Middle,False,0.0,False,0.0,False,313.0,333.0,0.0,115.0,280.0,30.0,False,0.0,87.0,0.0,False,66.0,1.0,False,1
91424,Federation League,2021.0,365397.0,F,Middle East,Middle school,0-35,Low,False,0.0,False,0.0,False,177.0,299.0,0.0,81.0,62.0,0.0,False,4.0,47.0,0.0,False,6.0,0.0,True,0
12212,World Championship,2021.0,618887.0,M,Oceania,High school,35-55,High,True,0.0,False,,False,263.0,639.0,0.0,162.0,64.0,214.0,False,0.0,0.0,0.0,False,0.0,0.0,True,1
91023,National Cup,2022.0,607668.0,F,Central America,High school,0-35,High,False,0.0,False,60.0,False,325.0,295.0,0.0,12.0,100.0,771.0,False,2.0,0.0,0.0,False,11.0,0.0,False,1
58522,Local Match,2021.0,632947.0,M,Oceania,Middle school,0-35,Low,False,0.0,False,60.0,True,182.0,193.0,0.0,149.0,176.0,663.0,False,2.0,4.0,1.0,False,12.0,0.0,True,1
86016,Local Match,2019.0,575039.0,M,Eastern Europe,High school,35-55,Middle-High,False,0.0,False,0.0,True,347.0,572.0,4.0,747.0,217.0,663.0,False,20.0,66.0,0.0,False,24.0,11.0,True,1
14607,Regional Tournament,2022.0,643608.0,F,Central Asia,High school,0-35,Low,True,0.0,False,0.0,False,68.0,234.0,0.0,12.0,0.0,50.0,False,0.0,0.0,0.0,False,0.0,0.0,True,0
57605,World Championship,2022.0,628172.0,F,Central Asia,Middle school,35-55,Middle-High,False,1.0,False,,False,56.0,153.0,0.0,0.0,18.0,3.0,False,0.0,0.0,0.0,False,0.0,0.0,True,0
13463,Federation League,2019.0,605144.0,M,North America,University Degree,0-35,High,False,0.0,False,30.0,False,273.0,174.0,0.0,217.0,436.0,25.0,False,2.0,108.0,0.0,False,47.0,0.0,True,1
72924,Local Match,2019.0,397292.0,F,Northern Africa,Middle school,0-35,Low,False,0.0,False,0.0,False,31.0,88.0,0.0,4.0,41.0,0.0,False,0.0,0.0,0.0,False,1.0,0.0,False,0
75483,Regional Tournament,2022.0,625709.0,F,Central Asia,High school,35-55,High,False,0.0,False,30.0,False,29.0,46.0,0.0,0.0,6.0,0.0,False,0.0,0.0,0.0,False,0.0,0.0,True,0
14285,Regional Tournament,2019.0,599739.0,F,Southern Europe,Middle school,35-55,Middle-Low,False,0.0,False,0.0,False,93.0,52.0,1.0,95.0,45.0,74.0,False,2.0,0.0,0.0,False,14.0,0.0,False,1
98729,World Championship,2019.0,588367.0,F,South America,High school,0-35,Middle,False,0.0,False,,False,72.0,172.0,0.0,0.0,14.0,119.0,False,0.0,0.0,0.0,False,0.0,0.0,True,1
83812,Regional Tournament,2022.0,676750.0,F,Oceania,Middle school,35-55,High,False,0.0,False,0.0,False,135.0,375.0,3.0,14.0,18.0,0.0,False,2.0,0.0,6.0,False,1.0,0.0,True,1
16817,Continental Championship,2019.0,606724.0,M,Western Europe,High school,0-35,Middle-High,False,0.0,False,0.0,False,332.0,738.0,0.0,138.0,23.0,184.0,False,0.0,81.0,0.0,False,74.0,1.0,True,1
44508,World Championship,2022.0,683005.0,M,Middle East,Middle school,0-35,High,False,0.0,False,,,144.0,424.0,12.0,137.0,26.0,97.0,False,0.0,0.0,0.0,False,0.0,0.0,True,1
35837,Federation League,2019.0,572730.0,F,Central Asia,Middle school,0-35,Middle,False,0.0,False,60.0,False,191.0,114.0,0.0,167.0,175.0,3.0,False,3.0,69.0,0.0,False,27.0,0.0,True,1
52071,World Championship,2021.0,626317.0,F,Middle East,Middle school,35-55,Middle,True,0.0,False,,False,96.0,193.0,1.0,72.0,23.0,35.0,False,0.0,0.0,0.0,False,0.0,0.0,True,0
54922,Regional Tournament,2021.0,622208.0,F,South Asia,Middle school,0-35,High,False,,False,60.0,False,255.0,56.0,0.0,309.0,38.0,93.0,False,0.0,0.0,0.0,False,23.0,0.0,False,1
67583,Local Match,2021.0,589449.0,M,Northern Africa,High school,0-35,Middle,False,0.0,False,0.0,True,717.0,3212.0,103.0,638.0,331.0,864.0,False,6.0,43.0,9.0,False,57.0,14.0,True,1
56306,Federation League,2020.0,549354.0,M,Central America,Middle school,35-55,High,False,0.0,False,60.0,False,63.0,21.0,0.0,17.0,30.0,4.0,False,0.0,0.0,0.0,False,19.0,0.0,True,0
42097,Local Match,2020.0,476194.0,M,North America,Middle school,0-35,Middle,False,0.0,False,0.0,False,344.0,644.0,4.0,328.0,335.0,1214.0,False,0.0,15.0,28.0,False,41.0,48.0,True,1
10046,Federation League,2022.0,1804143.0,M,Northern Africa,High school,35-55,Middle-Low,True,2.0,False,0.0,False,161.0,41.0,11.0,634.0,30.0,4.0,False,28.0,0.0,0.0,False,8.0,0.0,True,1
12381,Local Match,2022.0,676265.0,M,,Middle school,0-35,High,False,0.0,False,0.0,False,380.0,2087.0,0.0,246.0,224.0,509.0,True,1.0,37.0,14.0,False,32.0,15.0,True,1
96942,Local Match,2020.0,358808.0,M,Central America,High school,0-35,Low,False,0.0,False,0.0,False,53.0,42.0,0.0,128.0,47.0,183.0,False,0.0,0.0,0.0,False,4.0,0.0,True,0
73198,Federation League,2020.0,423876.0,M,Central Asia,Post Graduate,35-55,High,False,0.0,False,0.0,False,146.0,90.0,0.0,210.0,105.0,2.0,False,0.0,46.0,0.0,False,42.0,3.0,False,0
52661,,2022.0,652267.0,F,Central Asia,Middle school,0-35,High,False,0.0,False,0.0,False,209.0,237.0,0.0,164.0,102.0,10.0,False,0.0,0.0,0.0,False,18.0,0.0,False,0
30641,Federation League,2022.0,685458.0,M,Northern Africa,Middle school,0-35,Middle-Low,False,0.0,False,60.0,False,371.0,124.0,1.0,363.0,164.0,9.0,False,12.0,0.0,0.0,False,31.0,0.0,True,1
54993,Regional Tournament,2022.0,685052.0,M,Central Asia,Middle school,0-35,Low,False,0.0,False,60.0,False,77.0,131.0,1.0,14.0,39.0,28.0,False,0.0,0.0,0.0,False,2.0,0.0,True,0
98372,Federation League,2019.0,573845.0,F,Middle East,High school,0-35,Middle-Low,False,0.0,False,0.0,False,93.0,69.0,0.0,193.0,67.0,1.0,False,4.0,134.0,0.0,False,5.0,0.0,True,1
57443,Federation League,2021.0,564712.0,F,Central Asia,High school,0-35,High,False,0.0,False,0.0,False,137.0,96.0,0.0,87.0,170.0,6.0,False,3.0,50.0,0.0,False,20.0,0.0,,0
89485,World Championship,2021.0,472511.0,M,Eastern Europe,Middle school,0-35,Middle-Low,False,0.0,False,,False,184.0,375.0,5.0,69.0,15.0,83.0,False,0.0,0.0,0.0,False,0.0,0.0,True,1
67031,Local Match,2019.0,604945.0,M,North America,University Degree,0-35,Middle-High,False,0.0,False,0.0,False,114.0,394.0,0.0,110.0,136.0,210.0,False,0.0,4.0,1.0,False,21.0,0.0,True,0
95813,Olympic Games,2022.0,418731.0,M,Southern Africa,,0-35,Middle-High,False,0.0,False,30.0,False,25.0,57.0,0.0,15.0,27.0,0.0,False,0.0,0.0,0.0,False,3.0,0.0,False,0
63317,Federation League,2020.0,539043.0,M,Central Asia,High school,0-35,Middle,False,0.0,False,0.0,False,46.0,113.0,0.0,5.0,19.0,5.0,False,0.0,0.0,0.0,False,2.0,0.0,False,0
63752,National Cup,2022.0,1634278.0,M,Southern Europe,Middle school,35-55,High,False,0.0,False,0.0,False,87.0,92.0,0.0,13.0,32.0,239.0,False,0.0,0.0,0.0,False,3.0,0.0,False,0
23402,Continental Championship,2021.0,600801.0,M,North America,High school,0-35,High,True,1.0,False,15.0,False,137.0,603.0,0.0,34.0,7.0,216.0,False,6.0,77.0,0.0,False,22.0,1.0,True,1
14087,National Cup,2021.0,370336.0,M,Central Asia,Middle school,0-35,Middle-Low,False,0.0,False,90.0,False,41.0,33.0,0.0,0.0,18.0,80.0,False,0.0,0.0,0.0,False,2.0,0.0,False,0
27499,Regional Tournament,2019.0,2578802.0,F,Southern Europe,Middle school,0-35,High,False,0.0,False,60.0,False,120.0,41.0,0.0,347.0,29.0,77.0,False,4.0,0.0,0.0,False,8.0,0.0,False,1
77276,Regional Tournament,2021.0,604106.0,F,Middle East,Middle school,0-35,Middle-Low,False,0.0,False,60.0,False,83.0,29.0,0.0,22.0,26.0,94.0,False,0.0,0.0,0.0,False,5.0,0.0,True,1
38204,Federation League,2019.0,571055.0,M,Central America,Middle school,0-35,High,False,0.0,False,60.0,False,276.0,67.0,0.0,263.0,60.0,4.0,False,2.0,32.0,0.0,False,7.0,0.0,True,0
51733,Continental Championship,2019.0,2641254.0,,Western Europe,Middle school,0-35,High,False,0.0,False,0.0,False,1243.0,793.0,0.0,2960.0,162.0,327.0,False,1.0,1045.0,0.0,False,279.0,22.0,True,1
48671,Regional Tournament,2019.0,520325.0,F,East Asia,Middle school,0-35,Middle,False,0.0,False,0.0,False,81.0,19.0,0.0,93.0,17.0,89.0,False,0.0,0.0,0.0,False,1.0,0.0,True,0
75482,Continental Championship,2021.0,624092.0,M,Oceania,Middle school,0-35,Middle-High,False,0.0,False,,False,74.0,186.0,0.0,,12.0,212.0,False,5.0,90.0,0.0,False,18.0,2.0,True,0
71675,National Cup,2021.0,191797.0,F,Northern Africa,High school,0-35,High,False,0.0,False,,False,139.0,182.0,0.0,17.0,112.0,273.0,False,0.0,0.0,0.0,False,5.0,0.0,False,1
48911,World Championship,2022.0,2378591.0,F,Eastern Europe,High school,35-55,Middle-Low,False,1.0,False,,False,46.0,65.0,1.0,9.0,15.0,94.0,False,0.0,0.0,0.0,False,0.0,0.0,True,0
40843,Local Match,2022.0,2486930.0,M,Central Asia,University Degree,35-55,Low,False,0.0,False,30.0,False,125.0,571.0,0.0,82.0,116.0,695.0,True,3.0,0.0,0.0,False,11.0,1.0,True,1
99901,Regional Tournament,2022.0,687030.0,F,East Asia,Middle school,0-35,Middle,False,0.0,False,0.0,False,30.0,80.0,0.0,0.0,7.0,33.0,False,0.0,0.0,0.0,False,0.0,0.0,True,0
22281,Local Match,2019.0,574078.0,M,South America,High school,0-35,Low,False,0.0,False,0.0,True,340.0,1299.0,0.0,95.0,233.0,758.0,False,4.0,29.0,24.0,False,13.0,26.0,True,1
39521,,2022.0,677444.0,F,East Asia,High school,0-35,Low,False,0.0,False,120.0,False,97.0,55.0,0.0,166.0,29.0,2.0,False,1.0,0.0,0.0,False,5.0,0.0,False,0
51297,Local Match,2020.0,540054.0,M,Oceania,High school,0-35,Middle-Low,False,0.0,False,0.0,False,548.0,2451.0,0.0,282.0,521.0,613.0,False,0.0,16.0,18.0,False,30.0,48.0,True,1
99885,Local Match,2019.0,116631.0,M,Eastern Europe,Middle school,0-35,Middle-Low,False,1.0,False,90.0,,94.0,124.0,0.0,71.0,73.0,166.0,False,0.0,3.0,10.0,False,7.0,3.0,True,0
24855,Regional Tournament,2022.0,509935.0,F,Southern Europe,Middle school,0-35,Middle,False,1.0,False,0.0,False,149.0,480.0,1.0,7.0,22.0,104.0,False,1.0,0.0,5.0,False,1.0,0.0,,1
30632,Regional Tournament,2020.0,546685.0,F,Central America,High school,0-35,Middle-Low,False,0.0,False,0.0,False,353.0,23.0,0.0,910.0,45.0,72.0,False,0.0,0.0,0.0,False,11.0,0.0,False,1
29200,Federation League,2021.0,2266889.0,M,Western Europe,High school,35-55,Middle,False,0.0,False,0.0,False,101.0,281.0,0.0,100.0,78.0,0.0,False,0.0,56.0,0.0,False,5.0,0.0,False,1
94239,Regional Tournament,2020.0,544500.0,F,Central America,University Degree,35-55,Low,False,0.0,False,0.0,False,74.0,6.0,0.0,262.0,7.0,54.0,False,0.0,0.0,0.0,False,5.0,0.0,False,0
54595,Federation League,2020.0,465068.0,F,East Asia,University Degree,0-35,High,False,1.0,False,60.0,False,36.0,41.0,0.0,0.0,39.0,6.0,False,0.0,3.0,0.0,False,1.0,0.0,True,0
42884,National Cup,2022.0,630165.0,M,South Asia,High school,0-35,High,False,0.0,False,,False,122.0,228.0,0.0,141.0,49.0,241.0,False,0.0,0.0,0.0,False,4.0,0.0,False,0
53666,Federation League,2022.0,412717.0,M,Central America,University Degree,35-55,High,False,0.0,False,0.0,False,308.0,346.0,46.0,219.0,372.0,11.0,False,60.0,0.0,0.0,False,39.0,0.0,False,1
21233,Regional Tournament,2021.0,555994.0,M,South America,Middle school,0-35,Middle,False,0.0,False,0.0,False,54.0,71.0,0.0,21.0,43.0,133.0,False,0.0,0.0,0.0,False,2.0,0.0,False,0
16760,Federation League,2019.0,535794.0,F,Northern Africa,Middle school,0-35,Low,False,0.0,False,0.0,False,187.0,378.0,0.0,106.0,324.0,5.0,False,9.0,61.0,0.0,False,19.0,0.0,True,0
15992,Regional Tournament,2019.0,568775.0,F,Central Asia,Middle school,0-35,Middle-Low,False,0.0,False,0.0,False,81.0,10.0,2.0,4.0,18.0,20.0,False,0.0,0.0,0.0,False,46.0,0.0,False,0
66734,Regional Tournament,2021.0,628655.0,F,Eastern Europe,High school,0-35,Middle,False,0.0,False,0.0,False,18.0,0.0,0.0,1.0,0.0,0.0,False,0.0,0.0,0.0,False,1.0,0.0,False,0
62352,Continental Championship,2021.0,244166.0,M,Eastern Europe,High school,0-35,Middle-Low,False,0.0,False,,False,62.0,471.0,0.0,99.0,31.0,160.0,False,3.0,0.0,0.0,False,10.0,1.0,False,0
20536,World Championship,2019.0,311158.0,F,East Asia,Middle school,0-35,Middle,True,0.0,False,,False,131.0,329.0,4.0,103.0,30.0,110.0,False,0.0,0.0,0.0,False,0.0,0.0,True,1
49943,Federation League,2022.0,629309.0,M,Eastern Europe,High school,0-35,Middle-Low,True,0.0,False,0.0,False,738.0,283.0,3.0,3439.0,316.0,29.0,False,227.0,8.0,0.0,False,56.0,0.0,True,1
75193,Regional Tournament,2020.0,548585.0,F,South America,Middle school,0-35,Middle-Low,False,0.0,False,0.0,False,231.0,116.0,9.0,145.0,214.0,73.0,False,0.0,0.0,0.0,False,24.0,1.0,False,0
96748,National Cup,2022.0,689101.0,F,Western Europe,Post Graduate,35-55,High,False,0.0,False,,False,99.0,60.0,0.0,1.0,119.0,398.0,False,5.0,0.0,0.0,False,8.0,0.0,False,0
35871,Local Match,2022.0,655353.0,M,South America,University Degree,35-55,Middle-High,False,0.0,False,90.0,False,1007.0,666.0,11.0,2039.0,460.0,930.0,True,1.0,11.0,0.0,,28.0,0.0,True,1
42534,Regional Tournament,2021.0,123270.0,F,Northern Africa,Middle school,35-55,Middle,False,0.0,False,0.0,False,45.0,9.0,0.0,68.0,5.0,13.0,False,0.0,0.0,0.0,False,5.0,0.0,False,0
96526,Federation League,2020.0,529025.0,M,East Asia,High school,35-55,Middle-Low,False,0.0,False,0.0,False,593.0,295.0,0.0,772.0,819.0,43.0,False,0.0,121.0,0.0,False,89.0,3.0,False,1
23849,Federation League,2019.0,583247.0,M,Oceania,Middle school,0-35,High,False,0.0,False,0.0,False,95.0,58.0,0.0,27.0,31.0,8.0,False,3.0,39.0,0.0,False,8.0,0.0,True,0
21829,National Cup,2022.0,354688.0,F,South America,Middle school,0-35,High,False,0.0,False,0.0,False,91.0,33.0,0.0,2.0,76.0,149.0,False,0.0,0.0,0.0,False,8.0,0.0,False,1
77729,Continental Championship,2022.0,333637.0,M,North America,High school,0-35,High,False,0.0,False,,False,97.0,364.0,0.0,28.0,65.0,1.0,False,0.0,48.0,0.0,False,4.0,0.0,True,1
58007,World Championship,2021.0,626307.0,F,East Asia,Middle school,0-35,Low,True,0.0,False,,False,39.0,23.0,0.0,0.0,12.0,38.0,False,0.0,0.0,0.0,False,0.0,0.0,True,0
11056,Regional Tournament,2019.0,607382.0,F,South America,High school,0-35,Low,False,0.0,False,60.0,False,2.0,0.0,0.0,0.0,0.0,0.0,False,0.0,0.0,0.0,False,0.0,0.0,False,0
64454,Local Match,2021.0,565348.0,M,Oceania,High school,0-35,Middle-Low,False,0.0,False,0.0,False,173.0,1074.0,0.0,147.0,178.0,412.0,False,4.0,44.0,3.0,False,8.0,0.0,True,0
49366,Continental Championship,2022.0,515977.0,M,North America,Middle school,0-35,Low,False,0.0,False,0.0,False,213.0,825.0,0.0,224.0,23.0,155.0,False,1.0,239.0,0.0,False,25.0,1.0,True,1
94498,Regional Tournament,2022.0,290184.0,F,Western Europe,University Degree,0-35,High,False,0.0,False,60.0,False,75.0,83.0,0.0,2.0,16.0,72.0,False,0.0,0.0,0.0,False,0.0,0.0,True,1
76632,Local Match,2019.0,561268.0,M,East Asia,High school,0-35,Middle-High,False,0.0,False,0.0,True,752.0,3224.0,0.0,860.0,515.0,729.0,False,9.0,76.0,27.0,False,30.0,67.0,True,1
79528,Federation League,2021.0,620608.0,F,Northern Africa,High school,0-35,Low,False,0.0,False,0.0,False,462.0,174.0,0.0,577.0,289.0,2.0,False,1.0,75.0,0.0,,25.0,0.0,True,0
55178,Local Match,2020.0,554236.0,M,North America,University Degree,0-35,Middle,False,0.0,False,0.0,False,406.0,1443.0,0.0,56.0,353.0,683.0,False,0.0,13.0,0.0,False,25.0,29.0,True,1
47679,Local Match,2022.0,570213.0,M,East Asia,High school,35-55,Middle-High,False,1.0,False,0.0,False,238.0,2128.0,0.0,135.0,249.0,732.0,True,0.0,,21.0,False,22.0,7.0,True,0
62909,Local Match,2022.0,655113.0,M,Central Asia,Middle school,0-35,Low,False,0.0,False,60.0,False,35.0,60.0,0.0,63.0,33.0,7.0,True,0.0,0.0,0.0,False,3.0,0.0,False,0
53914,Regional Tournament,2019.0,504635.0,F,Central America,University Degree,0-35,High,False,0.0,False,0.0,False,25.0,15.0,0.0,2.0,7.0,74.0,False,0.0,0.0,0.0,False,3.0,0.0,False,1
64036,World Championship,2019.0,1319732.0,F,East Asia,Middle school,35-55,Middle,False,0.0,False,,False,77.0,106.0,0.0,20.0,20.0,85.0,False,0.0,0.0,0.0,False,0.0,0.0,True,1
56598,Regional Tournament,2022.0,652572.0,F,Southern Europe,High school,35-55,Middle,False,0.0,False,0.0,False,183.0,888.0,1.0,224.0,36.0,140.0,False,29.0,0.0,0.0,False,0.0,0.0,True,1
57002,Regional Tournament,2021.0,628119.0,F,Southern Africa,High school,35-55,High,False,0.0,,0.0,False,251.0,36.0,0.0,721.0,32.0,95.0,False,0.0,0.0,0.0,False,44.0,0.0,False,0
66859,Continental Championship,2019.0,571186.0,M,South America,High school,0-35,Middle-Low,False,0.0,False,0.0,False,454.0,708.0,0.0,130.0,41.0,218.0,False,1.0,594.0,0.0,False,99.0,4.0,True,1
66202,National Cup,2022.0,689637.0,F,Southern Europe,High school,0-35,Middle-High,False,0.0,False,30.0,False,292.0,170.0,0.0,0.0,153.0,2377.0,False,0.0,0.0,0.0,False,5.0,0.0,False,1
96098,,2022.0,477833.0,M,South America,Middle school,35-55,Middle,True,1.0,False,0.0,False,846.0,1509.0,0.0,322.0,460.0,1623.0,True,33.0,22.0,19.0,False,35.0,11.0,True,0
77173,Local Match,2019.0,595735.0,M,Western Europe,Middle school,0-35,High,False,0.0,False,0.0,True,761.0,1254.0,6.0,1594.0,309.0,1122.0,False,0.0,62.0,9.0,False,54.0,5.0,True,1
29340,Regional Tournament,2020.0,535145.0,F,North America,Middle school,0-35,Middle-High,False,0.0,False,0.0,False,625.0,156.0,5.0,721.0,169.0,99.0,False,0.0,0.0,0.0,False,19.0,0.0,False,0
16463,Regional Tournament,2022.0,682107.0,F,Western Europe,High school,0-35,Middle-Low,False,0.0,False,0.0,False,115.0,780.0,1.0,1.0,16.0,259.0,False,0.0,0.0,16.0,False,0.0,0.0,False,1
73802,Continental Championship,2022.0,656815.0,M,Central America,Middle school,0-35,Middle-High,False,0.0,False,0.0,False,286.0,327.0,0.0,614.0,8.0,108.0,False,0.0,257.0,0.0,False,31.0,0.0,True,1
21827,Local Match,2019.0,409040.0,M,Western Europe,Middle school,0-35,Middle-Low,False,1.0,False,30.0,True,157.0,211.0,0.0,39.0,164.0,788.0,False,0.0,4.0,0.0,False,1.0,10.0,True,1
99514,Local Match,2020.0,517269.0,M,Southern Europe,Middle school,35-55,Low,True,1.0,False,120.0,False,2974.0,7240.0,0.0,6034.0,1635.0,2662.0,False,0.0,189.0,43.0,False,153.0,193.0,True,1
31017,Federation League,2019.0,352051.0,F,Northern Africa,Middle school,35-55,Middle-Low,False,1.0,False,0.0,False,24.0,10.0,0.0,5.0,20.0,0.0,False,0.0,13.0,0.0,False,0.0,0.0,True,1
21139,Local Match,2022.0,615302.0,M,Central America,High school,0-35,Low,False,0.0,False,0.0,False,614.0,2297.0,0.0,864.0,325.0,871.0,True,13.0,0.0,4.0,False,30.0,6.0,True,1
94821,World Championship,2022.0,637496.0,F,East Asia,Middle school,35-55,High,False,0.0,False,,False,167.0,975.0,1.0,88.0,60.0,84.0,False,0.0,0.0,0.0,False,0.0,0.0,True,1
34792,Local Match,2021.0,629303.0,M,South America,High school,0-35,High,False,0.0,False,60.0,True,143.0,313.0,0.0,72.0,184.0,712.0,False,1.0,9.0,0.0,False,5.0,0.0,True,1
51085,Continental Championship,2021.0,519258.0,M,Middle East,Middle school,35-55,Low,False,1.0,False,0.0,False,281.0,365.0,0.0,97.0,4.0,67.0,False,5.0,316.0,0.0,False,68.0,0.0,False,0
18007,Local Match,2020.0,2189002.0,M,North America,University Degree,35-55,Middle-Low,False,0.0,False,0.0,False,351.0,993.0,0.0,202.0,223.0,702.0,False,0.0,17.0,5.0,False,35.0,9.0,True,1
71506,Federation League,2020.0,230052.0,M,Northern Africa,High school,0-35,High,False,0.0,False,120.0,False,226.0,138.0,0.0,291.0,69.0,7.0,False,0.0,62.0,0.0,False,35.0,5.0,False,0
14604,Local Match,2020.0,505002.0,M,South America,High school,0-35,Low,False,0.0,False,0.0,False,106.0,302.0,0.0,144.0,94.0,77.0,False,0.0,6.0,0.0,False,3.0,0.0,True,0
50291,Federation League,2019.0,529073.0,M,Northern Africa,Middle school,,High,False,0.0,False,40.0,False,155.0,148.0,0.0,125.0,47.0,1.0,False,0.0,,0.0,False,8.0,0.0,False,0
49874,Regional Tournament,2021.0,99799.0,F,Central Asia,High school,0-35,Low,False,1.0,False,60.0,False,182.0,62.0,7.0,116.0,90.0,80.0,False,0.0,0.0,0.0,False,16.0,0.0,False,1
45515,Local Match,2021.0,2306016.0,M,Central America,University Degree,0-35,Middle-Low,False,0.0,False,30.0,True,363.0,1724.0,0.0,165.0,265.0,445.0,False,2.0,28.0,12.0,False,22.0,4.0,True,1
57091,Local Match,2022.0,656529.0,M,Southern Africa,High school,35-55,Middle,False,0.0,False,0.0,False,737.0,1661.0,0.0,1064.0,538.0,862.0,True,29.0,11.0,3.0,False,48.0,1.0,True,1
89075,Federation League,2022.0,373280.0,M,Middle East,High school,0-35,Middle-Low,False,1.0,False,60.0,False,18.0,12.0,0.0,0.0,0.0,0.0,False,0.0,0.0,0.0,False,0.0,0.0,True,0
57229,Continental Championship,2021.0,632904.0,M,North America,University Degree,0-35,Middle,False,0.0,False,0.0,False,296.0,525.0,0.0,595.0,38.0,97.0,False,3.0,188.0,0.0,False,71.0,0.0,True,1
79951,Regional Tournament,2021.0,366936.0,F,Oceania,High school,0-35,Low,False,1.0,False,60.0,False,77.0,12.0,0.0,560.0,16.0,68.0,False,0.0,0.0,0.0,False,4.0,0.0,False,0
15720,Regional Tournament,2020.0,488425.0,M,Oceania,Middle school,35-55,Low,False,0.0,False,0.0,False,646.0,19.0,2.0,2453.0,90.0,55.0,False,0.0,0.0,0.0,False,24.0,1.0,False,0
88802,Regional Tournament,2022.0,697136.0,F,Oceania,Middle school,0-35,Middle-Low,False,0.0,False,60.0,False,54.0,61.0,0.0,50.0,8.0,0.0,False,1.0,0.0,0.0,False,2.0,0.0,True,0
95156,Local Match,2019.0,552104.0,F,East Asia,High school,0-35,High,True,0.0,False,0.0,True,403.0,1840.0,2.0,424.0,332.0,2440.0,False,8.0,56.0,34.0,False,70.0,59.0,True,1
70322,Federation League,2019.0,607061.0,M,North America,High school,0-35,Middle-Low,False,0.0,False,30.0,False,166.0,168.0,22.0,82.0,124.0,22.0,False,4.0,46.0,0.0,False,2.0,0.0,True,1
65896,World Championship,2021.0,618846.0,F,Southern Europe,High school,0-35,High,False,0.0,False,,False,18.0,42.0,0.0,11.0,12.0,10.0,False,0.0,0.0,0.0,False,0.0,0.0,False,0
36258,World Championship,2021.0,624099.0,F,Southern Europe,High school,35-55,Middle-Low,False,0.0,False,,False,5.0,6.0,0.0,0.0,1.0,0.0,False,0.0,0.0,0.0,False,0.0,0.0,False,0
29669,Federation League,2021.0,550046.0,M,East Asia,High school,0-35,High,False,0.0,False,0.0,False,268.0,227.0,30.0,319.0,98.0,2.0,False,4.0,107.0,0.0,False,12.0,0.0,True,1
52538,Federation League,2022.0,653729.0,F,North America,High school,0-35,Middle-Low,False,0.0,False,0.0,False,163.0,197.0,0.0,87.0,48.0,14.0,False,5.0,0.0,0.0,False,3.0,0.0,True,1
90446,Continental Championship,2021.0,234559.0,M,North America,University Degree,35-55,High,False,0.0,False,0.0,False,144.0,525.0,0.0,65.0,21.0,132.0,False,2.0,24.0,0.0,False,19.0,0.0,False,1
58392,World Championship,2021.0,2410140.0,F,Northern Africa,High school,35-55,High,False,0.0,False,,False,20.0,5.0,0.0,2.0,1.0,0.0,False,0.0,0.0,0.0,False,0.0,0.0,False,0
31113,World Championship,2022.0,1950911.0,F,Middle East,Middle school,35-55,Middle,False,0.0,False,,False,103.0,649.0,0.0,10.0,48.0,176.0,False,0.0,0.0,0.0,False,0.0,0.0,True,1
27553,Local Match,2020.0,544697.0,M,Central America,Middle school,0-35,Middle,False,0.0,False,0.0,False,73.0,164.0,0.0,114.0,83.0,1.0,False,0.0,0.0,0.0,False,3.0,1.0,True,0
21452,National Cup,2021.0,625574.0,F,Eastern Europe,High school,0-35,High,False,0.0,False,0.0,False,435.0,197.0,0.0,,221.0,1751.0,False,0.0,0.0,0.0,False,11.0,0.0,False,1
93103,Local Match,2022.0,234661.0,M,East Asia,Middle school,0-35,High,False,1.0,False,0.0,False,471.0,1647.0,0.0,437.0,371.0,1137.0,True,0.0,40.0,7.0,False,52.0,1.0,True,1
17572,Local Match,2022.0,2584244.0,M,North America,University Degree,35-55,Middle-Low,,0.0,False,30.0,False,213.0,1822.0,0.0,30.0,227.0,610.0,True,0.0,11.0,13.0,False,13.0,15.0,True,1
78417,Regional Tournament,2021.0,631492.0,F,Oceania,University Degree,0-35,Low,False,0.0,False,60.0,False,203.0,123.0,0.0,3.0,153.0,118.0,False,0.0,0.0,0.0,False,65.0,0.0,False,1
15754,Regional Tournament,2019.0,2540724.0,M,East Asia,University Degree,35-55,Middle,False,1.0,False,120.0,False,299.0,233.0,3.0,357.0,153.0,153.0,False,13.0,0.0,0.0,False,39.0,0.0,True,1
93152,National Cup,2021.0,632571.0,M,Central America,High school,0-35,Middle-High,True,0.0,False,,False,78.0,13.0,0.0,0.0,44.0,244.0,False,16.0,0.0,0.0,False,4.0,0.0,False,1
85922,Local Match,2022.0,647171.0,M,South America,Middle school,0-35,Low,True,0.0,False,60.0,False,30.0,83.0,0.0,31.0,48.0,1.0,True,1.0,0.0,0.0,False,3.0,0.0,False,0
83435,Local Match,2021.0,616646.0,M,Central Asia,High school,0-35,Low,False,0.0,False,0.0,True,303.0,302.0,0.0,627.0,258.0,847.0,False,8.0,0.0,0.0,False,7.0,0.0,True,1
31333,Federation League,2019.0,385937.0,M,East Asia,Middle school,35-55,Middle-High,False,0.0,False,0.0,False,1155.0,506.0,4.0,826.0,399.0,30.0,False,43.0,265.0,0.0,False,35.0,0.0,True,1
31745,World Championship,2019.0,527742.0,F,Northern Africa,Middle school,0-35,High,False,0.0,False,0.0,False,51.0,19.0,0.0,98.0,8.0,88.0,False,0.0,0.0,0.0,False,0.0,0.0,True,1
92213,Regional Tournament,2020.0,126322.0,F,North America,High school,35-55,Low,False,1.0,False,0.0,False,126.0,14.0,2.0,307.0,38.0,31.0,False,0.0,0.0,0.0,False,8.0,0.0,True,1
50677,Continental Championship,2022.0,675840.0,M,East Asia,High school,0-35,High,False,0.0,False,0.0,False,367.0,846.0,0.0,781.0,77.0,135.0,False,10.0,304.0,0.0,False,49.0,2.0,False,1
79809,Local Match,2021.0,379769.0,M,Central America,High school,0-35,Middle-Low,False,1.0,False,60.0,False,97.0,190.0,1.0,53.0,118.0,23.0,False,1.0,1.0,0.0,False,12.0,0.0,False,0
40366,Federation League,2021.0,610515.0,F,Central Asia,Middle school,0-35,High,False,0.0,False,0.0,False,226.0,165.0,5.0,307.0,352.0,4.0,False,1.0,67.0,0.0,False,23.0,0.0,True,1
79964,Regional Tournament,2022.0,645359.0,F,Southern Europe,High school,0-35,Middle-Low,False,0.0,False,60.0,False,128.0,294.0,0.0,314.0,47.0,144.0,False,6.0,0.0,0.0,False,0.0,0.0,True,1
47700,Regional Tournament,2020.0,506233.0,F,Middle East,High school,35-55,Middle,False,0.0,False,0.0,False,83.0,3.0,0.0,44.0,8.0,73.0,False,0.0,0.0,0.0,False,3.0,0.0,,1
82173,Regional Tournament,2019.0,571441.0,F,North America,University Degree,35-55,Middle-Low,False,0.0,False,0.0,False,79.0,36.0,8.0,77.0,17.0,80.0,False,0.0,0.0,0.0,False,3.0,0.0,False,1
45534,Federation League,2021.0,633763.0,M,Middle East,High school,35-55,High,False,0.0,False,0.0,False,429.0,293.0,0.0,385.0,173.0,4.0,False,8.0,23.0,0.0,False,36.0,0.0,True,1
16975,National Cup,2022.0,510460.0,M,South Asia,University Degree,35-55,Middle-Low,False,0.0,False,0.0,False,40.0,19.0,0.0,40.0,19.0,217.0,False,0.0,0.0,0.0,False,1.0,0.0,False,0
74340,Regional Tournament,2020.0,349040.0,F,South Asia,University Degree,35-55,High,False,0.0,False,0.0,False,272.0,19.0,0.0,798.0,23.0,29.0,False,0.0,0.0,0.0,False,15.0,0.0,False,0
65179,Federation League,2022.0,395535.0,M,Northern Africa,High school,35-55,Low,True,0.0,False,0.0,False,204.0,270.0,9.0,49.0,51.0,6.0,False,0.0,0.0,0.0,False,22.0,0.0,False,0
32680,Local Match,2021.0,633077.0,M,Western Europe,Middle school,0-35,Middle-Low,True,0.0,False,0.0,True,909.0,2078.0,0.0,1188.0,378.0,,False,6.0,52.0,26.0,False,47.0,38.0,True,1
78506,National Cup,2021.0,2131908.0,M,Western Europe,High school,35-55,Middle-Low,False,0.0,False,0.0,False,162.0,78.0,0.0,5.0,121.0,620.0,False,0.0,0.0,0.0,False,17.0,0.0,False,1
33416,Olympic Games,2019.0,344282.0,M,Southern Europe,High school,0-35,Low,False,0.0,False,0.0,False,19.0,26.0,0.0,0.0,20.0,0.0,False,0.0,0.0,0.0,False,0.0,0.0,True,0
78500,World Championship,2022.0,695951.0,F,Central America,Middle school,0-35,Middle,True,0.0,False,30.0,False,156.0,320.0,7.0,288.0,59.0,93.0,False,0.0,0.0,0.0,False,0.0,0.0,True,1
22341,Continental Championship,2019.0,490081.0,M,Western Europe,Middle school,0-35,Middle,False,0.0,False,25.0,False,181.0,263.0,0.0,89.0,,72.0,False,1.0,287.0,0.0,False,54.0,0.0,False,1
16345,Regional Tournament,2019.0,605102.0,F,Eastern Europe,Middle school,0-35,High,False,0.0,False,0.0,False,93.0,29.0,0.0,134.0,32.0,104.0,False,1.0,0.0,0.0,False,12.0,0.0,False,1
29769,Olympic Games,2022.0,2085209.0,F,South Asia,University Degree,35-55,Middle,False,0.0,False,0.0,False,1639.0,2808.0,0.0,2490.0,274.0,0.0,False,3.0,0.0,0.0,False,198.0,15.0,False,1
87884,World Championship,2021.0,628630.0,F,South America,Middle school,0-35,Low,False,0.0,False,,False,60.0,57.0,0.0,15.0,18.0,100.0,False,0.0,0.0,0.0,False,0.0,0.0,True,1
55443,Regional Tournament,2019.0,1521687.0,F,East Asia,University Degree,35-55,Middle-High,False,0.0,False,60.0,False,25.0,2.0,1.0,0.0,4.0,13.0,False,0.0,0.0,0.0,False,7.0,0.0,False,0
19898,Regional Tournament,2019.0,603818.0,F,East Asia,Middle school,0-35,Middle-Low,False,0.0,False,60.0,False,84.0,54.0,0.0,59.0,79.0,50.0,False,0.0,0.0,0.0,False,8.0,0.0,False,0
76368,Continental Championship,2021.0,633605.0,F,North America,High school,0-35,High,False,0.0,False,0.0,False,65.0,109.0,0.0,29.0,22.0,176.0,False,1.0,11.0,0.0,False,8.0,1.0,False,1
43584,National Cup,2022.0,490313.0,M,Western Europe,High school,0-35,Middle,False,0.0,,,False,59.0,14.0,0.0,0.0,19.0,327.0,False,0.0,0.0,0.0,False,2.0,0.0,False,0
47345,Regional Tournament,2019.0,610260.0,F,Middle East,University Degree,0-35,Middle-High,False,0.0,False,0.0,False,198.0,125.0,0.0,104.0,104.0,114.0,False,0.0,0.0,0.0,False,15.0,0.0,False,1
77378,National Cup,2021.0,107028.0,M,Central Asia,Middle school,0-35,Low,False,0.0,False,30.0,False,22.0,12.0,0.0,0.0,16.0,33.0,False,0.0,0.0,0.0,False,2.0,0.0,,0
58395,Local Match,2019.0,168229.0,M,Northern Africa,High school,35-55,Middle-High,False,0.0,False,30.0,True,879.0,2724.0,0.0,1176.0,628.0,1104.0,False,14.0,59.0,39.0,False,78.0,61.0,True,1
33053,Olympic Games,2022.0,642878.0,M,Middle East,University Degree,0-35,Middle-High,False,0.0,False,0.0,False,94.0,363.0,0.0,94.0,24.0,0.0,False,1.0,0.0,0.0,False,2.0,0.0,True,0
78047,World Championship,2019.0,589734.0,F,Eastern Europe,High school,0-35,Low,False,0.0,False,,False,183.0,409.0,10.0,26.0,32.0,89.0,False,0.0,0.0,0.0,False,0.0,0.0,True,0
14739,Continental Championship,2022.0,678341.0,M,Western Europe,High school,0-35,Middle,False,0.0,False,30.0,False,863.0,1104.0,0.0,2267.0,116.0,174.0,False,9.0,508.0,0.0,False,165.0,2.0,True,1
24347,World Championship,2019.0,582250.0,F,Southern Europe,High school,35-55,,False,0.0,False,,False,258.0,413.0,2.0,420.0,20.0,100.0,False,0.0,0.0,0.0,False,0.0,0.0,True,1
78755,Continental Championship,2022.0,529287.0,M,North America,Middle school,0-35,Middle,True,0.0,False,30.0,False,119.0,341.0,0.0,110.0,29.0,90.0,False,2.0,84.0,0.0,False,7.0,3.0,False,0
36078,Local Match,2019.0,565990.0,M,South America,Middle school,0-35,Low,False,0.0,False,0.0,True,498.0,2690.0,1.0,306.0,420.0,649.0,False,2.0,13.0,29.0,False,25.0,26.0,True,1
32125,Local Match,2019.0,591735.0,M,Oceania,High school,0-35,Middle,False,0.0,False,60.0,True,317.0,726.0,0.0,201.0,251.0,824.0,False,0.0,0.0,0.0,False,15.0,0.0,True,0
97171,Local Match,2019.0,597791.0,M,Central Asia,High school,0-35,Middle-High,False,0.0,False,0.0,True,215.0,226.0,0.0,221.0,193.0,1105.0,False,3.0,11.0,0.0,False,13.0,0.0,True,1
83473,Federation League,2022.0,147715.0,F,Eastern Europe,High school,0-35,Middle,False,0.0,False,0.0,False,240.0,173.0,15.0,160.0,200.0,18.0,False,18.0,,0.0,False,32.0,0.0,True,0
40721,National Cup,2022.0,682738.0,F,Southern Europe,High school,0-35,Middle-High,False,0.0,False,30.0,False,85.0,26.0,0.0,143.0,37.0,228.0,False,0.0,0.0,0.0,False,9.0,0.0,False,0
83007,National Cup,2022.0,492020.0,M,South America,University Degree,35-55,Middle,False,0.0,False,,False,18.0,18.0,0.0,0.0,9.0,58.0,False,0.0,0.0,0.0,False,2.0,0.0,False,0
88722,Continental Championship,2019.0,556231.0,F,South America,High school,0-35,Middle-Low,False,0.0,False,,False,256.0,503.0,0.0,77.0,22.0,146.0,False,0.0,258.0,0.0,False,24.0,3.0,False,0
30766,Regional Tournament,2021.0,618951.0,F,Middle East,High school,0-35,Low,False,0.0,False,0.0,False,270.0,105.0,0.0,155.0,82.0,78.0,False,0.0,0.0,0.0,False,35.0,0.0,True,1
87176,Regional Tournament,2021.0,632503.0,F,Oceania,Middle school,0-35,Middle,False,0.0,False,0.0,False,263.0,187.0,1.0,776.0,188.0,135.0,False,0.0,0.0,0.0,False,32.0,0.0,False,1
15813,World Championship,2022.0,693763.0,F,Western Europe,Middle school,0-35,Middle-Low,True,0.0,True,,,57.0,136.0,0.0,13.0,5.0,85.0,False,0.0,0.0,0.0,False,0.0,0.0,True,1
40626,National Cup,2021.0,498741.0,M,Southern Europe,University Degree,0-35,Low,False,0.0,False,,False,61.0,37.0,0.0,9.0,83.0,295.0,False,0.0,0.0,0.0,False,3.0,0.0,False,0
82285,Federation League,2019.0,563016.0,M,Southern Europe,University Degree,55<=,High,False,0.0,False,0.0,False,304.0,133.0,15.0,501.0,218.0,13.0,False,9.0,88.0,0.0,False,22.0,0.0,True,1
42163,Continental Championship,2022.0,190780.0,M,North America,University Degree,0-35,High,False,0.0,False,60.0,False,296.0,903.0,0.0,307.0,64.0,223.0,False,1.0,144.0,0.0,False,22.0,2.0,False,1
22817,World Championship,2019.0,574512.0,F,Eastern Europe,High school,35-55,Middle-Low,False,0.0,False,,False,350.0,308.0,2.0,109.0,24.0,81.0,False,0.0,0.0,0.0,False,0.0,0.0,True,1
51806,Local Match,2019.0,604918.0,M,North America,High school,0-35,Middle,False,0.0,False,0.0,False,76.0,214.0,0.0,96.0,60.0,16.0,False,1.0,10.0,0.0,False,4.0,0.0,True,0
52960,Local Match,2019.0,242491.0,M,Central Asia,High school,0-35,Low,True,1.0,False,60.0,True,493.0,1514.0,0.0,127.0,252.0,719.0,False,20.0,25.0,30.0,False,26.0,24.0,True,1
52183,Federation League,2021.0,632115.0,M,Northern Africa,Middle school,0-35,Middle,False,0.0,False,0.0,False,81.0,89.0,0.0,0.0,208.0,1.0,False,0.0,12.0,0.0,False,13.0,0.0,False,0
22308,Federation League,2019.0,593973.0,M,East Asia,Middle school,0-35,High,False,0.0,False,30.0,False,750.0,464.0,0.0,758.0,372.0,6.0,False,38.0,167.0,0.0,False,56.0,0.0,True,1
74983,Federation League,2022.0,647373.0,F,Central Asia,High school,0-35,High,False,0.0,False,0.0,False,327.0,236.0,17.0,202.0,145.0,19.0,False,30.0,0.0,0.0,False,13.0,0.0,True,1
43023,World Championship,2019.0,586337.0,F,East Asia,Middle school,0-35,High,False,0.0,False,,False,148.0,471.0,5.0,217.0,20.0,144.0,False,0.0,0.0,0.0,False,0.0,0.0,True,1
73471,Regional Tournament,2019.0,301583.0,F,Southern Europe,High school,0-35,Low,False,1.0,False,0.0,False,79.0,1.0,0.0,304.0,4.0,3.0,False,0.0,0.0,0.0,False,8.0,0.0,False,0
32361,Regional Tournament,2022.0,643354.0,F,Central America,High school,0-35,Middle,False,0.0,False,0.0,False,201.0,533.0,0.0,11.0,22.0,303.0,False,2.0,0.0,0.0,False,1.0,0.0,True,1
64948,Olympic Games,2019.0,2594139.0,F,Middle East,High school,0-35,Middle,False,0.0,False,0.0,False,324.0,1133.0,0.0,252.0,103.0,0.0,False,3.0,0.0,0.0,False,48.0,5.0,False,1
81359,Federation League,2020.0,527917.0,M,Western Europe,Middle school,0-35,Middle-Low,False,0.0,False,0.0,False,773.0,586.0,5.0,696.0,370.0,32.0,False,0.0,212.0,0.0,False,153.0,48.0,False,1
42773,Continental Championship,2019.0,587911.0,M,Northern Africa,High school,0-35,Middle,False,0.0,False,0.0,False,351.0,1101.0,0.0,445.0,60.0,197.0,False,1.0,146.0,0.0,False,57.0,3.0,False,1
55056,Regional Tournament,2020.0,297484.0,F,South Asia,High school,0-35,Low,False,1.0,False,0.0,False,634.0,36.0,0.0,1948.0,70.0,99.0,False,0.0,0.0,0.0,False,11.0,14.0,False,1
87251,National Cup,2021.0,1694780.0,M,Southern Africa,High school,35-55,Middle-High,False,0.0,False,,False,164.0,187.0,0.0,185.0,58.0,57.0,False,0.0,0.0,0.0,False,11.0,0.0,False,0
30242,Federation League,2022.0,630328.0,F,Eastern Europe,High school,0-35,Middle-Low,False,0.0,False,0.0,False,73.0,199.0,55.0,0.0,16.0,0.0,False,0.0,0.0,0.0,False,6.0,0.0,True,1
38378,Local Match,2022.0,2029571.0,M,Southern Europe,High school,35-55,Middle-Low,False,0.0,False,0.0,False,368.0,865.0,0.0,501.0,317.0,308.0,True,1.0,44.0,10.0,False,19.0,0.0,True,0
62600,Local Match,2020.0,560046.0,F,South Asia,Post Graduate,0-35,High,False,0.0,False,0.0,False,588.0,1367.0,2.0,550.0,326.0,955.0,False,0.0,57.0,12.0,False,44.0,48.0,True,1
29528,Regional Tournament,2020.0,410739.0,F,Central Asia,Middle school,35-55,High,False,0.0,False,60.0,False,213.0,85.0,1.0,174.0,121.0,152.0,False,0.0,0.0,0.0,False,10.0,1.0,False,1
68520,Local Match,2022.0,676866.0,M,East Asia,High school,0-35,Middle,False,0.0,False,30.0,False,420.0,1944.0,0.0,508.0,251.0,579.0,True,0.0,16.0,1.0,False,14.0,0.0,True,1
84374,Local Match,2022.0,276337.0,M,East Asia,Middle school,0-35,High,True,1.0,False,60.0,False,75.0,91.0,0.0,35.0,40.0,29.0,True,0.0,1.0,0.0,False,0.0,0.0,False,0
55351,Regional Tournament,2021.0,2534954.0,F,Central America,Middle school,35-55,Low,True,3.0,False,0.0,False,1177.0,76.0,5.0,2607.0,52.0,125.0,False,0.0,0.0,0.0,False,97.0,0.0,False,1
81667,Federation League,2022.0,371019.0,M,Southern Europe,Middle school,0-35,High,False,0.0,False,0.0,False,253.0,170.0,0.0,93.0,130.0,16.0,False,23.0,0.0,0.0,False,40.0,0.0,True,1
76509,Federation League,2020.0,131235.0,M,Southern Europe,Middle school,35-55,Middle-High,False,0.0,False,0.0,False,183.0,94.0,0.0,89.0,203.0,12.0,False,0.0,76.0,0.0,False,82.0,5.0,True,0
58274,Federation League,2021.0,548371.0,M,Northern Africa,High school,0-35,Middle-Low,False,1.0,False,0.0,False,17.0,17.0,0.0,0.0,17.0,2.0,False,0.0,0.0,0.0,False,1.0,0.0,False,0
76518,National Cup,2022.0,599740.0,M,South America,High school,35-55,Middle-High,False,0.0,False,0.0,False,197.0,82.0,0.0,3.0,56.0,506.0,False,0.0,0.0,0.0,False,9.0,0.0,False,1
92761,Local Match,2022.0,2697921.0,M,Western Europe,Middle school,0-35,High,False,1.0,False,0.0,False,201.0,714.0,0.0,128.0,119.0,583.0,True,5.0,0.0,0.0,False,14.0,0.0,True,1
74291,Continental Championship,2021.0,446077.0,M,Central Asia,Middle school,35-55,High,False,0.0,False,,False,199.0,389.0,0.0,7.0,19.0,130.0,False,7.0,1.0,0.0,False,5.0,0.0,False,0
53499,Regional Tournament,2022.0,685318.0,F,Middle East,High school,35-55,Low,False,0.0,False,0.0,False,194.0,437.0,4.0,115.0,39.0,64.0,False,6.0,0.0,4.0,False,1.0,0.0,True,1
84624,Federation League,2021.0,571397.0,M,Western Europe,Middle school,0-35,Middle-Low,False,0.0,False,0.0,False,655.0,524.0,0.0,335.0,613.0,31.0,False,24.0,128.0,0.0,False,208.0,0.0,True,1
75873,Regional Tournament,2019.0,260179.0,F,North America,Middle school,0-35,Middle-Low,False,1.0,False,0.0,False,54.0,17.0,0.0,15.0,16.0,56.0,False,0.0,0.0,0.0,False,6.0,0.0,False,1
61491,Regional Tournament,2022.0,688599.0,F,Northern Africa,Middle school,0-35,Low,False,0.0,False,0.0,False,61.0,102.0,0.0,1.0,18.0,0.0,False,0.0,0.0,0.0,False,1.0,0.0,False,0
38316,Federation League,2020.0,532988.0,M,Middle East,High school,0-35,Middle-High,False,0.0,False,0.0,False,17.0,20.0,0.0,5.0,11.0,5.0,False,0.0,0.0,0.0,False,5.0,0.0,False,0
17323,Federation League,2019.0,111360.0,M,Eastern Europe,University Degree,0-35,Middle-Low,False,3.0,False,0.0,False,92.0,51.0,0.0,16.0,79.0,,False,0.0,55.0,0.0,False,15.0,0.0,False,0
14501,Federation League,2020.0,476910.0,M,Central Asia,High school,0-35,Middle,False,0.0,False,0.0,False,70.0,91.0,2.0,27.0,72.0,14.0,False,0.0,62.0,0.0,False,7.0,1.0,False,1
38085,National Cup,2021.0,1780737.0,M,East Asia,High school,35-55,High,True,0.0,False,0.0,False,58.0,40.0,0.0,73.0,49.0,74.0,False,0.0,0.0,0.0,False,2.0,0.0,False,0
78766,Regional Tournament,2022.0,700079.0,M,East Asia,High school,0-35,Low,False,0.0,False,60.0,False,389.0,688.0,0.0,327.0,57.0,345.0,False,41.0,0.0,6.0,False,0.0,0.0,True,1
53190,Federation League,2022.0,638131.0,M,Northern Africa,High school,0-35,Middle,False,0.0,False,30.0,False,94.0,39.0,0.0,0.0,23.0,1.0,False,0.0,0.0,0.0,False,6.0,0.0,True,0
49166,Regional Tournament,2022.0,651177.0,F,North America,High school,35-55,Middle-Low,False,0.0,False,0.0,False,1184.0,4177.0,18.0,830.0,259.0,774.0,False,45.0,0.0,20.0,False,17.0,0.0,True,1
34966,Regional Tournament,2019.0,564129.0,M,Eastern Europe,Middle school,35-55,Low,False,0.0,False,0.0,False,43.0,20.0,0.0,27.0,8.0,55.0,False,0.0,0.0,0.0,False,4.0,0.0,False,1
70608,Continental Championship,2022.0,652442.0,M,Central Asia,High school,35-55,Middle-Low,False,,False,0.0,False,233.0,291.0,0.0,147.0,28.0,106.0,False,0.0,35.0,0.0,False,33.0,0.0,True,0
70478,World Championship,2021.0,96423.0,F,Oceania,Middle school,0-35,High,False,0.0,False,,False,141.0,295.0,0.0,,17.0,112.0,False,0.0,0.0,0.0,False,0.0,0.0,True,1
62761,Local Match,2021.0,609891.0,M,Eastern Europe,High school,0-35,Middle,False,1.0,False,140.0,True,300.0,1057.0,0.0,218.0,270.0,1550.0,False,0.0,0.0,0.0,False,18.0,0.0,False,1
28383,National Cup,2022.0,1936285.0,M,North America,University Degree,35-55,Middle,False,0.0,False,60.0,False,325.0,843.0,0.0,6.0,329.0,2121.0,False,22.0,0.0,0.0,False,6.0,0.0,True,1
50953,Regional Tournament,2020.0,542692.0,F,Eastern Europe,Middle school,0-35,Low,False,0.0,False,0.0,False,11.0,4.0,0.0,0.0,7.0,0.0,False,0.0,0.0,0.0,False,2.0,0.0,False,0
62632,Regional Tournament,2022.0,675576.0,F,Oceania,Middle school,35-55,Middle-Low,False,0.0,False,0.0,False,175.0,501.0,4.0,3.0,62.0,72.0,False,0.0,0.0,0.0,False,0.0,0.0,True,1
44204,World Championship,2021.0,204738.0,M,Northern Africa,University Degree,35-55,Low,False,0.0,False,30.0,False,535.0,553.0,4.0,773.0,49.0,191.0,False,0.0,0.0,0.0,False,0.0,0.0,True,1
13584,Regional Tournament,2022.0,598769.0,F,Central America,Middle school,0-35,Middle-Low,False,2.0,False,120.0,False,94.0,149.0,0.0,1.0,24.0,26.0,False,0.0,0.0,0.0,False,2.0,0.0,True,0
53357,Regional Tournament,2020.0,306886.0,F,East Asia,Middle school,0-35,High,False,0.0,False,90.0,False,34.0,7.0,0.0,21.0,26.0,65.0,False,0.0,0.0,0.0,False,2.0,0.0,False,1
84895,Regional Tournament,2022.0,620655.0,F,Central Asia,High school,0-35,Low,False,1.0,False,60.0,False,2.0,1.0,0.0,0.0,1.0,0.0,False,0.0,0.0,0.0,False,0.0,0.0,True,0
70132,National Cup,2022.0,2413037.0,M,South America,University Degree,35-55,Low,False,0.0,False,30.0,False,251.0,711.0,0.0,103.0,68.0,421.0,False,0.0,0.0,0.0,False,9.0,0.0,False,0
78082,Local Match,2020.0,1934810.0,F,Central Asia,High school,35-55,High,False,0.0,False,30.0,False,618.0,972.0,47.0,934.0,352.0,721.0,False,0.0,35.0,3.0,False,33.0,47.0,True,0
41713,Local Match,2019.0,610637.0,F,Northern Africa,High school,0-35,Low,False,0.0,False,0.0,True,248.0,195.0,0.0,343.0,100.0,627.0,False,1.0,16.0,0.0,False,0.0,0.0,True,1
40950,National Cup,2022.0,307297.0,M,Oceania,University Degree,0-35,High,False,0.0,False,,False,25.0,19.0,0.0,2.0,33.0,50.0,False,1.0,0.0,0.0,False,3.0,0.0,False,0
82022,Local Match,2019.0,575476.0,M,Northern Africa,Middle school,0-35,Middle,False,0.0,False,0.0,False,97.0,216.0,0.0,147.0,104.0,66.0,False,2.0,23.0,0.0,False,9.0,0.0,True,0
95810,World Championship,2021.0,634529.0,M,Northern Africa,Middle school,0-35,Low,False,0.0,False,,False,42.0,185.0,0.0,104.0,5.0,77.0,False,0.0,0.0,0.0,False,0.0,0.0,True,1
43031,Continental Championship,2019.0,465777.0,F,South America,University Degree,0-35,Middle-Low,False,0.0,False,,False,95.0,138.0,0.0,39.0,31.0,185.0,False,0.0,0.0,0.0,False,19.0,2.0,False,1
83763,Local Match,2021.0,627468.0,M,Western Europe,High school,0-35,Middle-Low,False,0.0,False,0.0,False,183.0,604.0,0.0,121.0,197.0,371.0,False,0.0,1.0,0.0,False,12.0,0.0,True,1
68077,National Cup,2022.0,615075.0,M,Western Europe,High school,0-35,Middle-Low,False,0.0,False,0.0,False,336.0,68.0,0.0,390.0,62.0,271.0,False,0.0,0.0,0.0,False,6.0,0.0,True,1
32624,World Championship,2019.0,585577.0,M,Central Asia,Middle school,0-35,Low,False,0.0,False,,False,68.0,239.0,1.0,7.0,8.0,157.0,False,0.0,0.0,0.0,False,0.0,0.0,True,1
51220,Regional Tournament,2019.0,577980.0,F,East Asia,High school,0-35,Low,False,0.0,False,90.0,False,181.0,24.0,2.0,233.0,22.0,64.0,False,0.0,0.0,0.0,False,27.0,,False,1
43082,Regional Tournament,2020.0,447759.0,F,East Asia,University Degree,35-55,High,True,1.0,False,0.0,False,1064.0,45.0,2.0,2307.0,69.0,82.0,False,0.0,0.0,0.0,False,30.0,0.0,False,1
49263,Local Match,2019.0,574315.0,M,Northern Africa,High school,35-55,Low,False,0.0,False,60.0,True,3036.0,1322.0,0.0,5322.0,601.0,1196.0,False,9.0,84.0,10.0,False,27.0,11.0,True,1
82715,Local Match,2019.0,235978.0,M,,High school,35-55,High,False,0.0,False,30.0,True,659.0,3058.0,0.0,463.0,544.0,805.0,False,13.0,80.0,29.0,False,54.0,35.0,True,1
97813,Regional Tournament,2022.0,342192.0,F,Western Europe,High school,0-35,High,True,0.0,False,30.0,False,80.0,80.0,0.0,5.0,21.0,32.0,False,5.0,0.0,0.0,False,0.0,0.0,False,1
98004,Regional Tournament,2022.0,651065.0,F,Middle East,Middle school,0-35,High,False,0.0,False,0.0,False,175.0,240.0,5.0,262.0,31.0,101.0,False,5.0,0.0,0.0,False,3.0,0.0,True,1
15068,Continental Championship,2022.0,159287.0,M,North America,University Degree,0-35,Middle-Low,False,0.0,False,30.0,False,501.0,1424.0,0.0,477.0,11.0,171.0,False,0.0,217.0,0.0,False,91.0,0.0,True,1
46699,Local Match,2019.0,606079.0,M,Southern Europe,High school,35-55,Middle,False,0.0,False,60.0,False,646.0,476.0,0.0,729.0,238.0,265.0,False,22.0,50.0,13.0,False,25.0,0.0,False,0
75967,Federation League,2019.0,350949.0,F,Western Europe,University Degree,35-55,Middle,False,0.0,False,0.0,False,239.0,198.0,0.0,112.0,108.0,1.0,False,2.0,29.0,0.0,False,23.0,0.0,True,0
91020,National Cup,2022.0,695874.0,M,Southern Africa,University Degree,35-55,High,False,0.0,False,0.0,False,107.0,140.0,0.0,17.0,45.0,303.0,False,3.0,0.0,0.0,False,3.0,0.0,False,0
59185,Federation League,2019.0,557474.0,M,South America,High school,0-35,Middle,False,0.0,False,0.0,False,27.0,311.0,0.0,31.0,120.0,0.0,False,1.0,6.0,0.0,False,5.0,0.0,False,0
15485,Local Match,2019.0,516770.0,M,Eastern Europe,Middle school,35-55,Low,False,1.0,False,60.0,False,504.0,261.0,4.0,1995.0,391.0,905.0,False,3.0,27.0,8.0,False,35.0,2.0,True,0
54383,Continental Championship,2019.0,599768.0,M,Central America,Middle school,0-35,Middle-Low,False,0.0,False,0.0,False,430.0,1388.0,0.0,183.0,142.0,119.0,False,1.0,128.0,0.0,False,79.0,0.0,True,1
22598,Continental Championship,2022.0,694218.0,M,Central Asia,High school,0-35,Middle,False,0.0,False,30.0,False,437.0,1198.0,0.0,404.0,38.0,191.0,False,2.0,357.0,0.0,False,67.0,0.0,True,1
97775,Federation League,2022.0,269575.0,F,North America,University Degree,0-35,Middle,False,0.0,False,0.0,False,399.0,235.0,36.0,928.0,350.0,3.0,False,46.0,0.0,0.0,False,70.0,0.0,True,0
15866,Continental Championship,2019.0,573662.0,M,South America,High school,0-35,High,False,0.0,False,0.0,False,286.0,916.0,0.0,17.0,15.0,197.0,False,0.0,211.0,0.0,False,38.0,12.0,False,1
17026,Regional Tournament,2020.0,362760.0,F,Central America,High school,0-35,Low,False,0.0,False,120.0,False,128.0,132.0,5.0,181.0,124.0,77.0,False,0.0,0.0,0.0,False,15.0,0.0,False,0
80073,Local Match,2019.0,577867.0,M,Northern Africa,Middle school,0-35,High,False,0.0,False,0.0,True,107.0,360.0,0.0,69.0,89.0,472.0,False,0.0,0.0,3.0,False,7.0,0.0,True,1
41775,Regional Tournament,2019.0,587824.0,F,South America,High school,0-35,High,False,0.0,False,60.0,False,55.0,10.0,2.0,76.0,25.0,48.0,False,0.0,0.0,0.0,False,15.0,0.0,False,0
23542,World Championship,2022.0,323940.0,F,Oceania,Middle school,35-55,Middle,False,0.0,False,,False,68.0,190.0,0.0,116.0,9.0,85.0,False,0.0,0.0,0.0,False,0.0,0.0,True,1
72573,Regional Tournament,2021.0,619471.0,F,Central America,University Degree,0-35,Middle,False,0.0,False,0.0,False,51.0,29.0,0.0,37.0,12.0,72.0,False,0.0,0.0,0.0,False,5.0,0.0,False,1
17547,Local Match,2019.0,568132.0,M,South Asia,High school,0-35,Middle,False,0.0,False,0.0,True,155.0,336.0,0.0,96.0,124.0,561.0,False,0.0,1.0,0.0,False,11.0,1.0,True,1
79947,Continental Championship,2022.0,650987.0,,Western Europe,High school,0-35,Middle-High,False,0.0,False,0.0,False,23.0,298.0,0.0,6.0,1.0,83.0,False,0.0,0.0,0.0,False,6.0,0.0,False,1
61891,National Cup,2022.0,682961.0,M,South Asia,Middle school,35-55,High,False,0.0,False,0.0,False,334.0,454.0,0.0,52.0,268.0,3145.0,False,9.0,0.0,0.0,False,21.0,0.0,False,1
29198,Regional Tournament,2019.0,484412.0,F,Middle East,High school,35-55,Low,False,0.0,False,60.0,False,621.0,213.0,,848.0,200.0,83.0,False,0.0,0.0,0.0,False,104.0,0.0,False,1
82751,Local Match,2019.0,591975.0,M,Northern Africa,Middle school,0-35,Middle,False,0.0,False,0.0,True,981.0,1681.0,0.0,322.0,403.0,722.0,False,2.0,14.0,5.0,False,90.0,0.0,True,0
85574,Olympic Games,2022.0,345519.0,F,South Asia,,0-35,High,False,0.0,False,0.0,False,326.0,527.0,0.0,110.0,105.0,0.0,False,8.0,0.0,0.0,False,59.0,6.0,True,1
99465,National Cup,2021.0,255310.0,M,Central Asia,University Degree,0-35,High,False,0.0,False,30.0,False,175.0,555.0,0.0,62.0,143.0,1014.0,False,3.0,0.0,0.0,False,5.0,0.0,False,1
63330,National Cup,2022.0,643309.0,M,Western Europe,High school,35-55,Middle,False,0.0,False,60.0,False,130.0,111.0,0.0,8.0,12.0,120.0,False,0.0,0.0,0.0,,4.0,0.0,True,0
87992,Olympic Games,2019.0,2551220.0,F,East Asia,Middle school,0-35,High,False,0.0,False,0.0,False,249.0,862.0,0.0,89.0,83.0,0.0,False,1.0,0.0,0.0,False,39.0,4.0,False,1
69509,Federation League,2019.0,583037.0,M,Southern Europe,Middle school,0-35,Middle,False,0.0,False,0.0,False,299.0,60.0,0.0,325.0,135.0,6.0,False,3.0,105.0,0.0,False,22.0,0.0,False,0
99129,Local Match,2022.0,471284.0,M,Southern Europe,Middle school,0-35,Middle,False,1.0,False,0.0,False,281.0,576.0,0.0,914.0,173.0,821.0,True,1.0,1.0,0.0,False,37.0,0.0,True,0
34370,Local Match,2019.0,607696.0,M,Eastern Europe,High school,0-35,Middle-Low,False,0.0,False,90.0,False,74.0,96.0,0.0,27.0,26.0,45.0,False,2.0,0.0,0.0,False,3.0,0.0,False,0
33044,Federation League,2019.0,513482.0,M,Central Asia,Middle school,35-55,Middle,False,0.0,False,0.0,False,27.0,33.0,0.0,3.0,15.0,0.0,False,0.0,0.0,0.0,False,4.0,0.0,True,0
52501,Federation League,2020.0,2659756.0,M,Western Europe,High school,0-35,Middle,False,0.0,False,0.0,False,275.0,63.0,0.0,372.0,81.0,4.0,False,0.0,43.0,0.0,False,42.0,1.0,True,0
68181,Continental Championship,2019.0,591566.0,M,Northern Africa,Middle school,0-35,Low,False,0.0,False,0.0,False,281.0,805.0,0.0,172.0,54.0,227.0,False,1.0,416.0,0.0,False,40.0,4.0,True,1
31596,National Cup,2021.0,609645.0,M,East Asia,High school,0-35,High,False,0.0,False,60.0,False,259.0,354.0,0.0,24.0,139.0,834.0,False,0.0,0.0,0.0,False,23.0,0.0,False,0
94456,Federation League,2020.0,394028.0,M,Central America,High school,0-35,High,False,1.0,False,60.0,False,33.0,56.0,0.0,23.0,26.0,3.0,False,0.0,0.0,0.0,False,8.0,0.0,False,0
15885,Local Match,2022.0,643220.0,M,Central Asia,University Degree,0-35,Middle,False,0.0,False,0.0,False,97.0,525.0,0.0,458.0,159.0,566.0,True,33.0,7.0,0.0,False,8.0,0.0,True,1
22733,Federation League,2022.0,576306.0,F,Western Europe,Middle school,0-35,High,False,1.0,False,0.0,False,354.0,198.0,25.0,531.0,151.0,8.0,False,69.0,0.0,0.0,False,52.0,0.0,True,1
20874,Federation League,2019.0,550142.0,F,Oceania,High school,0-35,Middle,False,1.0,True,0.0,False,45.0,3.0,0.0,121.0,11.0,1.0,False,0.0,0.0,0.0,False,1.0,0.0,True,0
99977,Local Match,2019.0,504834.0,F,Central America,University Degree,35-55,Middle-Low,False,0.0,False,60.0,False,300.0,900.0,0.0,768.0,302.0,478.0,False,1.0,55.0,12.0,False,27.0,4.0,True,0
25039,Local Match,2021.0,612880.0,M,Middle East,Middle school,0-35,Middle,False,0.0,False,0.0,False,212.0,505.0,0.0,58.0,131.0,225.0,False,0.0,5.0,3.0,False,12.0,0.0,True,0
63605,Local Match,2022.0,652890.0,M,Eastern Europe,Middle school,0-35,Low,False,0.0,False,60.0,False,170.0,536.0,0.0,151.0,151.0,357.0,True,0.0,22.0,0.0,False,7.0,0.0,False,0
62852,Local Match,2019.0,574382.0,M,Northern Africa,High school,35-55,Middle-Low,False,0.0,False,0.0,False,50.0,63.0,0.0,32.0,48.0,0.0,False,0.0,0.0,0.0,False,6.0,6.0,False,0
34914,Olympic Games,,346118.0,F,Western Europe,High school,35-55,Middle-Low,False,0.0,False,60.0,False,153.0,227.0,0.0,228.0,82.0,0.0,False,0.0,0.0,0.0,False,10.0,0.0,False,1
44761,Regional Tournament,2021.0,483921.0,F,Western Europe,Middle school,35-55,High,False,0.0,False,0.0,False,103.0,36.0,0.0,212.0,29.0,62.0,False,0.0,0.0,0.0,False,14.0,0.0,False,0
56036,Regional Tournament,2021.0,495876.0,F,Oceania,Middle school,0-35,High,False,0.0,False,0.0,False,2.0,0.0,0.0,0.0,0.0,14.0,False,0.0,0.0,0.0,False,0.0,0.0,False,0
36684,World Championship,2019.0,1674804.0,M,Oceania,High school,35-55,Middle-High,False,0.0,False,,False,73.0,203.0,1.0,0.0,13.0,106.0,False,0.0,0.0,0.0,False,0.0,0.0,True,1
79946,Regional Tournament,2019.0,567363.0,F,Western Europe,University Degree,0-35,Middle,False,0.0,False,30.0,False,81.0,27.0,0.0,98.0,18.0,94.0,False,4.0,0.0,0.0,False,12.0,0.0,False,1
42608,Local Match,2020.0,393918.0,M,Central Asia,Middle school,0-35,Middle,False,1.0,False,60.0,False,508.0,1199.0,0.0,318.0,216.0,751.0,False,0.0,68.0,9.0,False,26.0,61.0,True,0
25496,Continental Championship,2022.0,688133.0,M,Southern Europe,High school,0-35,Low,False,0.0,False,0.0,False,1018.0,309.0,0.0,1800.0,13.0,143.0,False,14.0,604.0,0.0,False,97.0,0.0,True,1
29181,Continental Championship,2022.0,622890.0,M,Northern Africa,High school,0-35,High,False,0.0,False,0.0,False,106.0,285.0,0.0,26.0,5.0,97.0,False,0.0,0.0,0.0,False,6.0,0.0,False,0
62409,Continental Championship,2022.0,686564.0,M,North America,High school,0-35,Middle-Low,False,0.0,False,0.0,False,522.0,1465.0,0.0,974.0,43.0,157.0,False,2.0,225.0,0.0,False,52.0,0.0,True,1
59319,Regional Tournament,2019.0,2464683.0,F,Central Asia,High school,35-55,Middle-Low,True,0.0,False,30.0,False,246.0,317.0,6.0,912.0,155.0,76.0,False,0.0,0.0,0.0,False,56.0,0.0,False,1
85455,Federation League,2020.0,499557.0,M,North America,High school,0-35,High,False,0.0,False,0.0,False,259.0,292.0,0.0,356.0,286.0,29.0,False,0.0,69.0,0.0,False,35.0,1.0,True,1
42784,Local Match,2020.0,1784775.0,F,South Asia,University Degree,35-55,High,False,0.0,False,60.0,False,399.0,1266.0,2.0,191.0,388.0,782.0,False,0.0,69.0,4.0,False,,9.0,True,1
72303,National Cup,2021.0,232833.0,M,Central Asia,High school,0-35,High,False,0.0,False,0.0,False,37.0,13.0,0.0,0.0,22.0,73.0,False,3.0,0.0,0.0,False,3.0,0.0,False,0
30341,Local Match,2019.0,427802.0,F,Oceania,High school,0-35,Middle,True,0.0,False,90.0,True,797.0,783.0,0.0,866.0,277.0,927.0,False,16.0,31.0,4.0,False,17.0,0.0,True,1
10651,Local Match,2020.0,533198.0,F,Western Europe,Middle school,35-55,High,True,0.0,False,60.0,False,341.0,337.0,0.0,621.0,197.0,99.0,False,0.0,10.0,0.0,False,19.0,18.0,False,0
73780,Local Match,2022.0,642449.0,F,East Asia,Middle school,0-35,High,False,0.0,False,30.0,False,356.0,891.0,0.0,790.0,404.0,686.0,True,11.0,13.0,2.0,False,37.0,19.0,True,1
42942,Federation League,2022.0,1832492.0,M,North America,Elementary school,35-55,Middle-Low,False,0.0,False,60.0,False,409.0,89.0,0.0,337.0,159.0,1.0,False,4.0,0.0,0.0,False,16.0,0.0,False,1
66181,Federation League,2019.0,180651.0,M,Southern Europe,Middle school,0-35,Middle-High,False,0.0,False,0.0,False,169.0,156.0,4.0,38.0,364.0,3.0,False,1.0,103.0,0.0,False,52.0,0.0,True,1
95254,Regional Tournament,2022.0,628679.0,F,East Asia,High school,0-35,Low,False,0.0,False,0.0,False,246.0,830.0,2.0,28.0,41.0,71.0,False,34.0,0.0,2.0,False,0.0,0.0,True,1
36255,Regional Tournament,2022.0,590122.0,F,North America,High school,0-35,High,False,0.0,False,0.0,False,58.0,433.0,0.0,0.0,4.0,104.0,False,0.0,0.0,0.0,False,0.0,0.0,True,1
23911,Regional Tournament,2022.0,160026.0,F,Eastern Europe,High school,0-35,Middle-Low,False,2.0,False,0.0,False,5.0,70.0,0.0,0.0,5.0,15.0,False,0.0,0.0,0.0,False,0.0,0.0,False,1
26420,Federation League,2021.0,572924.0,M,Northern Africa,Middle school,0-35,Low,False,0.0,False,60.0,False,550.0,353.0,0.0,133.0,252.0,25.0,False,12.0,176.0,0.0,False,55.0,0.0,False,1
15244,Federation League,2019.0,430356.0,M,Central Asia,Middle school,35-55,High,False,2.0,False,30.0,False,916.0,478.0,3.0,644.0,612.0,46.0,False,46.0,249.0,0.0,False,64.0,0.0,True,1
14818,Regional Tournament,2019.0,590994.0,F,North America,Middle school,0-35,High,False,0.0,False,0.0,False,123.0,35.0,0.0,161.0,15.0,108.0,False,1.0,0.0,0.0,False,3.0,0.0,False,1
41859,Federation League,2022.0,623276.0,F,South America,Middle school,0-35,Middle,False,0.0,False,0.0,False,229.0,247.0,3.0,65.0,173.0,21.0,False,77.0,0.0,0.0,False,16.0,0.0,True,1
64643,Federation League,2019.0,1497480.0,F,North America,High school,35-55,Middle,False,0.0,False,0.0,False,40.0,42.0,0.0,36.0,34.0,1.0,False,2.0,20.0,0.0,False,4.0,0.0,False,0
56898,Olympic Games,2022.0,232307.0,M,East Asia,Middle school,35-55,Middle,False,0.0,False,0.0,False,129.0,400.0,1.0,103.0,57.0,0.0,False,0.0,0.0,0.0,False,5.0,7.0,False,1
15047,Regional Tournament,2022.0,692805.0,F,North America,Middle school,35-55,Low,False,0.0,False,0.0,False,352.0,975.0,7.0,268.0,88.0,170.0,False,50.0,0.0,12.0,False,5.0,0.0,True,1
50846,Regional Tournament,2020.0,546322.0,F,Western Europe,Middle school,0-35,Middle-Low,False,0.0,False,0.0,False,165.0,26.0,2.0,221.0,66.0,70.0,False,0.0,0.0,0.0,False,17.0,0.0,False,1
27992,Regional Tournament,2019.0,490677.0,F,Southern Europe,High school,35-55,Low,False,0.0,False,0.0,False,194.0,97.0,0.0,336.0,57.0,68.0,False,1.0,0.0,0.0,False,42.0,0.0,False,1
51507,Regional Tournament,2019.0,582406.0,F,Central America,High school,0-35,High,False,0.0,False,0.0,False,39.0,24.0,0.0,20.0,13.0,17.0,False,0.0,0.0,0.0,False,5.0,0.0,False,1
92150,National Cup,2022.0,334225.0,F,Northern Africa,Middle school,0-35,Low,False,0.0,False,30.0,False,208.0,68.0,0.0,450.0,121.0,581.0,False,27.0,0.0,0.0,False,9.0,0.0,False,1
15122,National Cup,2022.0,1076015.0,M,North America,High school,35-55,High,False,0.0,False,0.0,False,132.0,81.0,0.0,102.0,49.0,230.0,False,0.0,0.0,0.0,False,7.0,0.0,False,1
22097,Olympic Games,2022.0,135471.0,M,Western Europe,Middle school,35-55,High,False,0.0,False,0.0,False,435.0,1551.0,1.0,122.0,112.0,0.0,False,0.0,0.0,0.0,False,61.0,9.0,True,1
40475,Regional Tournament,2022.0,568749.0,F,Southern Europe,University Degree,0-35,High,False,0.0,False,0.0,False,406.0,1681.0,1.0,30.0,74.0,172.0,False,1.0,0.0,6.0,False,1.0,0.0,True,1
96013,Local Match,2022.0,681277.0,M,South America,Middle school,0-35,Middle-Low,False,0.0,False,60.0,False,48.0,74.0,0.0,46.0,51.0,3.0,True,0.0,0.0,0.0,False,2.0,0.0,False,0
13788,National Cup,2022.0,627401.0,M,South America,University Degree,0-35,Middle,False,0.0,False,0.0,False,82.0,34.0,0.0,0.0,45.0,258.0,False,0.0,0.0,0.0,False,9.0,0.0,False,1
81010,Local Match,2019.0,95746.0,M,Western Europe,High school,0-35,High,False,1.0,False,0.0,True,68.0,253.0,0.0,1.0,53.0,554.0,False,0.0,2.0,0.0,False,4.0,0.0,True,1
15956,Federation League,2020.0,2332060.0,M,Western Europe,Middle school,0-35,Middle,True,0.0,False,0.0,False,413.0,508.0,21.0,80.0,279.0,41.0,False,0.0,55.0,0.0,False,126.0,22.0,False,1
24464,Regional Tournament,2022.0,648449.0,F,Western Europe,High school,35-55,High,False,0.0,False,0.0,False,409.0,1328.0,5.0,591.0,87.0,110.0,False,5.0,0.0,17.0,False,1.0,0.0,True,1
34450,National Cup,2022.0,264151.0,M,North America,High school,35-55,Middle,False,0.0,False,0.0,False,206.0,285.0,0.0,59.0,98.0,265.0,False,0.0,0.0,0.0,False,9.0,0.0,False,0
92353,Local Match,2019.0,582311.0,M,East Asia,Middle school,0-35,Middle-Low,False,0.0,False,0.0,False,53.0,99.0,0.0,26.0,48.0,3.0,,1.0,1.0,0.0,False,5.0,0.0,False,0
55242,Regional Tournament,2020.0,547466.0,F,Middle East,Middle school,35-55,Low,False,0.0,False,0.0,False,119.0,38.0,10.0,220.0,70.0,111.0,False,0.0,0.0,0.0,False,26.0,3.0,False,1
29288,Local Match,2022.0,2643829.0,M,South Asia,Middle school,0-35,High,False,0.0,False,0.0,False,260.0,421.0,0.0,313.0,180.0,1019.0,True,1.0,1.0,3.0,False,5.0,0.0,True,0
15119,Federation League,2021.0,632845.0,F,East Asia,University Degree,0-35,High,False,0.0,False,0.0,False,415.0,253.0,0.0,690.0,383.0,16.0,False,23.0,414.0,0.0,False,28.0,0.0,True,1
88109,,2022.0,696807.0,F,Northern Africa,High school,0-35,Middle,False,0.0,False,60.0,False,153.0,82.0,22.0,295.0,117.0,1.0,False,9.0,0.0,0.0,False,19.0,0.0,False,0
15300,National Cup,2022.0,551158.0,M,North America,University Degree,35-55,Middle,False,0.0,False,,False,866.0,476.0,0.0,541.0,85.0,146.0,False,0.0,0.0,0.0,False,9.0,0.0,False,0
39109,Regional Tournament,2022.0,681581.0,F,North America,Middle school,35-55,High,False,0.0,False,0.0,False,155.0,1282.0,1.0,8.0,49.0,242.0,False,0.0,0.0,12.0,False,4.0,0.0,True,1
12151,National Cup,2021.0,553741.0,M,Eastern Europe,High school,0-35,Middle,False,0.0,False,0.0,False,115.0,35.0,0.0,36.0,56.0,334.0,False,0.0,0.0,0.0,False,2.0,0.0,False,0
69898,Regional Tournament,2019.0,404269.0,F,Middle East,High school,0-35,Middle,False,1.0,,0.0,False,220.0,41.0,2.0,268.0,70.0,136.0,False,0.0,0.0,0.0,False,18.0,0.0,False,1
49462,National Cup,2021.0,632242.0,M,Middle East,High school,0-35,Middle,False,0.0,False,0.0,False,19.0,8.0,0.0,1.0,15.0,126.0,False,0.0,0.0,0.0,False,5.0,0.0,False,0
15504,Regional Tournament,2022.0,651925.0,F,Northern Africa,High school,0-35,Middle-Low,True,0.0,False,60.0,False,265.0,643.0,0.0,20.0,39.0,58.0,False,1.0,0.0,9.0,False,2.0,0.0,False,1
57986,Local Match,2019.0,249750.0,F,North America,University Degree,0-35,Low,False,0.0,False,30.0,True,168.0,544.0,0.0,239.0,226.0,613.0,False,1.0,2.0,1.0,False,18.0,7.0,True,1
15328,Regional Tournament,2022.0,657032.0,F,East Asia,Middle school,35-55,Middle,False,0.0,False,0.0,False,211.0,828.0,0.0,33.0,44.0,232.0,False,34.0,0.0,16.0,False,1.0,0.0,True,1
41447,Local Match,2021.0,544593.0,M,Southern Africa,High school,35-55,Low,False,0.0,False,60.0,False,273.0,647.0,0.0,358.0,178.0,600.0,False,17.0,9.0,9.0,False,29.0,0.0,True,0
82135,Regional Tournament,2019.0,495449.0,F,East Asia,Middle school,0-35,High,False,0.0,False,60.0,False,313.0,69.0,0.0,121.0,69.0,83.0,False,3.0,0.0,0.0,False,22.0,0.0,False,1
73809,Federation League,2019.0,599169.0,M,North America,High school,0-35,High,True,0.0,False,0.0,False,289.0,276.0,0.0,,432.0,26.0,False,18.0,196.0,0.0,False,33.0,0.0,False,1
31638,World Championship,2022.0,674481.0,M,South America,Middle school,0-35,Middle,False,0.0,False,,False,44.0,384.0,2.0,3.0,21.0,83.0,False,0.0,0.0,0.0,False,0.0,0.0,True,0
52888,Continental Championship,2021.0,548261.0,M,Western Europe,Middle school,35-55,Middle,False,0.0,False,60.0,False,107.0,264.0,0.0,14.0,23.0,114.0,False,8.0,0.0,0.0,False,6.0,0.0,False,0
38336,Local Match,2022.0,650031.0,F,Northern Africa,Middle school,0-35,Middle-Low,False,0.0,False,60.0,False,246.0,872.0,0.0,262.0,175.0,160.0,True,0.0,49.0,3.0,False,12.0,0.0,True,0
85609,Regional Tournament,2022.0,631640.0,M,Central America,High school,35-55,Middle-Low,False,0.0,False,0.0,False,77.0,374.0,2.0,50.0,15.0,92.0,False,11.0,0.0,0.0,False,0.0,0.0,True,1
11217,Regional Tournament,2019.0,607309.0,F,Oceania,High school,0-35,High,False,0.0,False,60.0,False,67.0,6.0,0.0,159.0,20.0,17.0,False,0.0,0.0,0.0,False,8.0,0.0,True,0
56861,Regional Tournament,2021.0,626843.0,F,South America,High school,0-35,Low,False,0.0,False,0.0,False,79.0,4.0,0.0,68.0,11.0,64.0,False,0.0,0.0,0.0,False,2.0,0.0,False,1
51450,National Cup,2022.0,644828.0,M,Central Asia,University Degree,0-35,High,False,0.0,False,120.0,False,564.0,153.0,0.0,254.0,162.0,1128.0,False,0.0,0.0,0.0,False,9.0,0.0,False,1
81258,Regional Tournament,2021.0,322509.0,F,East Asia,High school,0-35,Middle,False,0.0,False,0.0,False,292.0,46.0,0.0,419.0,15.0,88.0,False,0.0,0.0,0.0,False,90.0,0.0,True,1
13442,Regional Tournament,2019.0,583240.0,F,Oceania,High school,0-35,Middle-Low,True,0.0,False,60.0,False,166.0,54.0,0.0,129.0,36.0,42.0,False,0.0,0.0,0.0,False,14.0,0.0,False,0
27658,Regional Tournament,2022.0,520024.0,F,Southern Europe,High school,0-35,Low,False,1.0,False,0.0,False,33.0,59.0,0.0,2.0,4.0,0.0,False,4.0,0.0,0.0,False,0.0,0.0,False,1
61964,Regional Tournament,2020.0,559475.0,F,Oceania,High school,0-35,High,False,0.0,False,60.0,False,232.0,21.0,5.0,350.0,98.0,85.0,False,0.0,0.0,0.0,False,6.0,0.0,False,1
46977,Regional Tournament,2022.0,648778.0,F,North America,High school,0-35,High,False,0.0,False,0.0,False,249.0,851.0,1.0,236.0,28.0,173.0,False,10.0,0.0,9.0,False,1.0,0.0,True,1
11066,World Championship,2021.0,552509.0,F,Southern Europe,Middle school,0-35,Middle-Low,False,0.0,False,,False,91.0,108.0,1.0,19.0,13.0,30.0,False,0.0,0.0,0.0,False,0.0,0.0,True,0
16630,Olympic Games,2019.0,2208424.0,M,North America,High school,0-35,Middle-Low,False,0.0,False,0.0,False,254.0,420.0,1.0,283.0,86.0,0.0,False,1.0,0.0,0.0,False,34.0,1.0,True,1
20242,Federation League,2019.0,2581779.0,M,South America,High school,0-35,Middle,False,0.0,False,0.0,False,261.0,556.0,0.0,228.0,320.0,3.0,False,8.0,77.0,0.0,False,33.0,0.0,True,1
32938,World Championship,2019.0,586787.0,M,Eastern Europe,Middle school,0-35,High,False,0.0,False,,,66.0,123.0,0.0,76.0,24.0,65.0,False,0.0,0.0,0.0,False,0.0,0.0,True,1
22130,National Cup,2022.0,540509.0,M,Oceania,Middle school,0-35,Middle-Low,False,1.0,False,0.0,False,59.0,53.0,0.0,29.0,15.0,262.0,False,0.0,0.0,0.0,False,1.0,0.0,False,0
65094,World Championship,2019.0,2656100.0,F,Western Europe,Middle school,0-35,High,True,0.0,False,,False,166.0,448.0,6.0,53.0,57.0,143.0,False,0.0,0.0,0.0,False,0.0,0.0,True,1
24053,Local Match,2019.0,244205.0,M,Northern Africa,High school,35-55,High,False,0.0,False,0.0,True,515.0,2506.0,0.0,274.0,412.0,754.0,False,0.0,28.0,29.0,False,59.0,36.0,True,1
61298,Federation League,2021.0,623514.0,F,Eastern Europe,University Degree,35-55,Low,False,0.0,False,0.0,False,383.0,502.0,2.0,147.0,612.0,3.0,False,13.0,88.0,0.0,False,39.0,0.0,True,1
14855,National Cup,2021.0,554141.0,M,Western Europe,Middle school,0-35,Middle-High,False,0.0,False,,False,23.0,23.0,0.0,0.0,9.0,187.0,False,0.0,0.0,0.0,False,2.0,0.0,False,1
43902,Regional Tournament,2021.0,614744.0,M,East Asia,High school,35-55,Middle-High,False,0.0,False,0.0,False,74.0,24.0,0.0,56.0,2.0,78.0,False,0.0,0.0,0.0,False,9.0,0.0,False,1
40634,National Cup,2022.0,689042.0,M,Eastern Europe,Middle school,35-55,Middle,False,0.0,False,30.0,False,30.0,121.0,0.0,27.0,39.0,123.0,False,0.0,0.0,0.0,False,3.0,0.0,False,0
57502,World Championship,2019.0,585145.0,F,Central Asia,High school,35-55,Middle-High,False,0.0,False,,False,125.0,533.0,5.0,40.0,31.0,238.0,False,0.0,0.0,0.0,False,0.0,0.0,True,1
88018,Regional Tournament,2022.0,679232.0,F,South Asia,Middle school,0-35,Low,False,0.0,False,0.0,False,166.0,1023.0,1.0,4.0,28.0,195.0,False,1.0,0.0,6.0,False,4.0,0.0,False,1
90978,Federation League,2022.0,495493.0,M,South Asia,Middle school,0-35,High,True,0.0,False,0.0,False,261.0,343.0,1.0,338.0,224.0,25.0,False,69.0,0.0,0.0,False,34.0,0.0,False,1
73628,World Championship,2021.0,556406.0,F,Western Europe,High school,0-35,Middle-Low,False,0.0,False,,False,122.0,150.0,0.0,353.0,27.0,89.0,False,0.0,0.0,0.0,False,0.0,0.0,True,1
11846,Regional Tournament,2019.0,509258.0,F,Northern Africa,Middle school,0-35,High,False,0.0,False,0.0,False,34.0,0.0,0.0,180.0,3.0,33.0,False,0.0,0.0,0.0,False,9.0,0.0,False,0
19608,World Championship,2021.0,628870.0,M,Western Europe,High school,0-35,High,True,0.0,False,,False,51.0,464.0,1.0,6.0,6.0,108.0,False,0.0,0.0,0.0,False,0.0,0.0,True,1
29443,National Cup,2021.0,617942.0,M,North America,University Degree,0-35,Middle,False,0.0,False,,False,133.0,85.0,0.0,154.0,28.0,335.0,False,0.0,0.0,0.0,False,5.0,0.0,False,0
83434,World Championship,2019.0,589395.0,M,South Asia,Middle school,0-35,Middle-Low,True,0.0,False,,False,71.0,137.0,0.0,19.0,0.0,117.0,False,0.0,0.0,0.0,False,0.0,0.0,True,1
99927,Regional Tournament,2021.0,505248.0,F,East Asia,High school,0-35,Middle,False,0.0,False,0.0,False,4.0,0.0,0.0,3.0,3.0,0.0,False,0.0,0.0,0.0,False,0.0,0.0,False,0
67146,National Cup,2022.0,169297.0,M,North America,High school,0-35,High,False,0.0,False,0.0,False,65.0,28.0,0.0,6.0,44.0,251.0,False,1.0,0.0,0.0,False,5.0,0.0,False,0
97699,National Cup,2021.0,632313.0,M,Northern Africa,High school,0-35,High,False,0.0,False,0.0,False,116.0,51.0,0.0,11.0,85.0,343.0,False,0.0,0.0,0.0,False,5.0,0.0,True,1
75419,National Cup,2021.0,2341839.0,F,Northern Africa,Middle school,0-35,Middle-Low,False,0.0,False,,False,144.0,56.0,0.0,281.0,55.0,69.0,False,0.0,0.0,0.0,False,5.0,0.0,False,0
78846,National Cup,2022.0,351903.0,M,Northern Africa,University Degree,0-35,Middle,False,0.0,False,,False,83.0,64.0,0.0,40.0,54.0,413.0,False,0.0,0.0,0.0,False,16.0,0.0,False,0
98542,World Championship,2019.0,588014.0,F,Southern Europe,Middle school,35-55,Middle-Low,True,0.0,False,,False,425.0,226.0,1.0,611.0,42.0,121.0,False,0.0,0.0,0.0,False,0.0,0.0,True,1
39997,Local Match,2019.0,535529.0,M,Central America,Middle school,0-35,Low,False,1.0,False,0.0,False,209.0,716.0,0.0,157.0,248.0,25.0,False,4.0,22.0,1.0,False,17.0,0.0,False,0
90273,National Cup,2021.0,571233.0,M,Middle East,Middle school,,High,False,0.0,False,0.0,False,111.0,111.0,0.0,73.0,51.0,411.0,False,0.0,0.0,0.0,False,0.0,0.0,False,0
59326,Regional Tournament,2022.0,493460.0,F,Eastern Europe,Middle school,0-35,High,False,0.0,False,0.0,False,408.0,2747.0,6.0,359.0,73.0,256.0,False,13.0,0.0,8.0,False,4.0,0.0,False,1
38545,Regional Tournament,2022.0,651324.0,F,South America,Middle school,0-35,Middle-Low,False,0.0,False,0.0,False,187.0,774.0,6.0,233.0,27.0,172.0,False,3.0,0.0,12.0,False,2.0,0.0,True,1
37004,Continental Championship,2019.0,572944.0,M,,Middle school,0-35,Middle,False,0.0,False,0.0,False,133.0,298.0,0.0,55.0,41.0,129.0,False,1.0,3.0,0.0,False,17.0,23.0,False,0
54249,National Cup,2022.0,109577.0,M,Northern Africa,High school,0-35,Middle-High,False,0.0,False,60.0,False,178.0,41.0,0.0,168.0,62.0,1564.0,False,0.0,0.0,0.0,False,5.0,0.0,False,0
90532,Local Match,2022.0,2558365.0,M,Northern Africa,High school,0-35,Middle-Low,False,1.0,False,30.0,False,80.0,107.0,0.0,36.0,78.0,0.0,False,0.0,0.0,0.0,False,0.0,0.0,False,0
92208,Regional Tournament,2022.0,2326401.0,F,East Asia,Middle school,0-35,Middle,False,0.0,False,0.0,False,41.0,140.0,0.0,4.0,2.0,0.0,False,0.0,0.0,0.0,False,1.0,0.0,False,0
39401,Federation League,2019.0,130467.0,M,Eastern Europe,High school,0-35,Middle-High,False,0.0,False,0.0,False,315.0,134.0,0.0,366.0,229.0,10.0,False,16.0,112.0,0.0,False,42.0,0.0,True,1
21542,Regional Tournament,2020.0,446357.0,F,Eastern Europe,Middle school,0-35,Low,False,0.0,False,0.0,False,21.0,0.0,0.0,26.0,2.0,3.0,False,0.0,0.0,0.0,False,5.0,0.0,False,0
63961,National Cup,2021.0,591958.0,M,East Asia,Middle school,0-35,High,False,0.0,False,0.0,False,169.0,72.0,0.0,66.0,104.0,838.0,False,0.0,0.0,0.0,False,1.0,0.0,False,1
80879,Regional Tournament,2022.0,609403.0,F,Central Asia,Middle school,35-55,High,False,0.0,False,0.0,False,198.0,669.0,4.0,81.0,24.0,139.0,False,4.0,0.0,8.0,False,4.0,0.0,False,1
32527,Regional Tournament,2020.0,549713.0,F,Eastern Europe,Middle school,35-55,Low,True,0.0,False,0.0,False,13.0,0.0,0.0,55.0,3.0,0.0,,0.0,0.0,0.0,False,4.0,0.0,False,0
92802,Regional Tournament,2020.0,2236738.0,M,North America,University Degree,35-55,Middle-Low,False,0.0,False,60.0,False,292.0,47.0,0.0,604.0,45.0,90.0,False,0.0,0.0,0.0,False,13.0,2.0,False,1
19845,Local Match,2020.0,309048.0,M,South America,High school,35-55,Middle-Low,False,2.0,False,60.0,False,33.0,190.0,0.0,14.0,70.0,0.0,False,0.0,1.0,0.0,False,14.0,0.0,True,0
35679,Regional Tournament,2021.0,631777.0,F,Middle East,Middle school,35-55,Middle-Low,False,0.0,False,0.0,False,144.0,82.0,3.0,299.0,45.0,116.0,False,0.0,0.0,0.0,False,38.0,0.0,True,1
91857,Regional Tournament,2020.0,551886.0,F,South Asia,High school,0-35,Low,False,0.0,False,60.0,False,556.0,164.0,4.0,1206.0,229.0,95.0,False,0.0,0.0,0.0,False,32.0,4.0,False,1
64158,Federation League,2019.0,468927.0,M,North America,High school,0-35,High,False,0.0,False,30.0,False,279.0,187.0,0.0,511.0,215.0,12.0,False,2.0,46.0,0.0,False,16.0,0.0,True,1
77353,National Cup,2021.0,632017.0,F,South Asia,University Degree,35-55,High,False,0.0,False,0.0,False,366.0,68.0,0.0,675.0,174.0,811.0,False,0.0,0.0,0.0,False,8.0,0.0,,1
59650,Federation League,2020.0,544053.0,M,East Asia,High school,0-35,High,False,0.0,False,0.0,False,215.0,438.0,0.0,172.0,160.0,33.0,False,0.0,38.0,0.0,False,16.0,0.0,False,1
19438,Local Match,2019.0,2415436.0,M,Middle East,High school,0-35,Middle-Low,False,0.0,False,90.0,True,184.0,362.0,0.0,74.0,157.0,535.0,False,0.0,2.0,0.0,False,12.0,0.0,True,1
35329,Local Match,2019.0,581490.0,F,Southern Europe,Middle school,0-35,Low,False,0.0,False,60.0,True,1073.0,1855.0,1.0,815.0,485.0,2362.0,False,9.0,74.0,11.0,False,40.0,0.0,True,1
83080,Regional Tournament,2022.0,575630.0,F,Central Asia,Middle school,0-35,Low,False,2.0,False,60.0,False,167.0,284.0,4.0,371.0,61.0,47.0,False,19.0,0.0,0.0,False,3.0,0.0,False,1
69314,Regional Tournament,2021.0,631132.0,F,Central Asia,Middle school,0-35,Low,True,0.0,False,0.0,False,108.0,91.0,0.0,179.0,47.0,45.0,False,3.0,0.0,0.0,False,4.0,0.0,False,0
91187,Regional Tournament,2019.0,598538.0,F,Southern Europe,Middle school,0-35,Middle-Low,False,0.0,False,0.0,False,13.0,5.0,0.0,29.0,12.0,1.0,False,1.0,0.0,0.0,False,7.0,0.0,False,0
13819,National Cup,2022.0,330453.0,M,East Asia,Middle school,35-55,Middle-Low,False,0.0,False,0.0,False,108.0,67.0,0.0,28.0,75.0,236.0,False,0.0,0.0,0.0,False,10.0,0.0,True,1
29003,Federation League,2022.0,649819.0,M,South Asia,Middle school,0-35,High,False,0.0,False,60.0,False,360.0,90.0,13.0,773.0,114.0,6.0,False,2.0,0.0,0.0,False,14.0,0.0,True,1
13367,Local Match,2019.0,573860.0,M,Middle East,Middle school,0-35,Middle-Low,False,0.0,False,0.0,False,133.0,244.0,0.0,194.0,133.0,23.0,False,13.0,1.0,0.0,False,13.0,1.0,False,0
78008,Local Match,2020.0,407371.0,F,East Asia,High school,0-35,Middle,False,0.0,False,0.0,False,304.0,1025.0,0.0,318.0,192.0,485.0,False,0.0,5.0,0.0,False,27.0,26.0,True,1
80852,Regional Tournament,2019.0,578854.0,F,Central America,University Degree,0-35,Low,False,0.0,False,0.0,False,53.0,10.0,0.0,202.0,7.0,47.0,False,0.0,0.0,0.0,False,4.0,0.0,False,0
30750,Federation League,2019.0,1723019.0,F,East Asia,University Degree,35-55,High,False,0.0,False,60.0,False,161.0,59.0,0.0,221.0,160.0,10.0,False,3.0,118.0,0.0,False,9.0,0.0,True,0
96046,Regional Tournament,2021.0,622867.0,F,East Asia,High school,0-35,High,True,0.0,False,0.0,False,57.0,37.0,0.0,19.0,22.0,43.0,False,1.0,0.0,0.0,False,8.0,0.0,False,0
22989,National Cup,2021.0,1493739.0,M,Oceania,High school,35-55,High,False,0.0,False,120.0,False,172.0,97.0,0.0,261.0,152.0,733.0,False,1.0,0.0,0.0,False,22.0,0.0,False,1
54579,Regional Tournament,2022.0,2670300.0,F,Central Asia,Middle school,35-55,Low,False,0.0,False,0.0,False,234.0,999.0,1.0,127.0,41.0,224.0,False,2.0,0.0,0.0,False,1.0,0.0,True,1
87120,Regional Tournament,2021.0,1782665.0,F,Eastern Europe,University Degree,0-35,Middle-High,False,0.0,False,0.0,False,5.0,0.0,0.0,23.0,2.0,36.0,False,0.0,0.0,0.0,False,0.0,0.0,False,0
44078,Federation League,2022.0,625555.0,M,Northern Africa,High school,0-35,Middle-Low,False,0.0,False,0.0,False,243.0,268.0,13.0,94.0,63.0,10.0,False,7.0,0.0,0.0,False,28.0,0.0,True,1
67208,Local Match,2019.0,32221.0,M,East Asia,High school,0-35,High,False,0.0,False,0.0,False,194.0,550.0,0.0,123.0,117.0,107.0,False,0.0,30.0,3.0,False,6.0,3.0,True,0
66489,Regional Tournament,2019.0,583012.0,F,East Asia,Middle school,0-35,High,True,0.0,False,0.0,False,51.0,27.0,2.0,54.0,18.0,55.0,False,0.0,0.0,0.0,False,10.0,0.0,False,1
93989,Local Match,2021.0,612528.0,M,Middle East,High school,0-35,High,False,0.0,False,60.0,True,379.0,810.0,0.0,79.0,254.0,630.0,False,15.0,0.0,0.0,False,21.0,0.0,True,1
67711,Regional Tournament,2020.0,493912.0,F,Northern Africa,Middle school,35-55,Low,False,0.0,False,0.0,False,189.0,29.0,0.0,596.0,22.0,79.0,False,0.0,0.0,0.0,False,10.0,0.0,False,1
56789,Regional Tournament,2020.0,2366070.0,F,Oceania,University Degree,0-35,Middle-Low,False,0.0,False,140.0,False,97.0,21.0,0.0,162.0,41.0,22.0,False,0.0,0.0,0.0,False,11.0,0.0,False,0
57013,Regional Tournament,2021.0,635774.0,F,Central America,High school,0-35,Low,False,0.0,False,0.0,False,131.0,87.0,0.0,76.0,80.0,59.0,False,0.0,0.0,0.0,False,10.0,0.0,False,1
49626,Regional Tournament,2022.0,687978.0,F,Middle East,Middle school,0-35,Middle-Low,,0.0,False,0.0,False,9.0,8.0,0.0,0.0,2.0,0.0,False,0.0,0.0,0.0,False,0.0,0.0,False,0
80944,Continental Championship,2022.0,643771.0,M,North America,High school,0-35,Middle-High,False,0.0,False,0.0,False,266.0,683.0,0.0,258.0,86.0,204.0,False,21.0,216.0,0.0,False,32.0,0.0,True,1
48626,Federation League,2019.0,299473.0,M,Central Asia,Middle school,0-35,Middle,True,2.0,False,0.0,False,351.0,310.0,0.0,276.0,133.0,2.0,False,1.0,52.0,0.0,False,4.0,0.0,True,0
53998,World Championship,2021.0,621319.0,F,Northern Africa,Middle school,0-35,Middle-Low,False,0.0,False,,False,118.0,233.0,0.0,,44.0,89.0,False,0.0,0.0,0.0,False,0.0,0.0,True,0
68707,Continental Championship,,560502.0,M,Central Asia,High school,35-55,Low,True,0.0,False,,False,138.0,693.0,0.0,23.0,104.0,93.0,False,1.0,0.0,0.0,False,18.0,4.0,False,0
98891,Continental Championship,2022.0,620536.0,M,Southern Africa,High school,0-35,Low,False,0.0,False,,False,177.0,301.0,0.0,113.0,7.0,153.0,False,0.0,0.0,0.0,False,40.0,0.0,True,0
24302,Federation League,2019.0,478238.0,F,Western Europe,Middle school,0-35,High,False,1.0,False,0.0,False,292.0,102.0,2.0,299.0,441.0,63.0,False,22.0,49.0,0.0,False,65.0,0.0,True,1
42266,Regional Tournament,2022.0,350312.0,F,Central America,High school,0-35,Middle-Low,False,1.0,False,30.0,False,17.0,25.0,1.0,4.0,3.0,53.0,False,0.0,0.0,0.0,False,0.0,0.0,True,0
92754,World Championship,2019.0,588078.0,F,Northern Africa,Middle school,0-35,Middle-Low,False,0.0,False,,False,57.0,44.0,1.0,52.0,7.0,88.0,False,0.0,0.0,0.0,False,0.0,0.0,True,1
87973,Federation League,2019.0,515247.0,F,Western Europe,High school,0-35,High,False,0.0,False,90.0,False,289.0,146.0,0.0,127.0,263.0,26.0,False,0.0,76.0,0.0,False,12.0,0.0,True,0
41856,Regional Tournament,2022.0,684833.0,F,South America,University Degree,0-35,Middle-Low,False,0.0,False,60.0,False,340.0,882.0,0.0,47.0,84.0,107.0,False,24.0,0.0,18.0,False,3.0,0.0,True,1
15551,Regional Tournament,2020.0,2553749.0,F,Northern Africa,Elementary school,35-55,Low,False,1.0,False,0.0,False,181.0,27.0,4.0,1193.0,46.0,71.0,False,0.0,0.0,0.0,False,18.0,0.0,False,0
67658,Regional Tournament,2022.0,499819.0,F,Southern Europe,High school,0-35,Low,False,0.0,False,0.0,,236.0,964.0,3.0,64.0,24.0,106.0,False,3.0,0.0,15.0,False,2.0,0.0,True,1
58710,Federation League,2021.0,633921.0,M,Western Europe,Middle school,0-35,High,False,0.0,False,0.0,False,345.0,184.0,0.0,215.0,240.0,8.0,False,2.0,155.0,0.0,False,28.0,0.0,True,1
94500,Regional Tournament,2021.0,226747.0,F,Western Europe,High school,0-35,Middle-High,False,0.0,False,0.0,False,121.0,90.0,0.0,271.0,34.0,88.0,False,0.0,0.0,0.0,False,12.0,0.0,False,1
98641,Federation League,2019.0,1355699.0,M,Eastern Europe,University Degree,35-55,Middle,False,2.0,False,0.0,False,280.0,152.0,0.0,229.0,517.0,103.0,False,12.0,3.0,0.0,False,24.0,0.0,True,1
81828,Federation League,2020.0,492993.0,M,Western Europe,High school,0-35,High,False,0.0,False,0.0,False,41.0,116.0,0.0,3.0,23.0,0.0,False,0.0,0.0,0.0,False,4.0,0.0,False,0
57060,National Cup,2022.0,546139.0,F,South Asia,High school,0-35,Middle-Low,False,0.0,False,,False,42.0,43.0,0.0,10.0,23.0,107.0,False,2.0,0.0,0.0,False,1.0,0.0,False,0
70794,Local Match,2019.0,607533.0,F,Middle East,Middle school,0-35,Low,False,0.0,False,30.0,False,45.0,188.0,,5.0,48.0,42.0,False,0.0,7.0,4.0,False,3.0,0.0,False,0
54541,Regional Tournament,2020.0,544881.0,F,East Asia,High school,,High,False,0.0,False,60.0,False,452.0,56.0,2.0,700.0,88.0,95.0,False,0.0,0.0,0.0,False,17.0,1.0,False,1
53273,Continental Championship,2022.0,678715.0,F,Southern Europe,High school,0-35,Middle,False,0.0,False,30.0,False,239.0,512.0,0.0,181.0,59.0,165.0,False,8.0,34.0,0.0,False,22.0,2.0,True,1
87236,Olympic Games,2019.0,106247.0,M,East Asia,University Degree,35-55,High,False,0.0,True,0.0,False,117.0,246.0,0.0,59.0,39.0,0.0,False,1.0,0.0,0.0,False,3.0,0.0,False,0
84012,Regional Tournament,2022.0,574063.0,F,Southern Europe,Middle school,0-35,Middle-Low,False,0.0,False,0.0,False,50.0,296.0,0.0,29.0,19.0,103.0,False,0.0,0.0,0.0,False,0.0,0.0,True,1
68214,Continental Championship,2021.0,578541.0,F,Central Asia,High school,0-35,Middle-High,False,0.0,False,0.0,False,452.0,1008.0,0.0,297.0,112.0,114.0,False,2.0,154.0,0.0,False,63.0,1.0,True,0
34435,Federation League,2022.0,337048.0,M,South America,High school,0-35,Middle-Low,False,4.0,False,60.0,False,13.0,14.0,8.0,8.0,1.0,1.0,False,2.0,0.0,0.0,False,0.0,0.0,False,0
28051,Federation League,2019.0,600365.0,M,Eastern Europe,Middle school,0-35,Middle-High,False,0.0,False,0.0,False,92.0,184.0,0.0,58.0,53.0,3.0,False,0.0,21.0,0.0,False,3.0,0.0,True,1
77329,Federation League,2020.0,549283.0,M,North America,University Degree,0-35,Middle,False,0.0,,0.0,False,195.0,105.0,0.0,279.0,56.0,7.0,False,0.0,67.0,0.0,False,31.0,1.0,False,0
10868,Regional Tournament,2022.0,606134.0,F,Western Europe,High school,0-35,Middle,False,0.0,False,0.0,False,186.0,825.0,0.0,195.0,42.0,144.0,False,12.0,0.0,3.0,False,1.0,0.0,True,1
56056,Local Match,2020.0,234609.0,F,Middle East,Middle school,35-55,High,False,1.0,False,0.0,False,769.0,3696.0,0.0,180.0,1454.0,1312.0,False,0.0,43.0,43.0,False,226.0,61.0,True,1
27691,World Championship,2019.0,584844.0,F,East Asia,High school,35-55,Middle,False,0.0,False,,False,99.0,128.0,3.0,391.0,30.0,84.0,False,0.0,0.0,0.0,False,0.0,0.0,True,0
38382,Federation League,2021.0,440798.0,M,Central America,Middle school,0-35,High,False,1.0,False,90.0,False,89.0,112.0,0.0,40.0,109.0,2.0,False,9.0,21.0,0.0,False,7.0,0.0,False,0
25570,Federation League,2020.0,556370.0,M,North America,University Degree,0-35,Middle,False,0.0,False,0.0,False,182.0,271.0,0.0,,268.0,19.0,False,0.0,20.0,0.0,False,19.0,0.0,False,0
25238,Federation League,2022.0,167945.0,F,Southern Europe,High school,0-35,Middle-Low,False,0.0,False,30.0,False,97.0,147.0,1.0,139.0,67.0,7.0,False,7.0,0.0,0.0,False,14.0,0.0,False,0
72670,National Cup,2021.0,543170.0,M,Northern Africa,Middle school,0-35,Low,True,0.0,False,30.0,False,159.0,56.0,0.0,58.0,52.0,205.0,False,0.0,0.0,0.0,False,4.0,0.0,False,1
78321,Regional Tournament,2019.0,555614.0,F,Central Asia,Middle school,35-55,High,False,1.0,,0.0,False,818.0,158.0,4.0,1085.0,136.0,,False,0.0,0.0,0.0,False,33.0,0.0,False,1
49507,Regional Tournament,2020.0,548275.0,F,Western Europe,High school,0-35,Middle-Low,False,0.0,False,60.0,False,330.0,35.0,0.0,388.0,58.0,77.0,False,0.0,0.0,0.0,False,17.0,0.0,False,1
98031,Continental Championship,2022.0,2410632.0,M,South America,Elementary school,35-55,Low,False,0.0,False,30.0,False,124.0,394.0,0.0,101.0,30.0,2.0,False,4.0,13.0,0.0,False,16.0,0.0,False,0
22977,Federation League,2020.0,531377.0,F,Northern Africa,Middle school,0-35,Middle-Low,True,0.0,False,0.0,False,34.0,41.0,0.0,5.0,13.0,1.0,False,0.0,0.0,0.0,False,11.0,0.0,False,0
21272,Federation League,2019.0,600796.0,F,Southern Africa,Middle school,0-35,High,False,0.0,False,0.0,False,768.0,283.0,2.0,1445.0,576.0,44.0,False,39.0,154.0,0.0,False,19.0,0.0,True,1
12068,Regional Tournament,2020.0,536112.0,F,Southern Europe,High school,0-35,Middle-Low,False,0.0,False,60.0,False,228.0,16.0,0.0,577.0,29.0,84.0,False,0.0,0.0,0.0,False,9.0,0.0,False,1
55073,Regional Tournament,2022.0,646579.0,F,Eastern Europe,High school,0-35,Low,False,0.0,False,0.0,False,346.0,1508.0,11.0,222.0,116.0,446.0,False,7.0,0.0,13.0,False,6.0,0.0,True,1
31405,National Cup,2021.0,631455.0,M,South Asia,Post Graduate,0-35,High,False,0.0,False,0.0,False,387.0,212.0,,32.0,189.0,754.0,False,7.0,0.0,0.0,False,16.0,0.0,True,1
78825,Regional Tournament,2022.0,2578532.0,F,East Asia,Middle school,0-35,Low,False,0.0,False,60.0,False,209.0,527.0,1.0,59.0,40.0,111.0,False,6.0,0.0,0.0,False,1.0,0.0,True,1
43525,Continental Championship,2022.0,110789.0,F,Central Asia,Middle school,0-35,High,False,0.0,False,0.0,False,167.0,293.0,0.0,424.0,23.0,90.0,False,1.0,71.0,0.0,False,14.0,1.0,False,1
22648,National Cup,2021.0,949548.0,M,South America,High school,35-55,High,False,0.0,False,0.0,False,360.0,591.0,0.0,23.0,253.0,1477.0,False,0.0,0.0,0.0,False,21.0,0.0,True,1
54882,Federation League,2019.0,481863.0,F,North America,High school,0-35,High,False,0.0,False,60.0,False,61.0,70.0,0.0,0.0,55.0,2.0,False,0.0,0.0,0.0,False,18.0,0.0,True,0
23506,Federation League,2022.0,2341830.0,F,North America,University Degree,0-35,Middle-Low,False,1.0,False,30.0,False,565.0,206.0,61.0,722.0,164.0,14.0,False,12.0,0.0,0.0,False,22.0,0.0,True,1
28754,National Cup,2021.0,573377.0,M,Oceania,Middle school,0-35,Middle-High,False,0.0,False,0.0,False,204.0,228.0,0.0,62.0,203.0,340.0,False,,0.0,0.0,False,10.0,0.0,False,1
28681,World Championship,2021.0,634461.0,F,Central Asia,Middle school,35-55,Low,True,0.0,False,,False,87.0,142.0,2.0,11.0,26.0,95.0,False,0.0,0.0,0.0,False,0.0,0.0,True,0
78162,Local Match,2019.0,601761.0,M,Southern Europe,High school,0-35,Low,False,0.0,False,0.0,False,196.0,180.0,0.0,774.0,144.0,65.0,False,0.0,11.0,1.0,False,20.0,0.0,False,0
10191,Regional Tournament,2019.0,2463213.0,F,Western Europe,Middle school,35-55,High,False,0.0,False,30.0,False,3522.0,182.0,4.0,8218.0,102.0,169.0,False,0.0,0.0,0.0,False,41.0,0.0,False,1
25857,Federation League,2022.0,614683.0,F,North America,University Degree,0-35,Middle,False,0.0,False,120.0,False,43.0,41.0,11.0,54.0,32.0,1.0,False,0.0,0.0,0.0,False,0.0,0.0,False,0
58018,Regional Tournament,2022.0,656373.0,,Central America,High school,35-55,High,False,0.0,False,0.0,False,192.0,761.0,1.0,43.0,44.0,153.0,False,17.0,0.0,11.0,,1.0,0.0,False,1
86350,Olympic Games,2022.0,183057.0,M,Central America,Middle school,0-35,High,False,0.0,False,0.0,False,284.0,273.0,1.0,195.0,69.0,0.0,False,0.0,0.0,0.0,False,10.0,1.0,False,1
21846,Regional Tournament,2020.0,499483.0,F,South Asia,High school,0-35,Low,False,0.0,False,0.0,False,180.0,10.0,3.0,459.0,19.0,78.0,False,0.0,0.0,0.0,False,7.0,0.0,False,1
94306,Continental Championship,2022.0,480579.0,F,South America,High school,0-35,Low,False,0.0,False,0.0,False,175.0,1038.0,0.0,124.0,4.0,117.0,False,1.0,262.0,0.0,False,10.0,0.0,False,1
96317,Continental Championship,2019.0,577560.0,M,Middle East,University Degree,0-35,Middle,False,0.0,False,0.0,False,49.0,75.0,0.0,27.0,17.0,109.0,False,0.0,0.0,0.0,False,2.0,8.0,False,0
34763,Continental Championship,2022.0,625797.0,M,South Asia,Middle school,0-35,High,False,0.0,False,30.0,False,73.0,213.0,0.0,122.0,18.0,81.0,False,0.0,0.0,0.0,False,4.0,0.0,False,0
80708,World Championship,2021.0,627057.0,F,Middle East,High school,35-55,High,False,0.0,False,,False,124.0,157.0,4.0,54.0,22.0,147.0,False,0.0,0.0,0.0,False,0.0,0.0,True,1
90807,Continental Championship,2022.0,690525.0,M,South Asia,Middle school,35-55,High,False,0.0,False,0.0,False,818.0,1266.0,0.0,715.0,41.0,134.0,False,4.0,314.0,0.0,False,99.0,0.0,False,1
92540,Federation League,2021.0,620892.0,M,East Asia,Middle school,0-35,High,False,0.0,False,0.0,False,106.0,197.0,0.0,138.0,44.0,0.0,False,0.0,21.0,0.0,False,1.0,0.0,False,0
52487,Olympic Games,2019.0,383254.0,M,Southern Europe,High school,0-35,High,False,0.0,False,60.0,False,147.0,252.0,0.0,19.0,88.0,0.0,False,0.0,0.0,0.0,False,37.0,0.0,False,1
92675,Local Match,2020.0,556251.0,M,Northern Africa,High school,0-35,High,False,0.0,False,0.0,False,202.0,1019.0,0.0,135.0,151.0,663.0,False,0.0,7.0,3.0,False,12.0,17.0,False,1
30220,National Cup,2021.0,388538.0,M,Western Europe,University Degree,0-35,Middle-High,False,0.0,False,,False,561.0,1463.0,0.0,457.0,290.0,1080.0,False,0.0,0.0,0.0,False,12.0,0.0,False,1
49154,World Championship,2022.0,648380.0,M,Central Asia,Middle school,0-35,Middle,True,0.0,False,,False,140.0,740.0,2.0,266.0,29.0,95.0,False,0.0,0.0,0.0,False,0.0,0.0,True,1
62081,Federation League,2021.0,629822.0,M,Western Europe,Middle school,0-35,High,True,0.0,False,0.0,False,112.0,85.0,0.0,66.0,104.0,11.0,False,5.0,36.0,0.0,False,3.0,0.0,True,1
22045,Local Match,2019.0,603848.0,M,Southern Europe,Middle school,35-55,Low,True,0.0,False,60.0,False,268.0,479.0,0.0,197.0,218.0,306.0,False,5.0,22.0,1.0,False,19.0,3.0,True,0
25974,Regional Tournament,2019.0,483646.0,F,Central Asia,Middle school,35-55,High,False,0.0,False,60.0,False,120.0,68.0,0.0,72.0,31.0,79.0,False,0.0,0.0,0.0,False,11.0,0.0,False,1
20388,Continental Championship,2022.0,648942.0,M,Oceania,High school,0-35,High,False,0.0,False,0.0,False,141.0,588.0,0.0,10.0,2.0,125.0,False,1.0,80.0,0.0,False,12.0,0.0,False,1
93990,Local Match,2019.0,287079.0,M,South America,University Degree,0-35,Middle,False,1.0,False,0.0,False,18.0,59.0,0.0,0.0,20.0,0.0,False,0.0,0.0,0.0,False,0.0,0.0,True,0
51129,Local Match,2021.0,630634.0,M,North America,University Degree,35-55,Middle-Low,True,0.0,False,30.0,True,314.0,194.0,0.0,866.0,234.0,680.0,False,8.0,51.0,7.0,False,17.0,0.0,True,1
79778,Federation League,2022.0,678041.0,M,South Asia,Post Graduate,35-55,High,False,0.0,False,0.0,False,191.0,93.0,0.0,56.0,133.0,11.0,False,1.0,0.0,0.0,False,21.0,0.0,False,1
16076,Local Match,2020.0,547581.0,M,Southern Europe,High school,0-35,High,False,0.0,False,0.0,False,780.0,2067.0,0.0,2191.0,454.0,1132.0,False,0.0,78.0,22.0,False,55.0,67.0,True,1
10835,Regional Tournament,2019.0,2425156.0,F,Western Europe,University Degree,35-55,Middle-Low,False,0.0,False,120.0,False,128.0,47.0,3.0,118.0,68.0,92.0,False,0.0,0.0,0.0,False,19.0,0.0,False,1
63290,Local Match,2021.0,630083.0,M,Middle East,High school,0-35,Low,False,0.0,False,30.0,True,511.0,1287.0,0.0,365.0,302.0,1097.0,False,0.0,17.0,16.0,False,20.0,12.0,True,1
74071,Regional Tournament,2019.0,529597.0,F,Central Asia,Middle school,0-35,Low,True,0.0,False,60.0,False,51.0,14.0,0.0,12.0,14.0,9.0,False,0.0,0.0,0.0,False,9.0,0.0,False,0
46583,Regional Tournament,2021.0,2082318.0,F,Oceania,High school,35-55,Middle-Low,False,2.0,False,60.0,False,146.0,58.0,3.0,54.0,35.0,101.0,False,0.0,0.0,0.0,False,44.0,0.0,False,1
88622,Federation League,2022.0,645818.0,M,Eastern Europe,High school,0-35,Middle-Low,False,0.0,False,0.0,False,293.0,168.0,25.0,99.0,224.0,8.0,False,2.0,0.0,0.0,False,28.0,0.0,True,1
13081,Continental Championship,2021.0,614234.0,M,North America,University Degree,35-55,High,False,0.0,False,15.0,False,,884.0,0.0,125.0,24.0,72.0,False,1.0,219.0,0.0,False,47.0,0.0,True,1
15528,Continental Championship,2021.0,612023.0,M,East Asia,Middle school,0-35,Middle-Low,False,0.0,False,0.0,False,75.0,274.0,0.0,11.0,42.0,9.0,False,3.0,9.0,0.0,False,6.0,2.0,False,0
38981,National Cup,2021.0,633281.0,F,Oceania,University Degree,0-35,Middle-High,False,0.0,False,0.0,False,125.0,60.0,0.0,13.0,,390.0,False,0.0,0.0,0.0,False,5.0,0.0,False,1
93477,National Cup,2022.0,654016.0,F,North America,University Degree,35-55,Middle-Low,False,0.0,False,,False,128.0,35.0,0.0,278.0,75.0,415.0,False,4.0,0.0,0.0,False,7.0,0.0,False,1
71537,Regional Tournament,2020.0,496041.0,F,Eastern Europe,Middle school,0-35,High,False,1.0,False,60.0,False,97.0,7.0,0.0,203.0,16.0,70.0,False,0.0,0.0,0.0,False,3.0,0.0,False,1
37912,National Cup,2022.0,266097.0,M,South America,Middle school,35-55,Middle,False,0.0,False,,False,68.0,59.0,0.0,34.0,30.0,402.0,False,0.0,0.0,0.0,False,2.0,0.0,False,0
67199,Olympic Games,2022.0,337748.0,F,Southern Europe,High school,0-35,Middle-Low,False,0.0,False,60.0,False,23.0,34.0,0.0,29.0,7.0,0.0,False,0.0,0.0,0.0,False,0.0,0.0,True,0
84912,Regional Tournament,2019.0,2210666.0,F,South America,Elementary school,0-35,Middle,False,0.0,False,0.0,False,18.0,5.0,0.0,0.0,9.0,30.0,False,0.0,0.0,0.0,False,4.0,0.0,False,0
83920,Regional Tournament,2020.0,83254.0,F,South America,University Degree,35-55,Low,False,0.0,False,0.0,False,203.0,117.0,1.0,260.0,246.0,87.0,False,0.0,0.0,0.0,False,38.0,2.0,False,1
47828,Regional Tournament,2020.0,416314.0,M,South Asia,Middle school,0-35,Low,False,0.0,False,0.0,False,86.0,8.0,0.0,186.0,24.0,28.0,False,0.0,0.0,0.0,False,12.0,0.0,True,0
40972,Regional Tournament,2019.0,518223.0,M,Western Europe,Middle school,0-35,Low,True,1.0,False,0.0,False,191.0,63.0,2.0,80.0,80.0,66.0,False,0.0,0.0,0.0,False,46.0,0.0,False,1
81753,Local Match,2021.0,620933.0,M,South America,High school,0-35,Low,False,0.0,False,0.0,False,14.0,45.0,0.0,1.0,26.0,1.0,False,0.0,2.0,0.0,False,1.0,0.0,False,0
39804,Local Match,2021.0,634187.0,M,East Asia,High school,0-35,Middle-Low,False,,False,0.0,False,143.0,330.0,0.0,239.0,125.0,198.0,False,0.0,10.0,4.0,False,15.0,0.0,True,0
48669,Regional Tournament,2019.0,509607.0,F,South Asia,Middle school,0-35,High,False,1.0,False,0.0,False,720.0,120.0,4.0,2714.0,44.0,166.0,False,0.0,0.0,0.0,False,106.0,0.0,False,1
50668,Regional Tournament,2020.0,550342.0,F,South America,Middle school,0-35,Middle-Low,False,0.0,False,0.0,False,463.0,24.0,3.0,1771.0,28.0,65.0,False,0.0,0.0,0.0,False,3.0,0.0,False,1
48116,Federation League,2019.0,601204.0,M,South Asia,High school,0-35,High,False,0.0,False,0.0,False,98.0,112.0,0.0,144.0,7.0,1.0,False,8.0,74.0,0.0,False,3.0,0.0,True,0
50019,Federation League,2019.0,590762.0,M,North America,High school,0-35,Middle-Low,False,0.0,False,60.0,False,100.0,63.0,0.0,139.0,128.0,6.0,False,0.0,60.0,0.0,False,17.0,0.0,False,0
77924,Continental Championship,2019.0,578438.0,M,Middle East,High school,0-35,High,False,0.0,False,0.0,False,270.0,359.0,0.0,699.0,57.0,144.0,False,0.0,209.0,0.0,False,45.0,1.0,True,1
96735,Federation League,2020.0,549872.0,M,Northern Africa,Middle school,35-55,Low,False,0.0,False,0.0,False,257.0,83.0,0.0,686.0,181.0,41.0,False,0.0,57.0,0.0,False,36.0,0.0,False,1
15619,Local Match,2019.0,331417.0,M,Southern Africa,High school,0-35,Middle,False,0.0,False,60.0,True,497.0,1175.0,0.0,386.0,265.0,589.0,False,0.0,2.0,4.0,False,27.0,0.0,True,1
66087,Federation League,2020.0,413934.0,F,Eastern Europe,High school,35-55,Middle-High,False,0.0,False,0.0,False,219.0,534.0,0.0,36.0,596.0,7.0,False,0.0,65.0,0.0,False,21.0,0.0,False,0
91968,Regional Tournament,2021.0,2271743.0,F,Central America,High school,0-35,Low,True,2.0,True,120.0,False,52.0,18.0,2.0,76.0,12.0,41.0,False,0.0,0.0,0.0,False,5.0,0.0,False,0
65476,Regional Tournament,2020.0,561343.0,M,Central America,High school,0-35,Middle-High,False,0.0,False,0.0,False,170.0,20.0,0.0,312.0,30.0,65.0,False,0.0,0.0,0.0,False,10.0,0.0,False,1
13718,Regional Tournament,2019.0,270646.0,F,Western Europe,Middle school,0-35,High,False,0.0,False,30.0,False,57.0,26.0,0.0,11.0,21.0,67.0,False,0.0,0.0,0.0,False,8.0,0.0,True,1
83832,Continental Championship,2021.0,515125.0,M,South America,High school,0-35,Middle,False,0.0,False,60.0,False,102.0,301.0,0.0,8.0,1.0,119.0,False,0.0,11.0,0.0,False,14.0,0.0,False,0
28198,Regional Tournament,2019.0,584762.0,F,Western Europe,Middle school,0-35,Low,False,0.0,False,60.0,False,157.0,13.0,2.0,193.0,30.0,3.0,False,0.0,0.0,0.0,False,11.0,0.0,True,0
24592,Olympic Games,2019.0,28400.0,F,North America,University Degree,35-55,Middle-Low,False,0.0,False,0.0,False,324.0,549.0,0.0,417.0,87.0,0.0,False,0.0,0.0,0.0,False,48.0,10.0,False,1
36748,Federation League,2022.0,686268.0,M,East Asia,High school,0-35,High,False,0.0,False,60.0,False,206.0,144.0,1.0,107.0,168.0,10.0,False,32.0,0.0,0.0,False,15.0,0.0,False,0
84691,Regional Tournament,2020.0,229240.0,F,Western Europe,High school,0-35,High,False,0.0,False,0.0,False,117.0,31.0,3.0,142.0,44.0,67.0,False,0.0,0.0,0.0,False,17.0,0.0,False,1
26622,National Cup,2021.0,476937.0,M,Oceania,Middle school,35-55,High,False,0.0,False,0.0,False,515.0,685.0,0.0,381.0,317.0,487.0,False,0.0,0.0,0.0,False,34.0,0.0,False,0
97597,National Cup,2022.0,681335.0,M,Northern Africa,Middle school,35-55,Low,False,0.0,False,60.0,False,59.0,31.0,0.0,6.0,34.0,122.0,False,0.0,0.0,0.0,False,5.0,0.0,False,0
42574,World Championship,2022.0,682123.0,F,Middle East,High school,0-35,Middle,False,0.0,False,,False,100.0,342.0,0.0,261.0,48.0,125.0,False,0.0,0.0,0.0,False,0.0,0.0,True,1
39678,Local Match,2022.0,600773.0,M,South America,Middle school,0-35,Middle-Low,False,0.0,False,0.0,False,211.0,,0.0,77.0,231.0,706.0,True,0.0,89.0,9.0,False,14.0,0.0,True,0
56952,Regional Tournament,2019.0,604315.0,F,Eastern Europe,High school,0-35,Low,False,0.0,False,60.0,False,515.0,43.0,1.0,2100.0,50.0,108.0,False,0.0,0.0,0.0,False,31.0,0.0,False,1
39662,Federation League,2022.0,2055671.0,F,Central Asia,High school,35-55,High,False,0.0,False,0.0,False,419.0,220.0,0.0,1169.0,162.0,1.0,False,17.0,0.0,0.0,False,19.0,0.0,False,0
23566,Regional Tournament,2020.0,554083.0,F,East Asia,High school,35-55,Middle,False,0.0,False,0.0,False,255.0,100.0,1.0,282.0,96.0,77.0,False,0.0,0.0,0.0,False,29.0,0.0,False,1
10766,National Cup,2022.0,565066.0,M,Oceania,Middle school,0-35,High,False,0.0,False,30.0,False,102.0,44.0,0.0,0.0,43.0,530.0,False,0.0,0.0,0.0,False,2.0,0.0,False,0
46456,Local Match,2021.0,628140.0,M,Southern Africa,High school,0-35,High,False,0.0,False,30.0,True,1042.0,2825.0,0.0,338.0,583.0,924.0,False,4.0,17.0,12.0,False,62.0,24.0,True,1
49563,National Cup,2022.0,245217.0,M,Central Asia,High school,0-35,Middle,False,1.0,False,140.0,False,74.0,51.0,0.0,,44.0,249.0,False,2.0,0.0,0.0,False,15.0,0.0,False,0
34876,Continental Championship,2019.0,233771.0,M,Middle East,High school,0-35,Middle-Low,False,0.0,False,0.0,False,166.0,276.0,0.0,107.0,19.0,163.0,False,2.0,120.0,0.0,False,27.0,3.0,True,1
62489,Local Match,2022.0,633867.0,M,North America,Middle school,0-35,High,False,0.0,False,30.0,False,317.0,1320.0,0.0,200.0,229.0,833.0,True,9.0,28.0,11.0,False,25.0,2.0,True,1
48915,Federation League,2019.0,496154.0,F,East Asia,High school,35-55,Middle,False,0.0,False,0.0,False,10.0,26.0,0.0,26.0,19.0,2.0,False,4.0,0.0,0.0,False,1.0,0.0,False,0
10287,Regional Tournament,2021.0,631384.0,F,Central Asia,Elementary school,0-35,Middle-Low,False,0.0,False,0.0,False,169.0,31.0,0.0,117.0,26.0,79.0,False,0.0,0.0,0.0,False,8.0,0.0,True,1
29622,Local Match,2019.0,360747.0,M,East Asia,Middle school,35-55,High,False,0.0,False,0.0,True,277.0,1381.0,10.0,108.0,255.0,541.0,False,3.0,18.0,29.0,False,26.0,30.0,True,1
25733,World Championship,2022.0,1977701.0,F,East Asia,Middle school,35-55,Middle,False,0.0,False,,False,107.0,301.0,1.0,19.0,32.0,85.0,False,0.0,0.0,0.0,False,0.0,0.0,True,1
26512,National Cup,2022.0,650850.0,F,Middle East,High school,0-35,Middle-Low,False,,False,120.0,False,100.0,103.0,0.0,142.0,28.0,234.0,False,0.0,0.0,0.0,False,2.0,0.0,False,0
52971,National Cup,2022.0,602827.0,M,Eastern Europe,Middle school,0-35,Middle,False,0.0,False,0.0,False,45.0,26.0,0.0,8.0,25.0,231.0,False,0.0,0.0,0.0,False,2.0,0.0,False,0
29342,Olympic Games,2022.0,623840.0,M,Western Europe,High school,0-35,Low,False,0.0,False,60.0,False,345.0,1001.0,2.0,901.0,115.0,0.0,False,0.0,0.0,0.0,False,5.0,1.0,False,1
87546,Federation League,2022.0,644457.0,F,South America,High school,0-35,High,False,0.0,False,,False,119.0,83.0,0.0,183.0,94.0,6.0,False,19.0,0.0,0.0,False,5.0,0.0,False,1
31873,Regional Tournament,2019.0,1998790.0,M,Central America,High school,35-55,Middle-Low,False,0.0,False,0.0,False,52.0,9.0,0.0,69.0,7.0,57.0,False,0.0,0.0,0.0,False,5.0,0.0,False,0
76795,Federation League,2020.0,257110.0,F,Middle East,High school,0-35,Middle,False,0.0,False,55.0,False,6.0,5.0,0.0,0.0,13.0,1.0,False,0.0,0.0,0.0,False,,0.0,False,0
84683,Regional Tournament,2019.0,570783.0,F,East Asia,Middle school,0-35,Middle-Low,False,0.0,False,0.0,False,161.0,61.0,0.0,152.0,51.0,81.0,False,0.0,0.0,0.0,False,11.0,0.0,False,1
19863,World Championship,2019.0,571768.0,F,Central Asia,High school,0-35,Middle-Low,False,0.0,False,,False,63.0,40.0,0.0,2.0,12.0,110.0,False,0.0,0.0,0.0,False,0.0,0.0,True,0
65008,Local Match,2019.0,606903.0,F,Oceania,University Degree,35-55,High,False,0.0,False,0.0,True,418.0,1073.0,4.0,403.0,326.0,633.0,False,6.0,31.0,13.0,False,18.0,0.0,True,1
17780,Regional Tournament,2019.0,601934.0,F,Northern Africa,Middle school,35-55,Low,False,0.0,False,120.0,False,243.0,58.0,0.0,200.0,184.0,80.0,False,0.0,0.0,0.0,False,59.0,0.0,False,0
74616,National Cup,2022.0,519116.0,F,East Asia,High school,0-35,High,False,0.0,False,60.0,False,111.0,158.0,0.0,44.0,58.0,314.0,False,2.0,0.0,0.0,False,28.0,0.0,False,0
30321,Federation League,2019.0,600686.0,M,East Asia,University Degree,0-35,High,False,0.0,False,0.0,False,287.0,253.0,5.0,341.0,354.0,52.0,False,15.0,152.0,0.0,False,27.0,0.0,True,1
24736,Local Match,2021.0,580425.0,M,Eastern Europe,High school,0-35,High,False,1.0,False,60.0,False,289.0,922.0,0.0,525.0,177.0,197.0,False,3.0,47.0,9.0,False,30.0,0.0,True,0
24801,Regional Tournament,2022.0,651359.0,F,Western Europe,University Degree,35-55,Middle-High,False,0.0,False,,False,380.0,930.0,4.0,268.0,47.0,171.0,False,16.0,0.0,4.0,False,0.0,0.0,True,1
83535,National Cup,2021.0,626906.0,M,East Asia,Middle school,0-35,High,False,0.0,False,0.0,False,25.0,18.0,0.0,0.0,11.0,79.0,False,0.0,0.0,0.0,False,1.0,0.0,False,0
69836,Regional Tournament,2019.0,605595.0,F,Western Europe,Middle school,0-35,Middle-High,True,0.0,False,0.0,False,146.0,48.0,0.0,94.0,75.0,66.0,False,0.0,0.0,0.0,False,35.0,0.0,False,0
59324,Local Match,2019.0,576466.0,M,North America,High school,0-35,Low,True,0.0,False,30.0,False,31.0,56.0,0.0,6.0,23.0,86.0,False,0.0,0.0,0.0,False,0.0,0.0,True,0
79523,National Cup,2022.0,502766.0,F,Middle East,High school,35-55,High,False,0.0,False,0.0,False,352.0,1073.0,0.0,84.0,342.0,,False,12.0,0.0,0.0,False,7.0,0.0,False,1
75188,Local Match,2020.0,544173.0,F,Western Europe,Middle school,0-35,Middle,True,0.0,False,70.0,False,1507.0,2857.0,0.0,755.0,777.0,1543.0,False,0.0,46.0,48.0,False,119.0,67.0,True,1
45313,Regional Tournament,2021.0,585547.0,F,South America,High school,0-35,Middle,False,0.0,False,60.0,False,208.0,83.0,0.0,877.0,35.0,98.0,False,0.0,0.0,0.0,False,9.0,0.0,False,1
33363,Regional Tournament,2022.0,698201.0,F,Central America,Middle school,35-55,Middle,False,0.0,False,0.0,False,166.0,663.0,3.0,9.0,41.0,180.0,False,0.0,0.0,1.0,False,2.0,0.0,False,1
18296,Local Match,2022.0,374353.0,F,Southern Europe,Middle school,35-55,Low,False,0.0,False,90.0,False,97.0,502.0,0.0,58.0,116.0,109.0,True,0.0,8.0,0.0,False,6.0,0.0,True,0
59584,Local Match,2020.0,554908.0,M,Northern Africa,High school,35-55,Middle,False,0.0,False,0.0,False,699.0,1546.0,0.0,677.0,417.0,604.0,False,0.0,52.0,12.0,False,60.0,38.0,True,1
88386,Regional Tournament,2019.0,583609.0,F,Western Europe,Middle school,0-35,Middle,False,0.0,False,30.0,False,442.0,30.0,0.0,649.0,30.0,96.0,False,0.0,0.0,0.0,False,9.0,0.0,True,1
93386,Regional Tournament,2021.0,480372.0,F,Northern Africa,Middle school,0-35,Low,False,1.0,False,60.0,False,44.0,5.0,0.0,3.0,8.0,61.0,False,0.0,0.0,0.0,False,10.0,0.0,False,1
16268,World Championship,2021.0,614582.0,F,Western Europe,Middle school,0-35,Middle,False,0.0,False,,False,73.0,137.0,0.0,0.0,14.0,62.0,False,0.0,0.0,0.0,False,0.0,0.0,True,1
83776,Local Match,2019.0,601399.0,M,Middle East,Middle school,0-35,Middle,False,0.0,False,60.0,True,249.0,995.0,0.0,914.0,419.0,484.0,False,0.0,21.0,0.0,False,43.0,0.0,True,1
17472,Local Match,2022.0,268823.0,M,Central America,Elementary school,0-35,Low,False,0.0,False,0.0,False,14.0,61.0,0.0,3.0,16.0,73.0,False,0.0,6.0,0.0,False,2.0,0.0,True,0
63729,Federation League,2021.0,566788.0,M,Oceania,High school,0-35,Middle,False,1.0,False,140.0,False,208.0,75.0,0.0,154.0,73.0,0.0,False,11.0,71.0,0.0,False,6.0,0.0,False,1
48086,Regional Tournament,2021.0,634304.0,F,South America,High school,0-35,Middle-Low,False,0.0,False,0.0,False,110.0,103.0,7.0,492.0,28.0,98.0,False,0.0,0.0,0.0,False,12.0,0.0,False,1
82397,World Championship,2019.0,552750.0,F,South America,High school,0-35,Middle-Low,False,0.0,False,0.0,False,98.0,237.0,1.0,65.0,5.0,80.0,False,0.0,0.0,0.0,False,0.0,0.0,True,1
26175,Local Match,2019.0,592007.0,M,Northern Africa,High school,0-35,Middle,False,0.0,False,60.0,True,507.0,1598.0,0.0,354.0,419.0,769.0,False,0.0,36.0,21.0,False,34.0,18.0,True,1
82865,Local Match,2020.0,546439.0,F,East Asia,Middle school,35-55,Middle-Low,False,0.0,False,0.0,False,258.0,627.0,0.0,142.0,208.0,355.0,False,0.0,99.0,10.0,False,10.0,7.0,True,0
54801,Regional Tournament,2021.0,510141.0,F,Western Europe,Middle school,0-35,High,True,2.0,False,60.0,False,4.0,0.0,0.0,1.0,0.0,0.0,False,0.0,0.0,0.0,False,0.0,0.0,True,0
29750,Regional Tournament,2022.0,649018.0,F,Southern Africa,High school,0-35,Middle,False,0.0,False,0.0,False,65.0,163.0,0.0,27.0,26.0,49.0,False,1.0,0.0,0.0,False,2.0,0.0,True,1
88414,Local Match,2019.0,593535.0,M,Central Asia,Middle school,0-35,Low,False,0.0,False,60.0,False,144.0,276.0,0.0,186.0,84.0,193.0,False,17.0,7.0,9.0,False,6.0,0.0,True,0
23933,Local Match,2022.0,653558.0,M,Oceania,Middle school,0-35,Low,False,0.0,False,0.0,False,359.0,1420.0,0.0,320.0,289.0,728.0,True,16.0,3.0,3.0,False,21.0,0.0,True,1
61928,World Championship,2019.0,598717.0,M,Eastern Europe,Middle school,0-35,Low,False,0.0,,,False,33.0,26.0,0.0,5.0,12.0,94.0,False,0.0,0.0,0.0,False,0.0,0.0,False,0
66854,Federation League,2022.0,2525964.0,M,East Asia,High school,0-35,Middle,False,0.0,False,0.0,False,405.0,318.0,21.0,435.0,232.0,54.0,False,115.0,0.0,0.0,False,60.0,0.0,True,1
68429,Regional Tournament,2019.0,592618.0,F,Northern Africa,High school,35-55,Middle-Low,False,0.0,False,0.0,False,221.0,55.0,0.0,391.0,61.0,178.0,False,1.0,0.0,0.0,False,8.0,0.0,False,1
64849,World Championship,2021.0,631786.0,F,Western Europe,High school,0-35,Low,True,0.0,False,,False,32.0,51.0,0.0,0.0,1.0,92.0,False,0.0,0.0,0.0,False,0.0,0.0,False,1
80686,Olympic Games,2019.0,498857.0,M,Northern Africa,University Degree,35-55,High,False,0.0,False,0.0,False,240.0,659.0,0.0,16.0,63.0,0.0,False,1.0,0.0,0.0,False,5.0,14.0,False,1
65687,Federation League,2021.0,622086.0,M,,University Degree,35-55,High,False,0.0,False,0.0,False,113.0,128.0,0.0,41.0,49.0,4.0,False,4.0,79.0,0.0,False,7.0,0.0,False,1
49896,Local Match,2021.0,628143.0,F,Central Asia,High school,0-35,Middle-Low,False,0.0,False,60.0,False,119.0,210.0,0.0,144.0,109.0,570.0,False,10.0,1.0,0.0,False,11.0,0.0,False,0
11105,National Cup,2022.0,633990.0,M,Southern Europe,High school,0-35,Low,False,0.0,False,,False,6.0,0.0,0.0,0.0,3.0,76.0,False,0.0,0.0,0.0,False,2.0,0.0,False,0
81804,Local Match,2020.0,540713.0,M,South America,High school,0-35,Middle-Low,False,0.0,False,60.0,False,115.0,313.0,0.0,54.0,96.0,605.0,False,0.0,4.0,0.0,False,8.0,1.0,True,1
91134,National Cup,2022.0,2316201.0,M,Northern Africa,Middle school,0-35,Middle-Low,False,0.0,False,0.0,False,641.0,649.0,0.0,378.0,254.0,732.0,False,0.0,0.0,0.0,False,15.0,0.0,False,1
51216,Continental Championship,2019.0,475893.0,M,East Asia,High school,0-35,Middle-High,False,0.0,False,0.0,False,72.0,297.0,0.0,7.0,6.0,82.0,False,0.0,0.0,0.0,False,4.0,1.0,False,1
95613,Local Match,2020.0,149680.0,M,Western Europe,High school,0-35,Middle,False,1.0,False,60.0,False,737.0,2523.0,0.0,964.0,369.0,634.0,False,0.0,42.0,6.0,False,38.0,25.0,True,1
11777,Federation League,2019.0,594963.0,F,Central America,High school,35-55,High,False,0.0,False,0.0,False,563.0,442.0,12.0,888.0,812.0,63.0,False,28.0,86.0,0.0,False,54.0,0.0,True,1
13692,Local Match,2022.0,638831.0,M,Southern Europe,Middle school,0-35,Middle-High,False,0.0,False,30.0,False,123.0,844.0,0.0,42.0,151.0,44.0,True,0.0,14.0,1.0,False,12.0,0.0,True,0
66928,Federation League,2020.0,557752.0,F,East Asia,High school,0-35,Middle,False,0.0,False,0.0,False,52.0,117.0,0.0,0.0,15.0,1.0,False,0.0,0.0,0.0,False,9.0,0.0,False,0
30557,National Cup,2022.0,608423.0,M,South America,Middle school,0-35,Middle-Low,False,0.0,False,30.0,False,69.0,51.0,0.0,0.0,49.0,155.0,False,0.0,0.0,0.0,False,12.0,0.0,False,0
10834,Local Match,2019.0,360986.0,M,South America,High school,35-55,Low,False,1.0,False,60.0,True,474.0,1292.0,0.0,1259.0,367.0,915.0,False,33.0,40.0,8.0,False,45.0,0.0,True,1
23645,Regional Tournament,2021.0,473095.0,F,Central Asia,High school,0-35,Middle,False,2.0,False,60.0,False,115.0,50.0,0.0,34.0,50.0,41.0,False,0.0,0.0,0.0,False,0.0,0.0,False,0
17264,Local Match,2021.0,612982.0,M,Western Europe,Middle school,,Middle-Low,False,0.0,False,0.0,True,164.0,492.0,0.0,318.0,238.0,689.0,False,4.0,2.0,0.0,False,6.0,0.0,True,0
66813,Local Match,2019.0,601745.0,M,South America,High school,0-35,High,True,0.0,False,0.0,True,256.0,1281.0,0.0,206.0,342.0,,False,9.0,22.0,7.0,False,27.0,7.0,True,0
41718,Local Match,2022.0,636375.0,M,Middle East,Middle school,0-35,High,False,0.0,False,0.0,False,146.0,252.0,0.0,300.0,118.0,407.0,True,9.0,10.0,11.0,False,15.0,0.0,True,0
33496,Regional Tournament,2019.0,574125.0,F,East Asia,High school,0-35,Low,False,0.0,False,60.0,False,202.0,55.0,2.0,238.0,57.0,77.0,False,1.0,0.0,0.0,False,16.0,0.0,False,1
32525,Local Match,2019.0,152587.0,F,East Asia,Middle school,35-55,Middle,False,1.0,False,30.0,True,573.0,2299.0,0.0,645.0,463.0,992.0,False,2.0,23.0,19.0,False,44.0,20.0,True,1
41685,Regional Tournament,2019.0,316076.0,F,Middle East,High school,35-55,Middle-High,True,0.0,False,0.0,False,782.0,30.0,2.0,2132.0,29.0,105.0,False,0.0,0.0,0.0,False,22.0,0.0,False,1
93741,Local Match,2022.0,507743.0,M,Oceania,High school,0-35,Middle,False,0.0,False,60.0,False,542.0,2683.0,2.0,615.0,408.0,639.0,True,4.0,21.0,6.0,False,33.0,28.0,True,1
82917,Local Match,2021.0,627247.0,M,Middle East,High school,0-35,Middle-High,False,0.0,False,0.0,True,590.0,1927.0,0.0,441.0,411.0,906.0,False,0.0,31.0,11.0,False,37.0,5.0,True,1
32449,National Cup,2021.0,126395.0,M,South America,High school,0-35,Middle-Low,True,0.0,False,,False,245.0,857.0,0.0,34.0,183.0,221.0,False,0.0,0.0,0.0,False,9.0,0.0,False,1
82358,Regional Tournament,2021.0,568968.0,F,East Asia,Middle school,0-35,High,False,0.0,False,0.0,False,28.0,188.0,0.0,47.0,27.0,67.0,False,0.0,0.0,0.0,False,3.0,0.0,False,1
16102,Regional Tournament,2019.0,577648.0,F,Northern Africa,Middle school,35-55,Middle,False,0.0,False,60.0,False,278.0,56.0,6.0,83.0,48.0,79.0,False,0.0,0.0,0.0,False,25.0,0.0,False,0
41608,Regional Tournament,2021.0,365111.0,F,North America,University Degree,0-35,Middle-Low,True,1.0,False,15.0,False,64.0,9.0,0.0,202.0,14.0,30.0,False,1.0,0.0,0.0,False,14.0,0.0,True,0
40375,Regional Tournament,2022.0,446619.0,M,Southern Africa,High school,0-35,Middle-Low,False,0.0,False,0.0,False,8.0,5.0,0.0,0.0,8.0,0.0,False,0.0,0.0,0.0,False,0.0,0.0,True,0
49132,Regional Tournament,2020.0,483074.0,F,Western Europe,Middle school,0-35,Middle-Low,False,0.0,False,60.0,False,341.0,27.0,0.0,684.0,43.0,81.0,False,0.0,0.0,0.0,False,9.0,1.0,False,1
58662,Continental Championship,2022.0,677040.0,M,Southern Europe,Middle school,0-35,Middle,False,0.0,False,0.0,False,289.0,605.0,0.0,372.0,3.0,84.0,False,3.0,226.0,0.0,False,36.0,0.0,True,1
23104,Olympic Games,2019.0,2691206.0,F,Eastern Europe,High school,0-35,Middle,False,0.0,False,0.0,False,536.0,1279.0,75.0,190.0,170.0,,False,1.0,0.0,0.0,False,39.0,7.0,False,1
51662,Regional Tournament,2021.0,2317273.0,F,Central America,University Degree,35-55,Middle-Low,False,0.0,False,0.0,False,57.0,15.0,1.0,142.0,4.0,71.0,False,0.0,0.0,0.0,False,11.0,0.0,False,1
93356,Local Match,2019.0,600808.0,M,East Asia,High school,0-35,Middle,False,0.0,False,0.0,False,44.0,73.0,0.0,16.0,37.0,2.0,False,0.0,0.0,0.0,False,0.0,0.0,True,0
25728,Federation League,2020.0,511949.0,F,Eastern Europe,Middle school,0-35,Middle-High,False,0.0,False,0.0,False,271.0,254.0,0.0,238.0,148.0,29.0,False,0.0,59.0,0.0,False,27.0,4.0,False,0
20069,National Cup,2021.0,631981.0,F,South Asia,Post Graduate,0-35,High,False,0.0,False,,False,112.0,102.0,0.0,21.0,40.0,307.0,False,0.0,0.0,0.0,False,5.0,0.0,False,1
38157,Regional Tournament,2022.0,678057.0,F,Central Asia,Middle school,0-35,Middle-Low,False,0.0,False,0.0,False,272.0,859.0,20.0,81.0,119.0,124.0,False,11.0,0.0,0.0,False,10.0,0.0,True,0
48560,Local Match,2022.0,530148.0,M,North America,High school,0-35,Middle,False,1.0,False,0.0,False,132.0,308.0,0.0,142.0,123.0,637.0,True,8.0,0.0,0.0,False,5.0,0.0,True,0
29518,Local Match,2019.0,566863.0,M,Southern Africa,High school,0-35,High,False,0.0,False,60.0,True,188.0,518.0,0.0,91.0,105.0,394.0,False,1.0,29.0,6.0,False,5.0,3.0,True,1
76840,Regional Tournament,2020.0,550613.0,F,South Asia,Middle school,35-55,High,False,0.0,False,0.0,,157.0,104.0,12.0,408.0,237.0,110.0,False,0.0,0.0,0.0,False,80.0,2.0,False,1
58940,Continental Championship,2019.0,612191.0,M,North America,Middle school,35-55,Low,False,0.0,False,,False,308.0,616.0,0.0,132.0,88.0,164.0,False,1.0,0.0,0.0,False,41.0,17.0,True,0
77773,Local Match,2019.0,589587.0,M,South Asia,Middle school,0-35,High,False,0.0,False,60.0,True,428.0,711.0,0.0,111.0,234.0,484.0,False,4.0,12.0,6.0,False,15.0,2.0,True,1
61497,Regional Tournament,2021.0,632113.0,F,Northern Africa,Middle school,0-35,Low,False,0.0,False,0.0,False,77.0,10.0,0.0,102.0,3.0,34.0,False,0.0,0.0,0.0,False,15.0,0.0,False,0
75984,National Cup,2022.0,2593920.0,F,Southern Europe,University Degree,0-35,High,False,0.0,False,,False,138.0,32.0,0.0,17.0,98.0,801.0,False,0.0,0.0,0.0,False,9.0,0.0,False,1
60913,Continental Championship,2019.0,591719.0,M,Eastern Europe,High school,0-35,Low,False,0.0,False,0.0,False,192.0,335.0,0.0,193.0,8.0,101.0,False,0.0,0.0,0.0,False,31.0,3.0,True,0
19337,National Cup,2021.0,128510.0,F,North America,Middle school,0-35,Middle,False,0.0,False,120.0,False,127.0,10.0,0.0,139.0,30.0,102.0,False,1.0,0.0,0.0,False,4.0,0.0,False,0
10717,World Championship,2021.0,285193.0,F,Eastern Europe,Middle school,0-35,Low,True,0.0,False,,False,126.0,182.0,3.0,209.0,41.0,97.0,False,0.0,0.0,0.0,False,0.0,0.0,True,1
43767,Federation League,2020.0,437281.0,M,East Asia,High school,0-35,Middle-High,False,0.0,False,20.0,False,921.0,149.0,0.0,829.0,578.0,73.0,False,0.0,136.0,0.0,False,77.0,21.0,True,1
10538,National Cup,2021.0,29820.0,M,Western Europe,University Degree,0-35,Middle,False,0.0,False,0.0,False,234.0,168.0,0.0,173.0,117.0,328.0,False,0.0,0.0,0.0,False,7.0,0.0,False,1
39604,Local Match,2020.0,537995.0,,Oceania,Middle school,0-35,High,False,0.0,False,0.0,False,431.0,1136.0,0.0,295.0,239.0,503.0,False,0.0,30.0,9.0,False,32.0,35.0,True,0
66039,Federation League,2021.0,442873.0,F,Central Asia,Middle school,35-55,Low,False,0.0,False,60.0,False,424.0,202.0,0.0,361.0,278.0,22.0,False,20.0,105.0,0.0,False,24.0,0.0,True,1
44486,Continental Championship,2019.0,607060.0,F,East Asia,High school,0-35,High,False,0.0,False,0.0,False,50.0,184.0,0.0,43.0,11.0,124.0,False,0.0,0.0,0.0,False,3.0,3.0,False,0
44638,Federation League,2021.0,628246.0,M,South America,High school,35-55,Middle,False,0.0,False,0.0,False,154.0,331.0,2.0,155.0,256.0,3.0,,5.0,117.0,0.0,False,24.0,0.0,True,1
95795,Federation League,2019.0,567417.0,M,East Asia,Middle school,35-55,High,False,0.0,False,0.0,False,932.0,584.0,3.0,609.0,346.0,37.0,False,22.0,235.0,0.0,False,45.0,0.0,True,1
87862,Regional Tournament,2021.0,598624.0,F,Central Asia,High school,0-35,High,False,0.0,False,60.0,False,47.0,32.0,0.0,21.0,21.0,66.0,False,0.0,0.0,0.0,False,1.0,0.0,False,1
80699,National Cup,2022.0,25261.0,F,North America,University Degree,0-35,Middle,False,0.0,False,0.0,False,174.0,79.0,0.0,506.0,118.0,117.0,False,0.0,0.0,0.0,False,3.0,0.0,False,0
60816,World Championship,2019.0,599267.0,F,South America,Middle school,0-35,High,False,0.0,False,,False,65.0,93.0,0.0,0.0,21.0,18.0,False,0.0,0.0,0.0,False,0.0,0.0,True,0
41546,Federation League,2019.0,611408.0,M,East Asia,High school,0-35,High,False,0.0,False,60.0,False,212.0,288.0,0.0,115.0,113.0,6.0,False,1.0,71.0,0.0,False,12.0,0.0,True,1
83685,Regional Tournament,2022.0,698208.0,F,Central America,High school,35-55,Middle,False,0.0,False,0.0,False,97.0,237.0,0.0,0.0,21.0,76.0,False,1.0,0.0,0.0,False,6.0,0.0,True,0
47015,Federation League,2019.0,401947.0,M,South Asia,Middle school,35-55,Low,False,,False,0.0,False,18.0,28.0,0.0,0.0,46.0,1.0,False,0.0,0.0,0.0,False,2.0,0.0,False,0
49179,Regional Tournament,2021.0,634058.0,F,East Asia,University Degree,0-35,High,False,0.0,False,60.0,False,44.0,18.0,0.0,63.0,41.0,39.0,False,0.0,0.0,0.0,False,11.0,0.0,False,1
38780,Federation League,2019.0,588482.0,M,South Asia,High school,0-35,Middle-Low,False,0.0,False,0.0,False,323.0,641.0,12.0,94.0,294.0,9.0,False,36.0,83.0,0.0,False,13.0,0.0,True,1
95815,World Championship,2021.0,622352.0,F,Southern Europe,Middle school,0-35,High,False,0.0,False,,False,121.0,397.0,2.0,16.0,5.0,80.0,False,0.0,0.0,0.0,False,0.0,0.0,True,1
93105,Regional Tournament,2022.0,197527.0,F,Central America,Middle school,0-35,Middle-High,False,0.0,False,0.0,False,41.0,188.0,0.0,14.0,6.0,44.0,False,0.0,0.0,0.0,False,0.0,0.0,False,0
29810,World Championship,2019.0,575559.0,F,Southern Europe,High school,0-35,Middle,False,0.0,False,,False,128.0,318.0,0.0,97.0,3.0,140.0,False,0.0,0.0,0.0,False,0.0,0.0,True,1
37770,Regional Tournament,2022.0,685592.0,F,East Asia,Middle school,35-55,High,False,0.0,False,0.0,False,193.0,867.0,5.0,48.0,47.0,165.0,False,3.0,0.0,13.0,False,1.0,0.0,True,1
36438,Regional Tournament,2022.0,586398.0,F,Eastern Europe,High school,0-35,Middle,False,0.0,False,60.0,False,7.0,2.0,0.0,1.0,4.0,0.0,False,0.0,0.0,0.0,False,0.0,0.0,False,0
72506,Local Match,2020.0,550272.0,M,East Asia,High school,0-35,High,False,0.0,False,0.0,False,331.0,1128.0,3.0,93.0,259.0,767.0,False,0.0,2.0,0.0,False,27.0,1.0,True,1
32324,Regional Tournament,2022.0,686191.0,F,North America,Middle school,35-55,Low,False,0.0,False,0.0,False,139.0,76.0,0.0,86.0,14.0,45.0,False,4.0,0.0,0.0,False,1.0,0.0,False,0
98789,Regional Tournament,2020.0,542663.0,F,South Asia,Middle school,0-35,Middle,False,0.0,False,0.0,False,28.0,6.0,0.0,294.0,9.0,61.0,False,0.0,0.0,0.0,False,2.0,0.0,False,0
60879,Continental Championship,2022.0,310968.0,M,Middle East,Middle school,0-35,Middle-Low,False,0.0,False,0.0,False,306.0,670.0,0.0,169.0,13.0,180.0,False,23.0,227.0,0.0,False,10.0,0.0,True,1
41692,National Cup,2021.0,510694.0,M,Northern Africa,Middle school,0-35,Middle,False,0.0,False,0.0,False,17.0,4.0,0.0,0.0,4.0,0.0,False,0.0,0.0,0.0,False,1.0,0.0,False,0
73871,Federation League,2022.0,2328759.0,M,Northern Africa,Middle school,35-55,Middle,False,0.0,False,0.0,False,35.0,43.0,1.0,4.0,8.0,0.0,False,0.0,0.0,0.0,False,0.0,0.0,True,0
82085,Regional Tournament,,675526.0,F,North America,Middle school,35-55,Low,False,0.0,False,60.0,False,379.0,450.0,0.0,494.0,51.0,143.0,False,8.0,0.0,0.0,False,1.0,0.0,True,1
21442,Regional Tournament,2019.0,582958.0,F,Central America,University Degree,35-55,Middle-Low,False,0.0,False,120.0,False,585.0,87.0,1.0,466.0,97.0,86.0,False,0.0,0.0,0.0,False,33.0,0.0,True,1
22099,Continental Championship,2022.0,690370.0,M,Central Asia,Middle school,0-35,Middle,False,0.0,False,0.0,False,162.0,479.0,0.0,175.0,3.0,162.0,False,0.0,51.0,,False,7.0,0.0,True,1
61717,Regional Tournament,2020.0,522373.0,F,Northern Africa,High school,0-35,Middle-Low,False,0.0,False,60.0,False,116.0,37.0,2.0,165.0,66.0,101.0,False,0.0,0.0,0.0,False,14.0,0.0,False,1
23757,Local Match,2022.0,688265.0,M,Western Europe,Middle school,0-35,Middle-Low,False,0.0,False,0.0,False,121.0,363.0,0.0,11.0,74.0,246.0,True,0.0,0.0,3.0,False,1.0,0.0,True,0
64771,Continental Championship,2022.0,2229389.0,M,South Asia,Middle school,0-35,Middle-Low,True,0.0,False,30.0,False,190.0,1044.0,0.0,66.0,,191.0,False,3.0,201.0,0.0,False,24.0,0.0,False,1
53746,National Cup,2022.0,686797.0,M,Northern Africa,High school,0-35,Low,False,0.0,False,0.0,False,30.0,17.0,0.0,5.0,14.0,76.0,False,0.0,0.0,0.0,False,3.0,0.0,False,0
60328,Olympic Games,2022.0,593987.0,F,Western Europe,,35-55,Middle-High,False,0.0,False,120.0,False,329.0,1066.0,13.0,136.0,111.0,0.0,False,0.0,0.0,0.0,False,3.0,9.0,True,0
46559,Regional Tournament,2020.0,203481.0,F,Eastern Europe,Middle school,0-35,Middle-High,,0.0,False,0.0,False,234.0,45.0,1.0,736.0,34.0,72.0,False,0.0,0.0,0.0,False,14.0,0.0,True,1
48628,Regional Tournament,2022.0,653385.0,F,South Asia,High school,35-55,Low,False,0.0,False,60.0,False,54.0,43.0,0.0,0.0,10.0,0.0,False,0.0,0.0,0.0,False,3.0,0.0,True,0
74852,National Cup,2022.0,576433.0,M,Western Europe,High school,0-35,High,False,0.0,False,,False,116.0,24.0,0.0,71.0,63.0,647.0,False,0.0,0.0,0.0,False,7.0,0.0,False,1
68794,World Championship,2019.0,576593.0,F,South America,High school,35-55,Low,False,0.0,False,,False,11.0,10.0,0.0,0.0,8.0,0.0,False,0.0,0.0,0.0,False,0.0,0.0,False,0
14392,Regional Tournament,2022.0,650269.0,F,Southern Europe,Middle school,0-35,Middle,False,0.0,False,60.0,False,197.0,371.0,0.0,46.0,30.0,191.0,False,14.0,0.0,3.0,False,2.0,0.0,True,1
14602,Local Match,2022.0,644974.0,M,South America,High school,35-55,High,False,0.0,False,60.0,False,779.0,1429.0,0.0,1009.0,693.0,1004.0,True,0.0,108.0,42.0,False,62.0,49.0,True,1
28249,Regional Tournament,2019.0,601885.0,F,Eastern Europe,High school,0-35,Low,False,0.0,False,0.0,False,64.0,26.0,0.0,147.0,34.0,69.0,False,,0.0,0.0,False,7.0,0.0,False,1
58272,Continental Championship,2022.0,434347.0,,Central America,High school,35-55,High,False,0.0,False,,False,437.0,814.0,0.0,581.0,5.0,168.0,False,1.0,71.0,0.0,False,41.0,0.0,True,1
39035,Regional Tournament,2022.0,350797.0,F,South America,Middle school,35-55,Middle,False,1.0,False,0.0,False,136.0,672.0,0.0,0.0,32.0,172.0,False,10.0,0.0,10.0,False,2.0,0.0,True,1
63083,Local Match,2020.0,541781.0,M,Eastern Europe,High school,0-35,Middle-Low,False,0.0,False,90.0,False,192.0,472.0,0.0,151.0,151.0,531.0,False,0.0,2.0,0.0,False,22.0,29.0,True,1
83783,Regional Tournament,2019.0,414495.0,M,Northern Africa,High school,0-35,High,False,0.0,False,30.0,False,602.0,21.0,0.0,680.0,33.0,83.0,False,0.0,0.0,0.0,False,8.0,0.0,True,1
19463,Local Match,2020.0,395588.0,M,Southern Europe,High school,0-35,Middle,False,1.0,False,90.0,False,955.0,3524.0,0.0,629.0,796.0,969.0,False,0.0,104.0,54.0,False,103.0,112.0,True,1
34410,Local Match,2019.0,63295.0,M,East Asia,University Degree,35-55,High,False,0.0,False,90.0,True,105.0,174.0,0.0,124.0,124.0,679.0,False,0.0,3.0,0.0,False,0.0,0.0,True,1
84900,World Championship,2019.0,556520.0,F,Northern Africa,Middle school,0-35,Middle,True,0.0,False,,False,374.0,592.0,10.0,483.0,81.0,113.0,False,0.0,0.0,0.0,False,0.0,0.0,True,1
35957,Continental Championship,2019.0,560723.0,M,North America,Middle school,0-35,Middle-High,False,0.0,False,,False,132.0,1254.0,0.0,677.0,68.0,213.0,False,0.0,303.0,0.0,False,31.0,6.0,True,1
84899,Regional Tournament,2022.0,682058.0,F,Southern Europe,High school,0-35,Middle-Low,False,0.0,False,0.0,False,79.0,299.0,0.0,0.0,12.0,28.0,False,0.0,0.0,0.0,False,0.0,0.0,True,1
75529,Federation League,2022.0,478326.0,M,Western Europe,Middle school,0-35,Middle-Low,True,0.0,False,140.0,False,63.0,29.0,0.0,19.0,15.0,2.0,False,1.0,0.0,0.0,False,4.0,0.0,False,0
10410,Federation League,2020.0,406056.0,F,East Asia,High school,0-35,Middle,False,0.0,False,0.0,False,263.0,174.0,0.0,191.0,200.0,20.0,False,0.0,52.0,0.0,False,38.0,8.0,False,1
53340,Federation League,2022.0,626546.0,M,South Asia,High school,0-35,Middle-Low,False,1.0,False,0.0,False,107.0,118.0,15.0,150.0,35.0,1.0,False,10.0,0.0,0.0,False,3.0,0.0,False,0
21728,Regional Tournament,2022.0,652090.0,F,Central America,Middle school,35-55,Middle-High,False,0.0,False,0.0,False,278.0,833.0,6.0,206.0,27.0,0.0,False,17.0,0.0,0.0,False,6.0,0.0,False,1
97310,Continental Championship,2022.0,678508.0,F,East Asia,Middle school,,Middle-Low,False,0.0,False,0.0,False,513.0,852.0,0.0,1035.0,29.0,135.0,False,21.0,584.0,0.0,False,41.0,0.0,True,1
35762,Local Match,2019.0,563051.0,M,Southern Africa,High school,0-35,Low,False,0.0,False,0.0,True,114.0,620.0,0.0,361.0,119.0,572.0,False,2.0,13.0,0.0,False,11.0,0.0,True,1
51012,Regional Tournament,2022.0,692525.0,M,Central America,High school,0-35,Middle-High,False,0.0,False,0.0,False,72.0,96.0,0.0,0.0,31.0,27.0,False,0.0,0.0,0.0,False,1.0,0.0,False,0
10347,Local Match,2022.0,674406.0,M,Central Asia,High school,0-35,Middle-Low,False,0.0,False,60.0,False,264.0,725.0,0.0,142.0,197.0,629.0,True,9.0,9.0,0.0,False,14.0,0.0,True,1
41328,National Cup,2022.0,656954.0,M,Northern Africa,Middle school,0-35,Middle-High,False,0.0,False,30.0,False,51.0,39.0,0.0,4.0,16.0,113.0,False,1.0,0.0,0.0,False,2.0,0.0,False,0
44132,National Cup,2021.0,620369.0,M,Central America,High school,0-35,Middle-Low,False,0.0,False,15.0,False,319.0,622.0,0.0,584.0,152.0,540.0,False,8.0,0.0,0.0,False,13.0,0.0,False,0
90676,Olympic Games,2022.0,401404.0,M,Eastern Europe,High school,0-35,High,False,0.0,False,120.0,False,443.0,665.0,0.0,79.0,101.0,0.0,False,0.0,0.0,0.0,False,37.0,1.0,False,1
20374,Local Match,2020.0,560199.0,M,Eastern Europe,Middle school,35-55,Middle,False,0.0,False,60.0,False,424.0,1032.0,0.0,663.0,404.0,694.0,False,0.0,29.0,0.0,False,52.0,22.0,True,1
17126,Continental Championship,2021.0,623115.0,M,Central Asia,High school,0-35,High,False,0.0,False,0.0,False,124.0,372.0,0.0,21.0,11.0,196.0,False,0.0,0.0,0.0,False,3.0,0.0,True,0
81737,Regional Tournament,2019.0,604939.0,,Northern Africa,Middle school,0-35,Middle-Low,True,0.0,False,0.0,False,104.0,40.0,0.0,165.0,15.0,103.0,False,1.0,0.0,0.0,False,8.0,0.0,False,0
10895,Regional Tournament,2019.0,514302.0,F,Western Europe,Middle school,35-55,Middle-High,False,0.0,False,0.0,False,136.0,53.0,19.0,294.0,78.0,71.0,False,0.0,0.0,0.0,False,22.0,0.0,False,1
17869,Regional Tournament,2022.0,628388.0,M,Western Europe,University Degree,35-55,High,False,0.0,False,60.0,False,108.0,295.0,6.0,28.0,47.0,6.0,False,0.0,0.0,0.0,False,,0.0,False,1
59434,Federation League,2020.0,540530.0,F,Northern Africa,Middle school,35-55,Low,False,0.0,False,60.0,False,37.0,18.0,0.0,1.0,12.0,4.0,False,0.0,0.0,0.0,False,8.0,0.0,False,0
60578,Regional Tournament,2019.0,610906.0,F,Eastern Europe,High school,0-35,High,False,0.0,False,0.0,False,138.0,23.0,0.0,42.0,27.0,74.0,False,0.0,0.0,0.0,False,84.0,0.0,False,1
87996,Federation League,2019.0,599947.0,M,Eastern Europe,High school,0-35,Middle,False,0.0,False,60.0,False,146.0,122.0,0.0,84.0,73.0,6.0,False,2.0,27.0,0.0,False,6.0,0.0,True,1
75946,Local Match,2021.0,264298.0,M,North America,High school,0-35,Middle-Low,False,0.0,False,0.0,False,86.0,157.0,0.0,148.0,59.0,86.0,False,3.0,7.0,0.0,,0.0,0.0,True,0
43482,Federation League,2022.0,2290604.0,M,Eastern Europe,High school,35-55,Middle-Low,False,0.0,False,0.0,False,437.0,335.0,0.0,744.0,285.0,10.0,False,25.0,0.0,0.0,False,78.0,0.0,False,1
38152,National Cup,2022.0,604694.0,M,South America,Middle school,0-35,Middle-High,False,0.0,False,0.0,False,69.0,21.0,0.0,69.0,5.0,92.0,False,0.0,0.0,0.0,False,0.0,0.0,False,0
64842,National Cup,2022.0,696234.0,M,Central America,University Degree,0-35,High,False,0.0,False,60.0,False,28.0,13.0,0.0,7.0,2.0,74.0,False,0.0,0.0,0.0,False,0.0,0.0,False,0
59464,Local Match,2019.0,576097.0,M,South Asia,High school,0-35,Middle-High,False,0.0,False,0.0,True,623.0,2281.0,0.0,458.0,373.0,748.0,False,22.0,25.0,30.0,False,34.0,16.0,True,1
68342,Federation League,2020.0,511544.0,F,South Asia,High school,35-55,Middle,False,1.0,False,90.0,False,7.0,0.0,0.0,,0.0,0.0,False,0.0,0.0,0.0,False,0.0,0.0,True,0
75459,National Cup,2021.0,622787.0,M,South America,Post Graduate,35-55,Low,False,0.0,False,,False,504.0,570.0,0.0,71.0,172.0,910.0,False,1.0,0.0,0.0,False,11.0,0.0,True,0
39842,Federation League,2022.0,655972.0,F,East Asia,High school,0-35,Middle,False,0.0,False,60.0,False,72.0,50.0,0.0,92.0,17.0,0.0,False,0.0,0.0,0.0,False,4.0,0.0,False,0
91659,Federation League,2019.0,574330.0,F,Southern Europe,High school,0-35,High,False,0.0,False,0.0,False,139.0,112.0,0.0,92.0,,8.0,False,0.0,34.0,0.0,False,28.0,0.0,True,0
36074,World Championship,2022.0,688379.0,F,North America,Middle school,0-35,High,False,0.0,False,,False,134.0,261.0,0.0,97.0,15.0,99.0,False,0.0,0.0,0.0,False,0.0,0.0,True,1
29305,Federation League,2019.0,584586.0,M,East Asia,High school,0-35,Middle,True,0.0,False,60.0,False,59.0,63.0,0.0,60.0,39.0,3.0,False,0.0,0.0,0.0,False,4.0,0.0,True,0
84831,Local Match,2022.0,640429.0,M,Northern Africa,High school,0-35,Middle-Low,False,0.0,False,30.0,False,528.0,1629.0,0.0,423.0,319.0,3420.0,True,8.0,63.0,20.0,False,29.0,28.0,True,1
60032,Local Match,2021.0,293454.0,M,Western Europe,High school,0-35,High,False,0.0,False,0.0,False,62.0,345.0,4.0,128.0,113.0,4.0,False,0.0,2.0,0.0,False,7.0,0.0,False,0
25876,Local Match,2019.0,597627.0,M,Oceania,Middle school,0-35,High,False,0.0,False,0.0,True,443.0,1130.0,0.0,445.0,248.0,1281.0,False,0.0,27.0,3.0,False,22.0,0.0,True,1
19830,Regional Tournament,2021.0,513077.0,F,Central America,Middle school,35-55,Middle-Low,True,0.0,False,60.0,False,349.0,256.0,0.0,167.0,163.0,157.0,False,0.0,0.0,0.0,False,123.0,0.0,False,0
85071,World Championship,2019.0,489624.0,F,Central Asia,High school,35-55,High,False,0.0,False,,False,124.0,551.0,3.0,49.0,7.0,83.0,False,0.0,0.0,0.0,False,0.0,0.0,True,1
63036,Continental Championship,2019.0,270638.0,M,Middle East,Middle school,35-55,Middle-Low,False,0.0,False,0.0,False,476.0,1000.0,0.0,221.0,66.0,209.0,False,0.0,157.0,0.0,False,62.0,11.0,True,1
66864,Local Match,2021.0,499813.0,M,South Asia,High school,0-35,High,False,0.0,False,60.0,True,2387.0,9438.0,0.0,1507.0,1346.0,1147.0,False,0.0,274.0,35.0,False,154.0,80.0,True,1
16131,World Championship,2019.0,589126.0,F,East Asia,High school,35-55,Middle-High,False,0.0,False,,False,152.0,339.0,0.0,121.0,16.0,93.0,False,0.0,0.0,0.0,False,0.0,0.0,True,1
69323,Continental Championship,2021.0,2567038.0,M,North America,High school,0-35,High,False,0.0,False,0.0,False,168.0,521.0,0.0,16.0,99.0,81.0,False,0.0,182.0,0.0,False,45.0,0.0,True,1
54883,Federation League,2022.0,647647.0,F,Northern Africa,High school,0-35,Middle-High,False,0.0,False,60.0,False,148.0,137.0,0.0,220.0,47.0,4.0,False,3.0,0.0,0.0,False,9.0,0.0,True,1
57411,Continental Championship,2022.0,565952.0,F,East Asia,High school,0-35,Middle,True,0.0,False,0.0,False,250.0,522.0,0.0,256.0,54.0,171.0,False,2.0,263.0,0.0,False,23.0,0.0,True,1
70378,Local Match,2021.0,578022.0,M,Central Asia,High school,0-35,Middle-Low,False,0.0,False,60.0,False,33.0,40.0,0.0,42.0,30.0,0.0,False,0.0,0.0,0.0,False,1.0,0.0,True,0
19589,Local Match,2020.0,557787.0,M,South America,High school,0-35,Middle-High,False,0.0,False,60.0,False,122.0,466.0,0.0,95.0,150.0,532.0,False,0.0,10.0,0.0,False,15.0,4.0,True,1
89943,Federation League,2019.0,1819994.0,M,East Asia,University Degree,55<=,Middle-High,False,1.0,False,60.0,False,711.0,219.0,16.0,1143.0,320.0,21.0,False,10.0,180.0,0.0,False,4.0,0.0,True,1
82483,World Championship,2021.0,620946.0,F,Western Europe,Middle school,35-55,High,True,0.0,False,,False,319.0,427.0,7.0,761.0,44.0,79.0,False,0.0,0.0,0.0,False,0.0,0.0,True,1
31299,Olympic Games,2022.0,263251.0,M,Western Europe,High school,35-55,Middle,False,0.0,False,0.0,False,344.0,1022.0,1.0,983.0,87.0,0.0,False,0.0,0.0,0.0,False,42.0,6.0,True,1
76449,Federation League,2022.0,504064.0,F,Western Europe,High school,35-55,Middle-Low,True,2.0,False,0.0,False,210.0,450.0,10.0,28.0,288.0,15.0,False,30.0,0.0,0.0,False,46.0,0.0,True,0
88222,Regional Tournament,2020.0,329800.0,M,East Asia,High school,0-35,High,False,0.0,False,0.0,False,303.0,32.0,0.0,297.0,46.0,77.0,False,0.0,0.0,0.0,False,27.0,1.0,False,1
87459,National Cup,2021.0,281801.0,M,Central America,Post Graduate,35-55,High,False,0.0,False,,False,182.0,738.0,0.0,5.0,298.0,742.0,,0.0,0.0,0.0,False,4.0,0.0,False,1
21959,Regional Tournament,2020.0,441181.0,F,Western Europe,University Degree,0-35,Middle-Low,False,0.0,False,60.0,False,105.0,15.0,3.0,111.0,33.0,62.0,False,0.0,0.0,0.0,False,17.0,1.0,False,1
58929,Regional Tournament,2020.0,1858523.0,F,Oceania,High school,0-35,Low,False,0.0,False,0.0,False,89.0,6.0,0.0,117.0,12.0,80.0,False,0.0,0.0,0.0,False,10.0,0.0,False,0
32114,National Cup,2021.0,2171834.0,M,North America,University Degree,35-55,Middle-High,False,0.0,False,60.0,False,142.0,185.0,0.0,114.0,99.0,311.0,False,0.0,0.0,0.0,False,6.0,0.0,False,1
74569,Regional Tournament,2020.0,529065.0,F,South Asia,Middle school,0-35,Low,False,0.0,False,0.0,False,306.0,25.0,4.0,825.0,41.0,117.0,False,0.0,0.0,0.0,False,16.0,1.0,False,1
95754,Federation League,2022.0,645551.0,M,Oceania,Middle school,35-55,High,False,0.0,False,0.0,False,322.0,319.0,2.0,79.0,181.0,28.0,False,52.0,0.0,0.0,False,47.0,0.0,True,1
21993,Local Match,2019.0,574418.0,M,Southern Africa,Middle school,0-35,High,False,0.0,False,,True,311.0,1834.0,0.0,243.0,429.0,3088.0,False,7.0,28.0,3.0,False,29.0,9.0,True,1
26629,Local Match,2020.0,2514949.0,M,Western Europe,Middle school,35-55,Low,False,1.0,False,0.0,False,725.0,3381.0,0.0,486.0,505.0,674.0,False,0.0,101.0,38.0,False,63.0,61.0,True,0
27589,Regional Tournament,2019.0,507016.0,F,Northern Africa,High school,0-35,Middle,False,0.0,False,30.0,False,151.0,34.0,0.0,115.0,24.0,68.0,False,0.0,0.0,0.0,False,6.0,0.0,False,1
17008,Local Match,2019.0,591008.0,M,Central Asia,Middle school,0-35,Middle,False,0.0,False,0.0,False,75.0,60.0,0.0,42.0,84.0,1.0,False,0.0,3.0,0.0,False,4.0,0.0,False,0
85465,Regional Tournament,2020.0,549047.0,F,Oceania,Middle school,0-35,Middle-High,False,0.0,False,0.0,False,221.0,60.0,0.0,125.0,95.0,72.0,False,0.0,0.0,0.0,False,23.0,2.0,False,1
20784,Local Match,2022.0,652336.0,M,Central America,High school,0-35,High,False,0.0,False,60.0,False,98.0,314.0,0.0,106.0,77.0,127.0,True,0.0,8.0,6.0,False,2.0,0.0,True,0
68255,Local Match,2019.0,572769.0,F,Northern Africa,Middle school,0-35,Middle,False,0.0,False,60.0,True,810.0,1371.0,0.0,736.0,275.0,698.0,False,2.0,39.0,10.0,False,38.0,3.0,True,1
93233,Federation League,2021.0,624829.0,M,North America,Middle school,35-55,High,False,0.0,False,0.0,False,96.0,38.0,0.0,56.0,24.0,3.0,False,4.0,19.0,0.0,False,8.0,0.0,False,0
45462,Local Match,2022.0,500068.0,M,Eastern Europe,Middle school,0-35,Low,False,0.0,False,0.0,False,708.0,1713.0,0.0,414.0,368.0,1149.0,True,2.0,18.0,13.0,False,41.0,0.0,True,1
34056,World Championship,2019.0,368245.0,F,,High school,0-35,Low,False,0.0,False,,False,205.0,337.0,3.0,44.0,44.0,,False,0.0,0.0,0.0,False,0.0,0.0,True,0
84202,National Cup,2022.0,275711.0,M,Northern Africa,Middle school,0-35,Low,False,0.0,False,20.0,False,761.0,269.0,0.0,490.0,255.0,1964.0,False,0.0,0.0,0.0,False,14.0,0.0,False,0
47712,Local Match,2019.0,561929.0,F,Central America,Middle school,35-55,Middle-High,False,0.0,False,0.0,True,509.0,2123.0,0.0,380.0,399.0,825.0,False,27.0,57.0,17.0,False,52.0,39.0,True,1
42272,Continental Championship,2019.0,554052.0,M,South Asia,University Degree,0-35,Low,False,0.0,False,,False,613.0,1067.0,0.0,368.0,55.0,142.0,False,6.0,796.0,0.0,False,111.0,1.0,True,1
18874,Federation League,2020.0,2227786.0,M,South America,University Degree,35-55,Middle-Low,False,1.0,False,70.0,False,124.0,220.0,0.0,0.0,152.0,6.0,False,0.0,5.0,0.0,False,12.0,0.0,False,0
88454,Continental Championship,2021.0,618078.0,M,Central Asia,High school,0-35,Low,False,0.0,False,0.0,False,35.0,177.0,0.0,7.0,2.0,3.0,False,0.0,0.0,0.0,False,1.0,0.0,False,0
91306,Local Match,2019.0,609831.0,M,Middle East,Middle school,0-35,Low,False,0.0,False,0.0,False,167.0,490.0,0.0,117.0,211.0,9.0,False,1.0,34.0,3.0,False,20.0,0.0,False,0
38773,National Cup,2022.0,682511.0,M,Middle East,High school,0-35,High,False,0.0,False,60.0,False,143.0,211.0,0.0,151.0,128.0,447.0,False,0.0,0.0,0.0,False,11.0,0.0,False,1
31241,Regional Tournament,2020.0,558250.0,F,Central Asia,Middle school,0-35,Low,False,0.0,False,0.0,False,313.0,28.0,4.0,2280.0,39.0,91.0,False,0.0,0.0,0.0,False,9.0,0.0,False,1
17180,Regional Tournament,2020.0,548124.0,F,East Asia,,35-55,Middle,False,0.0,False,0.0,False,99.0,14.0,3.0,255.0,22.0,74.0,False,0.0,0.0,0.0,False,1.0,0.0,False,1
79993,Regional Tournament,2020.0,557979.0,F,South America,High school,0-35,Middle-Low,False,0.0,False,0.0,False,46.0,21.0,0.0,54.0,26.0,41.0,False,0.0,0.0,0.0,False,3.0,0.0,False,1
40715,Regional Tournament,2019.0,552177.0,F,Northern Africa,High school,0-35,Middle-Low,False,0.0,False,0.0,False,10.0,9.0,0.0,0.0,5.0,0.0,False,0.0,0.0,0.0,False,5.0,0.0,True,0
48524,World Championship,2021.0,634494.0,F,Middle East,Middle school,0-35,Middle-High,False,0.0,False,,False,43.0,63.0,2.0,14.0,9.0,0.0,False,0.0,0.0,0.0,False,0.0,0.0,True,0
50919,Federation League,2021.0,627638.0,M,Southern Europe,Middle school,0-35,Low,False,0.0,False,0.0,False,334.0,203.0,0.0,317.0,75.0,1.0,False,13.0,38.0,0.0,False,59.0,0.0,False,0
13113,Regional Tournament,2022.0,73584.0,F,Middle East,Middle school,0-35,Middle-Low,False,1.0,False,0.0,False,44.0,85.0,1.0,9.0,12.0,89.0,False,3.0,0.0,0.0,False,0.0,0.0,True,0
38627,Regional Tournament,2019.0,522889.0,F,North America,Middle school,0-35,Middle,False,0.0,False,0.0,False,154.0,65.0,0.0,196.0,77.0,121.0,False,0.0,0.0,0.0,False,16.0,0.0,False,0
95767,Federation League,2021.0,525635.0,F,Western Europe,High school,0-35,High,False,0.0,False,0.0,False,61.0,434.0,0.0,25.0,165.0,2.0,False,0.0,0.0,0.0,False,3.0,0.0,False,0
83793,Continental Championship,2019.0,557490.0,M,South Asia,Middle school,0-35,Middle-Low,False,0.0,False,0.0,False,64.0,167.0,0.0,6.0,29.0,140.0,False,0.0,0.0,0.0,False,1.0,18.0,False,0
48165,Regional Tournament,2022.0,693635.0,M,East Asia,High school,0-35,High,False,0.0,False,0.0,False,36.0,61.0,0.0,0.0,15.0,43.0,False,0.0,0.0,0.0,False,1.0,0.0,True,0
13719,Federation League,2022.0,2678380.0,M,Oceania,University Degree,35-55,Middle,False,0.0,False,60.0,False,225.0,165.0,0.0,202.0,247.0,14.0,False,23.0,0.0,0.0,False,24.0,0.0,True,1
70764,Local Match,2022.0,685128.0,M,Northern Africa,High school,0-35,Low,False,0.0,False,60.0,False,317.0,989.0,0.0,92.0,265.0,807.0,True,0.0,7.0,0.0,False,12.0,0.0,True,1
61111,National Cup,2022.0,362140.0,M,Central Asia,High school,0-35,High,False,0.0,False,30.0,False,240.0,101.0,0.0,97.0,54.0,555.0,False,5.0,0.0,0.0,False,2.0,0.0,False,1
94647,Local Match,2019.0,565698.0,F,Eastern Europe,Middle school,0-35,Middle-Low,False,0.0,False,0.0,True,210.0,1668.0,0.0,207.0,233.0,553.0,False,7.0,32.0,4.0,False,6.0,8.0,True,1
41179,Regional Tournament,2022.0,696724.0,F,Northern Africa,Middle school,0-35,Low,False,0.0,False,0.0,False,190.0,917.0,0.0,0.0,55.0,146.0,False,0.0,0.0,5.0,False,2.0,0.0,True,1
91196,Continental Championship,2022.0,436213.0,M,Southern Africa,University Degree,35-55,Middle-High,False,0.0,False,0.0,False,72.0,206.0,0.0,61.0,37.0,155.0,False,0.0,45.0,0.0,False,22.0,0.0,True,0
13847,Regional Tournament,2019.0,1759851.0,F,Central Asia,Middle school,35-55,Low,False,0.0,False,60.0,False,28.0,4.0,0.0,54.0,3.0,0.0,False,0.0,0.0,0.0,False,6.0,0.0,False,0
73239,World Championship,2022.0,480914.0,F,Western Europe,,0-35,Low,False,0.0,False,,False,3.0,5.0,0.0,0.0,0.0,0.0,False,0.0,0.0,0.0,False,0.0,0.0,True,0
62543,Federation League,2022.0,1667087.0,M,Western Europe,High school,35-55,Middle,False,1.0,False,0.0,False,484.0,401.0,27.0,815.0,431.0,31.0,False,79.0,0.0,0.0,False,68.0,0.0,True,1
76005,Federation League,2019.0,409056.0,F,Eastern Europe,University Degree,35-55,Low,False,2.0,False,0.0,False,28.0,3.0,0.0,11.0,5.0,1.0,False,0.0,0.0,0.0,False,0.0,0.0,True,0
78251,Regional Tournament,2022.0,689089.0,F,Southern Africa,Middle school,0-35,Low,False,0.0,False,0.0,False,19.0,13.0,0.0,3.0,14.0,21.0,False,0.0,0.0,0.0,False,0.0,0.0,True,0
56605,Local Match,2019.0,577404.0,F,South America,High school,0-35,Low,False,0.0,False,60.0,True,519.0,2170.0,0.0,317.0,360.0,941.0,False,9.0,36.0,15.0,False,24.0,3.0,True,1
53457,Local Match,2020.0,539219.0,M,South America,High school,0-35,Middle-Low,False,0.0,False,60.0,False,59.0,123.0,0.0,41.0,53.0,1.0,False,0.0,0.0,1.0,False,5.0,1.0,True,0
16669,Continental Championship,2019.0,594246.0,M,North America,University Degree,0-35,Middle,False,0.0,False,0.0,False,162.0,444.0,0.0,484.0,30.0,71.0,False,0.0,10.0,0.0,False,24.0,1.0,True,0
32253,National Cup,2022.0,112454.0,M,Oceania,University Degree,0-35,High,False,0.0,False,,False,276.0,410.0,0.0,103.0,81.0,246.0,False,11.0,0.0,0.0,False,4.0,0.0,False,1
60947,World Championship,2021.0,632152.0,F,Southern Europe,Middle school,0-35,Low,False,0.0,False,,False,68.0,127.0,0.0,57.0,12.0,58.0,False,0.0,0.0,0.0,False,0.0,0.0,True,0
18563,Local Match,2019.0,581769.0,M,South America,Middle school,35-55,High,False,0.0,False,0.0,True,647.0,1310.0,0.0,682.0,614.0,591.0,False,4.0,62.0,41.0,False,77.0,26.0,True,1
51399,National Cup,2022.0,575265.0,M,Southern Europe,Middle school,0-35,Low,False,0.0,False,30.0,False,16.0,20.0,0.0,2.0,8.0,59.0,False,0.0,0.0,0.0,False,1.0,0.0,False,0
86829,Federation League,2020.0,291133.0,M,North America,High school,0-35,High,False,0.0,False,0.0,False,731.0,224.0,5.0,1211.0,409.0,12.0,False,0.0,60.0,0.0,False,192.0,21.0,True,1
68978,National Cup,2022.0,690046.0,M,Middle East,University Degree,0-35,High,False,0.0,False,,False,130.0,18.0,0.0,41.0,50.0,355.0,False,0.0,0.0,0.0,False,10.0,0.0,False,0
19777,Local Match,2022.0,696662.0,F,Middle East,High school,0-35,High,False,0.0,False,60.0,False,1913.0,2647.0,0.0,1782.0,696.0,2349.0,True,22.0,55.0,26.0,False,38.0,31.0,True,1
11411,Federation League,2022.0,2189620.0,M,East Asia,High school,35-55,High,False,0.0,False,0.0,False,60.0,100.0,0.0,73.0,56.0,1.0,False,2.0,0.0,0.0,False,6.0,0.0,True,1
45989,Federation League,2021.0,1735653.0,F,North America,High school,35-55,Middle,True,1.0,False,140.0,False,44.0,132.0,0.0,10.0,56.0,0.0,False,0.0,0.0,0.0,False,0.0,0.0,False,1
60340,Federation League,2021.0,605890.0,M,Central America,Middle school,0-35,Middle,False,0.0,False,0.0,False,17.0,45.0,0.0,6.0,6.0,0.0,False,0.0,0.0,0.0,False,1.0,0.0,False,0
15817,Olympic Games,2022.0,348807.0,M,Central Asia,High school,35-55,High,False,0.0,False,0.0,False,112.0,219.0,0.0,57.0,32.0,0.0,False,3.0,0.0,0.0,False,2.0,0.0,False,1
40778,Continental Championship,2021.0,630540.0,F,Central Asia,Middle school,0-35,Middle-Low,False,0.0,False,30.0,False,245.0,360.0,0.0,52.0,77.0,242.0,False,4.0,72.0,0.0,False,59.0,0.0,False,0
85872,Local Match,2019.0,561873.0,F,Central America,High school,0-35,Middle-Low,False,0.0,False,0.0,True,308.0,510.0,0.0,405.0,209.0,717.0,False,14.0,0.0,0.0,False,5.0,0.0,True,1
11153,Regional Tournament,2021.0,2532643.0,F,Middle East,High school,35-55,Middle,False,0.0,False,0.0,False,87.0,4.0,0.0,140.0,9.0,30.0,False,0.0,0.0,0.0,False,5.0,0.0,False,0
97539,Local Match,2019.0,610324.0,M,North America,University Degree,0-35,Middle-Low,False,0.0,False,0.0,True,511.0,1531.0,0.0,311.0,189.0,570.0,False,3.0,11.0,0.0,False,9.0,0.0,False,1
50653,Federation League,2019.0,33897.0,M,Eastern Europe,Middle school,0-35,Middle-Low,False,0.0,False,0.0,False,35.0,133.0,0.0,33.0,115.0,1.0,False,0.0,,0.0,False,5.0,0.0,True,0
62948,Federation League,2022.0,595876.0,M,Southern Europe,High school,0-35,Middle-High,False,0.0,False,0.0,False,165.0,172.0,13.0,226.0,118.0,11.0,False,31.0,0.0,0.0,False,11.0,0.0,False,1
50042,Local Match,2019.0,592450.0,F,Central Asia,High school,0-35,High,False,,False,0.0,False,496.0,1296.0,0.0,252.0,388.0,3478.0,False,13.0,21.0,0.0,False,10.0,1.0,True,0
62601,Continental Championship,2019.0,113698.0,M,Middle East,Middle school,0-35,High,False,,False,,False,89.0,133.0,0.0,4.0,10.0,27.0,False,1.0,0.0,0.0,False,6.0,1.0,False,0
50072,Local Match,2022.0,599297.0,M,Southern Europe,High school,0-35,Low,False,1.0,False,60.0,False,52.0,49.0,1.0,39.0,62.0,2.0,True,0.0,0.0,0.0,False,1.0,0.0,True,0
46639,Local Match,2019.0,309893.0,M,Northern Africa,High school,0-35,Low,False,0.0,False,0.0,True,429.0,1126.0,0.0,199.0,262.0,,False,3.0,68.0,18.0,False,38.0,19.0,True,1
72539,Regional Tournament,2022.0,568232.0,F,Southern Europe,High school,35-55,Low,False,0.0,False,0.0,False,206.0,1046.0,2.0,77.0,60.0,593.0,False,0.0,0.0,0.0,False,5.0,0.0,False,1
96626,Federation League,2022.0,654502.0,F,Oceania,High school,0-35,Low,False,0.0,False,30.0,False,58.0,60.0,0.0,60.0,28.0,3.0,False,2.0,0.0,0.0,False,5.0,0.0,True,0
41343,World Championship,2022.0,693273.0,M,South America,Elementary school,0-35,Low,False,0.0,True,,False,11.0,67.0,0.0,3.0,1.0,0.0,False,,0.0,0.0,False,0.0,0.0,True,0
98411,Local Match,2022.0,637980.0,F,North America,University Degree,0-35,Middle,False,0.0,False,0.0,False,547.0,2000.0,0.0,130.0,444.0,751.0,True,19.0,9.0,5.0,False,53.0,2.0,True,1
94259,Olympic Games,2019.0,268073.0,M,Western Europe,High school,35-55,Low,False,0.0,False,30.0,False,585.0,1097.0,0.0,1287.0,143.0,0.0,False,0.0,0.0,0.0,False,90.0,8.0,True,0
31026,Federation League,2022.0,652103.0,M,Southern Africa,University Degree,35-55,High,False,0.0,False,0.0,False,451.0,424.0,37.0,727.0,183.0,9.0,False,80.0,0.0,0.0,False,22.0,0.0,False,1
63988,World Championship,2019.0,600733.0,F,East Asia,Post Graduate,35-55,High,False,0.0,False,,False,145.0,403.0,0.0,208.0,19.0,107.0,False,0.0,0.0,0.0,False,0.0,0.0,True,1
13956,Federation League,2019.0,332436.0,M,East Asia,Middle school,0-35,Middle-High,False,0.0,False,0.0,False,588.0,564.0,37.0,400.0,281.0,18.0,False,33.0,147.0,0.0,False,30.0,0.0,True,1
16117,National Cup,2022.0,584711.0,M,South America,University Degree,35-55,Low,False,0.0,False,0.0,False,36.0,73.0,0.0,0.0,17.0,43.0,False,0.0,0.0,0.0,False,1.0,0.0,False,0
29866,Continental Championship,2021.0,600623.0,M,Middle East,High school,0-35,Middle-Low,False,1.0,False,30.0,False,159.0,650.0,0.0,138.0,54.0,140.0,False,1.0,278.0,0.0,False,27.0,0.0,True,1
61488,Federation League,2019.0,564454.0,M,North America,High school,0-35,High,True,0.0,False,0.0,False,6.0,28.0,0.0,0.0,2.0,0.0,False,0.0,0.0,0.0,False,1.0,0.0,True,0
47997,Federation League,2019.0,2624040.0,F,Middle East,Middle school,0-35,High,False,1.0,False,140.0,False,208.0,283.0,0.0,195.0,123.0,7.0,False,12.0,91.0,0.0,False,8.0,0.0,True,1
75661,Local Match,2019.0,2548055.0,M,North America,Middle school,35-55,High,False,0.0,False,0.0,True,470.0,2445.0,0.0,439.0,398.0,1085.0,False,7.0,112.0,28.0,False,33.0,49.0,True,1
10845,Federation League,2019.0,608630.0,M,Southern Europe,High school,0-35,Low,False,0.0,False,60.0,False,49.0,67.0,0.0,8.0,98.0,5.0,False,0.0,9.0,0.0,False,5.0,0.0,False,0
67400,Local Match,2020.0,1997164.0,M,Southern Africa,Post Graduate,35-55,High,False,1.0,False,60.0,False,582.0,3285.0,0.0,646.0,769.0,1012.0,False,0.0,72.0,20.0,False,70.0,95.0,False,1
55791,Local Match,2021.0,2426332.0,M,Western Europe,University Degree,0-35,Middle,False,0.0,False,0.0,True,188.0,910.0,0.0,38.0,126.0,585.0,False,0.0,9.0,0.0,False,6.0,0.0,True,1
71385,Regional Tournament,2020.0,519602.0,F,Eastern Europe,Middle school,0-35,Middle-Low,True,0.0,False,0.0,False,57.0,33.0,0.0,45.0,50.0,15.0,False,0.0,0.0,0.0,False,3.0,0.0,False,1
40305,Regional Tournament,2022.0,647312.0,F,South America,University Degree,35-55,Low,False,0.0,False,60.0,False,49.0,121.0,4.0,0.0,34.0,0.0,False,4.0,0.0,0.0,False,1.0,0.0,True,0
58683,Local Match,2021.0,268845.0,M,Eastern Europe,University Degree,0-35,Middle,False,0.0,False,60.0,False,260.0,222.0,0.0,343.0,123.0,229.0,False,5.0,7.0,0.0,False,6.0,0.0,False,0
93829,Federation League,2021.0,634681.0,M,East Asia,High school,35-55,Middle-High,False,0.0,False,60.0,False,253.0,152.0,0.0,348.0,197.0,8.0,False,0.0,116.0,0.0,False,10.0,0.0,True,1
28818,Regional Tournament,2020.0,563874.0,F,Central Asia,High school,0-35,Low,False,0.0,False,60.0,False,402.0,76.0,7.0,2193.0,119.0,161.0,False,0.0,0.0,0.0,False,18.0,4.0,False,1
36398,Federation League,2020.0,160401.0,M,Southern Europe,High school,0-35,High,False,1.0,False,0.0,False,20.0,13.0,0.0,18.0,19.0,2.0,False,0.0,0.0,0.0,False,14.0,0.0,False,0
62032,Local Match,2020.0,60519.0,F,South America,High school,35-55,Low,False,0.0,False,0.0,False,709.0,991.0,0.0,581.0,414.0,184.0,False,0.0,228.0,8.0,False,57.0,26.0,True,0
95298,Regional Tournament,2022.0,676401.0,F,Oceania,University Degree,35-55,Middle,False,0.0,False,60.0,False,208.0,1048.0,2.0,153.0,49.0,191.0,False,11.0,0.0,14.0,False,6.0,0.0,True,1
39131,Regional Tournament,2021.0,615025.0,F,Eastern Europe,Middle school,0-35,Middle-Low,True,0.0,False,0.0,False,170.0,57.0,3.0,17.0,27.0,75.0,False,0.0,0.0,0.0,False,50.0,0.0,False,1
24965,National Cup,2021.0,560951.0,M,Oceania,High school,35-55,High,False,0.0,False,0.0,False,83.0,34.0,0.0,37.0,52.0,200.0,False,0.0,0.0,0.0,False,5.0,0.0,False,0
51195,Federation League,2020.0,524369.0,F,Central America,Middle school,0-35,Middle-High,False,0.0,False,10.0,False,215.0,108.0,0.0,130.0,98.0,8.0,False,0.0,86.0,0.0,False,32.0,9.0,True,1
53397,Regional Tournament,2021.0,529438.0,M,Central America,High school,0-35,Middle,False,0.0,False,0.0,False,42.0,39.0,0.0,13.0,16.0,73.0,False,0.0,0.0,0.0,False,5.0,0.0,False,0
44547,Local Match,2022.0,1998834.0,M,East Asia,High school,0-35,Middle,False,0.0,False,20.0,False,167.0,428.0,0.0,74.0,129.0,515.0,True,0.0,1.0,0.0,False,11.0,0.0,True,1
74576,Local Match,2022.0,1450604.0,M,South Asia,High school,35-55,Middle-High,False,1.0,False,30.0,False,469.0,2232.0,0.0,278.0,553.0,882.0,True,16.0,79.0,18.0,False,62.0,10.0,True,1
48343,Local Match,2022.0,603931.0,M,South Asia,Middle school,0-35,Low,False,1.0,False,0.0,False,54.0,5.0,0.0,105.0,10.0,22.0,True,2.0,0.0,0.0,False,0.0,0.0,True,0
37531,Local Match,2019.0,502779.0,M,Southern Africa,High school,0-35,High,True,0.0,False,30.0,False,32.0,67.0,0.0,51.0,34.0,44.0,False,3.0,0.0,0.0,False,2.0,0.0,True,0
73075,Regional Tournament,2022.0,651089.0,F,East Asia,High school,0-35,Middle-Low,False,0.0,False,60.0,False,172.0,416.0,49.0,77.0,27.0,135.0,False,2.0,0.0,3.0,False,0.0,0.0,True,0
27451,Regional Tournament,2019.0,608000.0,M,Southern Europe,Middle school,0-35,High,True,0.0,False,0.0,False,346.0,85.0,0.0,713.0,68.0,156.0,False,0.0,0.0,0.0,False,8.0,0.0,False,1
48475,Federation League,2020.0,550064.0,M,Central Asia,High school,0-35,Middle,False,0.0,False,0.0,False,278.0,357.0,0.0,337.0,188.0,23.0,False,0.0,145.0,0.0,False,62.0,25.0,False,1
84233,Regional Tournament,2022.0,439806.0,F,North America,High school,0-35,Low,False,0.0,False,0.0,False,135.0,633.0,34.0,67.0,16.0,49.0,False,3.0,0.0,0.0,False,2.0,0.0,True,1
65708,National Cup,2022.0,683503.0,M,North America,Middle school,0-35,High,False,0.0,False,0.0,False,200.0,274.0,0.0,5.0,96.0,846.0,False,0.0,0.0,0.0,False,11.0,0.0,False,0
96332,Regional Tournament,2019.0,590231.0,F,North America,Middle school,0-35,Middle-Low,False,0.0,False,60.0,False,273.0,27.0,1.0,306.0,18.0,118.0,False,5.0,0.0,0.0,False,15.0,0.0,True,1
50545,World Championship,2021.0,627787.0,F,Middle East,Middle school,0-35,Middle,False,0.0,False,,False,303.0,439.0,1.0,683.0,28.0,136.0,False,0.0,0.0,0.0,False,0.0,0.0,True,1
27424,Continental Championship,2022.0,680765.0,F,South America,Middle school,0-35,Low,False,0.0,False,60.0,False,287.0,740.0,0.0,162.0,34.0,174.0,False,3.0,55.0,0.0,False,36.0,0.0,True,1
31465,Regional Tournament,2020.0,92993.0,F,Western Europe,Middle school,0-35,Low,False,3.0,False,75.0,False,137.0,14.0,0.0,681.0,35.0,96.0,False,0.0,0.0,0.0,False,9.0,2.0,False,1
49209,World Championship,2019.0,2019921.0,F,Northern Africa,Middle school,0-35,High,False,0.0,False,,False,20.0,5.0,0.0,0.0,1.0,60.0,False,0.0,0.0,0.0,False,0.0,0.0,True,0
13786,Local Match,2019.0,586974.0,M,Western Europe,High school,0-35,Middle-Low,False,0.0,False,0.0,False,31.0,86.0,0.0,7.0,32.0,2.0,False,0.0,0.0,0.0,False,2.0,0.0,,0
20508,National Cup,2021.0,609229.0,M,Southern Africa,High school,35-55,High,False,0.0,False,60.0,False,1766.0,159.0,0.0,3123.0,190.0,377.0,False,0.0,0.0,0.0,False,12.0,0.0,True,1
83542,World Championship,2019.0,549973.0,M,Oceania,Middle school,0-35,Middle-Low,False,0.0,False,,False,28.0,57.0,0.0,0.0,3.0,33.0,False,0.0,0.0,0.0,False,0.0,0.0,True,0
53975,National Cup,2021.0,566871.0,M,South America,Middle school,0-35,Low,False,0.0,False,30.0,False,101.0,57.0,0.0,185.0,47.0,242.0,False,0.0,0.0,0.0,False,6.0,0.0,True,0
79866,Local Match,2019.0,139278.0,M,Southern Europe,Middle school,35-55,Low,False,0.0,False,0.0,False,216.0,798.0,3.0,111.0,191.0,513.0,False,0.0,26.0,6.0,False,13.0,4.0,True,0
77305,Federation League,2022.0,675699.0,F,North America,High school,0-35,Middle-Low,False,0.0,False,0.0,False,79.0,56.0,36.0,11.0,6.0,1.0,False,4.0,0.0,0.0,False,2.0,0.0,True,0
69552,Regional Tournament,2019.0,505595.0,F,South America,Middle school,0-35,Low,True,2.0,False,0.0,False,35.0,3.0,2.0,6.0,3.0,2.0,False,0.0,0.0,0.0,False,1.0,0.0,True,0
87334,World Championship,2019.0,24391.0,M,Central Asia,High school,0-35,High,False,0.0,False,,False,130.0,375.0,2.0,62.0,23.0,120.0,False,0.0,0.0,0.0,False,0.0,0.0,True,1
63845,Regional Tournament,2020.0,542260.0,F,Central America,Middle school,35-55,Low,True,0.0,False,0.0,False,67.0,20.0,2.0,56.0,50.0,17.0,False,0.0,0.0,0.0,False,22.0,0.0,False,0
71636,National Cup,2022.0,512852.0,F,Western Europe,High school,0-35,Middle,False,0.0,False,0.0,False,182.0,65.0,0.0,3.0,61.0,1415.0,False,1.0,0.0,0.0,False,4.0,0.0,False,1
51377,National Cup,2021.0,503872.0,M,Northern Africa,High school,0-35,Middle-High,False,0.0,False,0.0,False,38.0,30.0,0.0,0.0,22.0,38.0,False,0.0,0.0,0.0,False,1.0,0.0,False,0
25461,Federation League,2021.0,577954.0,F,East Asia,Middle school,0-35,Middle,True,0.0,False,90.0,False,376.0,316.0,1.0,480.0,333.0,6.0,False,17.0,136.0,0.0,False,34.0,0.0,True,0
26805,Regional Tournament,2022.0,303617.0,F,Central America,Middle school,35-55,Low,False,1.0,False,0.0,False,70.0,139.0,1.0,32.0,23.0,59.0,False,3.0,0.0,0.0,False,0.0,0.0,False,1
44865,Local Match,2019.0,568153.0,M,Western Europe,High school,0-35,High,False,0.0,False,0.0,True,861.0,4361.0,0.0,577.0,466.0,1287.0,False,0.0,30.0,31.0,False,71.0,72.0,True,1
17774,Federation League,2022.0,652881.0,M,Middle East,Middle school,35-55,Middle-Low,False,0.0,False,0.0,False,124.0,102.0,0.0,48.0,48.0,7.0,False,12.0,0.0,0.0,False,7.0,0.0,True,0
42908,Local Match,2022.0,646017.0,M,Middle East,High school,0-35,Low,False,0.0,False,30.0,False,1153.0,2524.0,0.0,2323.0,431.0,698.0,True,8.0,28.0,9.0,False,45.0,13.0,True,1
37241,Local Match,2021.0,630924.0,M,Northern Africa,Middle school,0-35,Middle-Low,False,0.0,False,0.0,True,211.0,1522.0,0.0,88.0,224.0,627.0,False,0.0,11.0,2.0,False,17.0,0.0,True,1
16485,Local Match,2021.0,1340760.0,M,East Asia,Middle school,35-55,Middle-High,False,0.0,False,0.0,True,335.0,2111.0,0.0,429.0,258.0,209.0,False,0.0,98.0,6.0,False,26.0,7.0,True,1
57943,Regional Tournament,2019.0,372172.0,F,Central Asia,Middle school,0-35,Middle-Low,False,0.0,False,0.0,False,15.0,6.0,0.0,4.0,9.0,0.0,False,0.0,0.0,0.0,,3.0,0.0,True,0
81156,Local Match,2022.0,678877.0,F,North America,University Degree,0-35,High,False,0.0,False,60.0,False,150.0,448.0,0.0,94.0,108.0,30.0,True,3.0,20.0,10.0,False,23.0,1.0,False,0
83176,Federation League,2022.0,675256.0,M,Southern Africa,Middle school,0-35,High,True,0.0,False,60.0,False,426.0,195.0,10.0,1423.0,274.0,3.0,False,34.0,0.0,0.0,False,118.0,0.0,False,1
10544,Federation League,2019.0,529868.0,F,South America,High school,0-35,High,False,0.0,False,0.0,False,331.0,337.0,0.0,229.0,219.0,30.0,False,7.0,47.0,0.0,False,30.0,0.0,True,1
12168,World Championship,2019.0,2621695.0,F,Oceania,Middle school,0-35,Middle-Low,False,0.0,False,,False,138.0,180.0,0.0,46.0,6.0,99.0,False,0.0,0.0,0.0,False,0.0,0.0,True,1
65686,Local Match,2022.0,602594.0,M,East Asia,Middle school,0-35,High,False,0.0,False,0.0,False,398.0,1532.0,0.0,690.0,289.0,1307.0,True,21.0,43.0,31.0,False,28.0,18.0,True,1
52910,Continental Championship,2019.0,576439.0,M,Western Europe,Middle school,0-35,High,False,0.0,False,,False,171.0,743.0,0.0,85.0,26.0,170.0,False,2.0,223.0,0.0,False,16.0,4.0,False,1
89194,Regional Tournament,2021.0,630549.0,F,Eastern Europe,High school,0-35,Middle,False,0.0,False,0.0,False,82.0,21.0,0.0,12.0,15.0,87.0,False,0.0,0.0,0.0,False,9.0,0.0,False,0
38241,Regional Tournament,2022.0,628656.0,F,North America,University Degree,0-35,Middle,False,0.0,False,0.0,False,59.0,428.0,0.0,30.0,14.0,65.0,False,9.0,0.0,4.0,False,0.0,0.0,True,1
32439,Regional Tournament,2019.0,265170.0,F,Central America,High school,0-35,Middle,False,0.0,False,0.0,False,148.0,26.0,,236.0,33.0,29.0,False,1.0,0.0,0.0,False,12.0,0.0,False,0
33464,Federation League,2020.0,483869.0,M,South Asia,Middle school,0-35,Low,True,0.0,False,120.0,False,384.0,185.0,0.0,340.0,218.0,19.0,False,0.0,85.0,0.0,False,107.0,63.0,False,0
19464,Continental Championship,2021.0,1861830.0,M,Middle East,Middle school,35-55,Middle,False,1.0,False,10.0,False,366.0,1044.0,0.0,491.0,72.0,232.0,False,4.0,334.0,0.0,False,58.0,0.0,True,1
16621,Regional Tournament,2022.0,680918.0,M,Eastern Europe,High school,0-35,High,False,0.0,False,0.0,False,193.0,687.0,1.0,220.0,23.0,74.0,False,24.0,0.0,8.0,False,0.0,0.0,True,1
76536,National Cup,2022.0,577460.0,M,South Asia,University Degree,0-35,Middle,False,0.0,False,0.0,False,194.0,356.0,0.0,105.0,47.0,495.0,False,0.0,0.0,0.0,False,12.0,0.0,False,0
68974,Continental Championship,2022.0,655869.0,M,North America,University Degree,0-35,High,False,0.0,False,0.0,False,169.0,932.0,0.0,103.0,1.0,132.0,False,7.0,252.0,0.0,False,9.0,0.0,True,1
81840,Continental Championship,2021.0,606127.0,M,Southern Europe,High school,0-35,Low,False,0.0,False,0.0,False,156.0,498.0,0.0,32.0,7.0,100.0,False,0.0,76.0,0.0,False,20.0,0.0,True,0
13268,Regional Tournament,2022.0,2629503.0,F,Eastern Europe,Middle school,0-35,High,True,1.0,False,140.0,False,16.0,7.0,0.0,1.0,5.0,0.0,False,0.0,0.0,0.0,False,0.0,0.0,False,0
49623,Local Match,2021.0,493760.0,F,East Asia,High school,0-35,High,False,0.0,False,60.0,True,329.0,661.0,0.0,124.0,,608.0,False,42.0,0.0,0.0,False,9.0,0.0,True,1
59595,Regional Tournament,2021.0,446755.0,F,Middle East,University Degree,35-55,Middle-Low,False,0.0,False,0.0,False,182.0,34.0,2.0,473.0,26.0,85.0,False,0.0,0.0,0.0,False,14.0,0.0,True,1
40949,World Championship,2019.0,2519972.0,F,Eastern Europe,Middle school,0-35,High,False,0.0,False,,False,187.0,391.0,0.0,59.0,51.0,129.0,False,0.0,0.0,0.0,False,0.0,0.0,True,0
16629,Regional Tournament,2020.0,534360.0,M,Eastern Europe,High school,0-35,Low,True,0.0,False,0.0,False,37.0,13.0,0.0,19.0,25.0,60.0,False,0.0,0.0,0.0,False,6.0,0.0,False,1
60135,Local Match,2021.0,2131008.0,M,South America,High school,35-55,Middle,False,0.0,False,0.0,True,220.0,619.0,0.0,173.0,175.0,529.0,False,2.0,6.0,3.0,False,15.0,1.0,True,1
80435,Regional Tournament,2019.0,597894.0,F,South America,,0-35,Low,False,0.0,False,60.0,False,542.0,52.0,0.0,2060.0,50.0,133.0,False,0.0,0.0,0.0,False,14.0,0.0,False,1
70444,Federation League,2019.0,603469.0,F,Central America,University Degree,0-35,High,False,0.0,False,120.0,False,222.0,235.0,0.0,350.0,166.0,6.0,False,2.0,122.0,0.0,False,13.0,0.0,True,0
31436,Local Match,2021.0,1961652.0,F,Middle East,Middle school,0-35,Middle-High,False,0.0,False,140.0,False,45.0,73.0,1.0,211.0,61.0,1.0,False,0.0,0.0,0.0,False,1.0,0.0,False,0
67271,Federation League,2022.0,572414.0,F,Southern Africa,Middle school,0-35,Low,False,2.0,False,0.0,False,15.0,22.0,0.0,0.0,9.0,0.0,False,0.0,0.0,0.0,False,0.0,0.0,False,0
15130,Regional Tournament,2020.0,554344.0,F,North America,Middle school,0-35,Middle-Low,False,0.0,False,0.0,False,133.0,37.0,0.0,291.0,69.0,120.0,False,0.0,0.0,0.0,False,11.0,1.0,False,1
83994,Continental Championship,2022.0,688287.0,M,Western Europe,High school,0-35,Middle-High,False,0.0,False,0.0,False,193.0,443.0,0.0,168.0,37.0,196.0,False,3.0,314.0,0.0,False,21.0,0.0,False,1
22820,Federation League,2019.0,587002.0,F,Northern Africa,Middle school,0-35,Low,False,0.0,False,0.0,False,371.0,376.0,21.0,299.0,327.0,15.0,False,1.0,127.0,0.0,False,14.0,0.0,True,1
40120,Local Match,2020.0,2532320.0,M,East Asia,High school,0-35,Middle-Low,False,0.0,False,0.0,False,4396.0,1964.0,0.0,5725.0,743.0,506.0,False,0.0,113.0,58.0,False,167.0,97.0,True,1
65010,Local Match,2022.0,642493.0,M,Central America,Middle school,0-35,High,False,0.0,False,0.0,False,448.0,1672.0,0.0,192.0,385.0,881.0,True,0.0,24.0,3.0,False,12.0,4.0,True,1
48717,World Championship,2021.0,629736.0,M,Northern Africa,High school,0-35,High,False,,False,30.0,False,114.0,243.0,0.0,1.0,24.0,86.0,False,0.0,0.0,,False,0.0,0.0,True,1
63398,Local Match,2021.0,629867.0,M,Eastern Europe,High school,35-55,Low,False,0.0,False,0.0,False,14.0,18.0,0.0,62.0,23.0,79.0,False,0.0,0.0,0.0,False,0.0,0.0,True,0
29356,Regional Tournament,2022.0,684971.0,F,South America,Middle school,35-55,Low,False,0.0,False,0.0,False,153.0,214.0,,9.0,55.0,145.0,False,1.0,0.0,0.0,False,1.0,0.0,True,0
34967,Regional Tournament,2022.0,683817.0,F,Northern Africa,University Degree,0-35,Middle-Low,False,0.0,False,60.0,False,140.0,236.0,2.0,84.0,35.0,140.0,False,0.0,0.0,0.0,False,0.0,0.0,True,1
92279,Local Match,2022.0,505773.0,M,North America,University Degree,35-55,High,False,0.0,False,0.0,False,902.0,2816.0,0.0,878.0,568.0,1118.0,True,4.0,156.0,43.0,False,87.0,59.0,True,1
37737,World Championship,2022.0,682481.0,F,Western Europe,Middle school,35-55,High,False,0.0,False,,False,57.0,191.0,0.0,10.0,25.0,34.0,False,0.0,0.0,0.0,False,0.0,0.0,True,0
27847,Local Match,2019.0,608144.0,M,South Asia,High school,35-55,High,True,0.0,False,30.0,True,269.0,715.0,1.0,342.0,241.0,526.0,False,9.0,13.0,0.0,False,23.0,2.0,True,1
18772,Continental Championship,2021.0,538102.0,M,East Asia,High school,35-55,Middle,False,0.0,False,,False,,314.0,0.0,106.0,15.0,75.0,False,1.0,88.0,0.0,False,9.0,1.0,True,0
61707,Local Match,2022.0,489553.0,M,Eastern Europe,University Degree,0-35,Middle,False,1.0,False,0.0,False,122.0,93.0,0.0,142.0,66.0,654.0,False,5.0,0.0,0.0,False,0.0,0.0,False,0
97601,Federation League,2021.0,630359.0,M,Central Asia,High school,0-35,Middle,False,0.0,False,0.0,False,24.0,17.0,0.0,6.0,17.0,0.0,False,0.0,12.0,0.0,False,2.0,0.0,False,0
57749,Regional Tournament,2020.0,557622.0,F,South America,Middle school,0-35,Low,False,0.0,False,0.0,False,530.0,16.0,,984.0,17.0,108.0,False,0.0,0.0,0.0,False,13.0,0.0,False,1
60098,Local Match,2019.0,570978.0,F,Eastern Europe,High school,0-35,Middle-High,False,0.0,False,60.0,True,626.0,1066.0,0.0,543.0,193.0,713.0,False,4.0,22.0,12.0,False,22.0,7.0,True,1
62178,Federation League,2021.0,622499.0,M,South America,High school,0-35,Low,False,0.0,False,0.0,False,116.0,53.0,0.0,104.0,47.0,3.0,False,3.0,5.0,0.0,False,19.0,0.0,True,0
64293,Regional Tournament,2019.0,603601.0,F,Middle East,Middle school,35-55,Middle-Low,False,0.0,False,0.0,False,371.0,68.0,1.0,577.0,43.0,93.0,False,0.0,0.0,0.0,False,24.0,0.0,False,1
73908,Regional Tournament,2021.0,618145.0,F,Oceania,High school,0-35,Middle-Low,False,0.0,False,0.0,False,114.0,31.0,1.0,319.0,29.0,79.0,False,0.0,0.0,0.0,False,11.0,0.0,True,1
36212,National Cup,2022.0,2178686.0,F,North America,University Degree,35-55,Middle-Low,False,0.0,False,0.0,False,1385.0,187.0,0.0,2547.0,312.0,4114.0,False,0.0,0.0,0.0,False,7.0,0.0,True,1
16140,Local Match,2022.0,696674.0,M,,High school,0-35,High,False,0.0,False,60.0,False,161.0,613.0,0.0,215.0,151.0,662.0,True,0.0,5.0,2.0,False,2.0,0.0,True,1
84928,Regional Tournament,2020.0,553508.0,F,East Asia,High school,0-35,Middle-Low,True,0.0,False,60.0,False,37.0,5.0,0.0,81.0,16.0,68.0,False,0.0,0.0,0.0,False,3.0,0.0,False,1
22360,National Cup,2022.0,526235.0,M,Southern Europe,University Degree,35-55,Middle,False,1.0,False,30.0,False,37.0,24.0,0.0,32.0,44.0,312.0,False,0.0,0.0,0.0,False,4.0,0.0,False,0
95289,Federation League,2019.0,594052.0,M,Northern Africa,High school,0-35,High,False,0.0,False,30.0,False,73.0,94.0,0.0,44.0,97.0,3.0,False,1.0,66.0,0.0,False,8.0,0.0,True,1
52936,National Cup,2022.0,443964.0,F,North America,University Degree,0-35,High,False,0.0,False,0.0,False,422.0,2785.0,0.0,432.0,170.0,1122.0,False,12.0,0.0,0.0,False,7.0,0.0,False,1
88616,Continental Championship,2021.0,549401.0,F,Western Europe,Middle school,35-55,Low,False,0.0,False,0.0,False,79.0,103.0,0.0,50.0,34.0,108.0,False,2.0,0.0,0.0,False,9.0,3.0,False,0
49575,Federation League,2022.0,483136.0,F,Southern Europe,Middle school,0-35,Low,False,0.0,False,0.0,False,86.0,96.0,6.0,33.0,81.0,5.0,False,16.0,0.0,0.0,False,7.0,0.0,False,1
76954,Regional Tournament,2019.0,597286.0,F,Central America,High school,0-35,Low,False,0.0,False,0.0,False,102.0,25.0,0.0,124.0,26.0,87.0,False,0.0,0.0,0.0,False,6.0,0.0,False,1
77760,Regional Tournament,2022.0,694339.0,F,Southern Africa,High school,35-55,Low,False,0.0,False,0.0,False,14.0,20.0,0.0,0.0,1.0,0.0,False,0.0,0.0,0.0,False,0.0,0.0,True,0
14888,Regional Tournament,2019.0,500016.0,F,South America,Middle school,35-55,Middle,False,0.0,False,120.0,False,92.0,39.0,2.0,121.0,42.0,79.0,False,5.0,,0.0,False,14.0,0.0,False,1
75531,Local Match,2019.0,596860.0,M,Northern Africa,University Degree,35-55,Middle-Low,False,0.0,False,0.0,True,284.0,1444.0,0.0,81.0,369.0,1621.0,False,3.0,13.0,0.0,False,14.0,5.0,True,1
92661,Local Match,2019.0,594823.0,M,Western Europe,High school,0-35,High,False,0.0,False,60.0,False,89.0,117.0,0.0,53.0,71.0,712.0,False,0.0,0.0,0.0,False,0.0,0.0,True,0
38863,Federation League,2021.0,617801.0,M,Western Europe,High school,35-55,Middle,False,0.0,False,0.0,False,463.0,427.0,0.0,203.0,186.0,11.0,False,13.0,149.0,0.0,False,24.0,0.0,True,1
10156,Local Match,2021.0,622639.0,F,Middle East,Middle school,0-35,Middle-Low,False,0.0,False,30.0,False,202.0,354.0,0.0,189.0,175.0,484.0,False,1.0,4.0,0.0,False,10.0,0.0,True,0
63269,Olympic Games,2019.0,2329342.0,F,Western Europe,Middle school,35-55,Middle,False,0.0,False,60.0,False,133.0,250.0,0.0,43.0,92.0,0.0,False,1.0,0.0,0.0,False,46.0,0.0,False,1
38159,Federation League,2022.0,693468.0,M,Oceania,High school,0-35,Middle-Low,True,0.0,False,0.0,False,14.0,16.0,16.0,3.0,7.0,0.0,False,0.0,0.0,0.0,False,1.0,0.0,False,0
22881,National Cup,2021.0,509102.0,M,Oceania,High school,0-35,Middle-High,False,0.0,False,90.0,False,572.0,410.0,0.0,86.0,265.0,1352.0,False,9.0,0.0,0.0,False,13.0,0.0,False,1
46265,Olympic Games,2022.0,141506.0,M,North America,High school,35-55,Middle-Low,False,0.0,False,0.0,False,97.0,107.0,12.0,153.0,39.0,0.0,False,0.0,0.0,0.0,False,7.0,0.0,False,0
13153,National Cup,2022.0,621696.0,M,South America,High school,35-55,Middle,False,1.0,False,0.0,False,631.0,1243.0,0.0,180.0,173.0,770.0,False,13.0,0.0,0.0,False,17.0,0.0,False,1
16133,Federation League,2019.0,572774.0,M,South America,Middle school,0-35,Middle-High,False,0.0,False,60.0,False,594.0,225.0,0.0,637.0,254.0,14.0,False,33.0,161.0,0.0,False,69.0,0.0,True,1
81548,Local Match,2020.0,554748.0,M,Middle East,Middle school,0-35,Middle-Low,True,0.0,False,0.0,False,992.0,4272.0,0.0,1022.0,760.0,929.0,False,0.0,27.0,47.0,False,89.0,71.0,True,1
99008,Local Match,2021.0,617201.0,M,Middle East,Middle school,0-35,High,False,0.0,False,30.0,True,223.0,540.0,0.0,255.0,143.0,743.0,False,5.0,5.0,6.0,False,12.0,0.0,True,1
29151,Continental Championship,2022.0,560759.0,M,Eastern Europe,High school,0-35,High,False,0.0,False,0.0,False,160.0,494.0,0.0,63.0,10.0,77.0,False,4.0,97.0,0.0,False,10.0,1.0,False,1
51992,Local Match,2020.0,548926.0,F,Western Europe,High school,0-35,Middle-High,False,0.0,False,60.0,False,163.0,298.0,0.0,166.0,218.0,617.0,False,0.0,0.0,0.0,False,17.0,9.0,True,0
36515,Local Match,2019.0,243396.0,M,Northern Africa,Middle school,0-35,High,False,0.0,False,60.0,False,92.0,237.0,0.0,61.0,78.0,154.0,False,0.0,15.0,7.0,False,4.0,0.0,True,0
11757,Local Match,2019.0,522881.0,M,Oceania,High school,0-35,Middle-Low,False,1.0,False,0.0,False,24.0,40.0,0.0,14.0,32.0,2.0,False,0.0,0.0,0.0,False,0.0,0.0,True,0
58502,Local Match,2021.0,152626.0,M,Northern Africa,Middle school,35-55,Low,False,0.0,False,0.0,True,1275.0,2002.0,0.0,1699.0,1011.0,1128.0,False,7.0,80.0,8.0,False,126.0,5.0,True,1
55145,Local Match,2021.0,414258.0,F,North America,High school,0-35,Low,False,1.0,False,30.0,True,497.0,1188.0,0.0,660.0,277.0,1267.0,False,5.0,69.0,6.0,False,24.0,23.0,True,1
12459,National Cup,2021.0,537322.0,M,North America,High school,35-55,Middle-High,False,0.0,False,30.0,False,241.0,110.0,0.0,232.0,161.0,951.0,False,8.0,0.0,0.0,False,19.0,0.0,False,1
24335,Regional Tournament,2019.0,591299.0,F,Central America,High school,0-35,Middle,False,0.0,False,0.0,False,310.0,137.0,0.0,209.0,135.0,115.0,False,0.0,0.0,0.0,False,10.0,0.0,False,1
95661,Local Match,2020.0,536930.0,M,South America,High school,0-35,Low,False,0.0,False,0.0,False,330.0,768.0,0.0,339.0,287.0,792.0,False,0.0,13.0,0.0,False,50.0,19.0,True,1
92630,World Championship,2019.0,596376.0,F,Northern Africa,High school,0-35,Middle,False,0.0,False,,False,134.0,321.0,0.0,63.0,8.0,151.0,False,0.0,0.0,0.0,False,0.0,0.0,True,1
71433,Regional Tournament,2020.0,418065.0,M,South Asia,High school,35-55,Low,False,0.0,False,0.0,False,11.0,8.0,0.0,85.0,17.0,1.0,False,0.0,0.0,0.0,False,0.0,0.0,False,0
93934,Continental Championship,2019.0,600198.0,M,Southern Africa,High school,0-35,Middle-Low,False,0.0,False,0.0,False,150.0,392.0,0.0,50.0,23.0,152.0,False,1.0,204.0,0.0,False,24.0,10.0,True,1
97588,Local Match,2021.0,278155.0,,East Asia,Middle school,35-55,High,False,0.0,False,30.0,True,1049.0,2122.0,0.0,1193.0,500.0,875.0,False,28.0,56.0,26.0,False,51.0,44.0,True,1
30058,Local Match,2020.0,300264.0,M,Eastern Europe,Middle school,0-35,Low,False,0.0,False,0.0,False,209.0,644.0,0.0,63.0,175.0,422.0,False,0.0,5.0,0.0,False,4.0,11.0,True,0
98624,Local Match,2019.0,568602.0,M,Eastern Europe,High school,0-35,Low,True,0.0,False,30.0,False,123.0,479.0,0.0,161.0,151.0,60.0,False,19.0,1.0,4.0,False,3.0,20.0,False,0
93849,World Championship,2021.0,614224.0,F,Eastern Europe,Middle school,35-55,Low,True,0.0,False,,False,27.0,145.0,0.0,1.0,0.0,2.0,False,0.0,0.0,0.0,False,0.0,0.0,False,0
94896,Regional Tournament,2020.0,477734.0,F,Western Europe,Elementary school,0-35,Middle,False,0.0,False,60.0,False,225.0,36.0,1.0,230.0,47.0,102.0,False,0.0,0.0,0.0,False,22.0,9.0,False,1
97552,Local Match,2022.0,648531.0,M,South America,Middle school,0-35,High,True,0.0,False,90.0,False,588.0,1328.0,0.0,322.0,384.0,1187.0,True,5.0,16.0,14.0,False,27.0,5.0,True,1
95525,Federation League,2020.0,2318590.0,F,Western Europe,University Degree,0-35,High,False,0.0,False,0.0,False,258.0,272.0,0.0,137.0,203.0,30.0,False,0.0,44.0,0.0,False,79.0,13.0,False,0
95816,Regional Tournament,2021.0,628411.0,F,Eastern Europe,University Degree,0-35,Low,False,0.0,False,60.0,False,50.0,42.0,0.0,1.0,10.0,36.0,False,0.0,0.0,0.0,False,24.0,0.0,False,0
63449,Local Match,2020.0,557877.0,M,Central America,High school,0-35,Middle,False,0.0,False,0.0,False,169.0,468.0,0.0,210.0,241.0,567.0,False,0.0,8.0,1.0,False,16.0,19.0,True,1
89800,Regional Tournament,2019.0,1105438.0,F,Central Asia,High school,35-55,Middle,False,0.0,False,0.0,False,36.0,19.0,1.0,244.0,33.0,59.0,False,1.0,0.0,0.0,False,23.0,0.0,False,1
70875,Regional Tournament,2019.0,301987.0,F,East Asia,High school,0-35,Middle-Low,False,0.0,False,0.0,False,279.0,32.0,3.0,,24.0,86.0,,4.0,0.0,0.0,False,5.0,,True,1
70486,Local Match,2022.0,650048.0,M,East Asia,Middle school,0-35,High,False,0.0,False,60.0,False,20.0,35.0,0.0,7.0,12.0,0.0,False,0.0,0.0,0.0,False,0.0,0.0,False,0
52526,Local Match,2019.0,304240.0,M,Oceania,High school,0-35,High,False,0.0,False,30.0,True,138.0,277.0,3.0,237.0,141.0,,False,0.0,2.0,0.0,False,8.0,0.0,True,1
34507,Regional Tournament,2021.0,1955634.0,F,Western Europe,University Degree,35-55,High,False,0.0,False,0.0,False,350.0,145.0,0.0,173.0,226.0,130.0,False,1.0,0.0,0.0,False,36.0,0.0,False,1
63790,Federation League,2019.0,511453.0,M,Middle East,High school,0-35,Middle-Low,False,0.0,False,0.0,False,144.0,266.0,0.0,14.0,151.0,4.0,False,0.0,50.0,0.0,False,12.0,0.0,True,1
40692,Regional Tournament,2019.0,553078.0,F,Central America,High school,0-35,Middle,False,0.0,False,0.0,False,60.0,8.0,0.0,115.0,14.0,74.0,False,1.0,0.0,0.0,False,3.0,0.0,False,1
44083,Local Match,2019.0,573152.0,M,Southern Europe,High school,0-35,Middle-Low,False,0.0,False,0.0,True,305.0,1887.0,0.0,77.0,261.0,608.0,False,1.0,4.0,5.0,False,12.0,7.0,True,1
28168,Continental Championship,2022.0,693478.0,M,Western Europe,High school,0-35,High,False,0.0,False,0.0,False,79.0,191.0,0.0,10.0,3.0,76.0,False,0.0,11.0,0.0,False,14.0,0.0,True,1
39002,Regional Tournament,2019.0,569141.0,F,Central America,Middle school,0-35,Low,False,0.0,False,0.0,False,72.0,22.0,0.0,46.0,31.0,79.0,False,0.0,0.0,0.0,False,18.0,0.0,False,1
71814,Regional Tournament,2019.0,446873.0,F,Northern Africa,Middle school,0-35,Low,,0.0,False,30.0,False,40.0,8.0,0.0,0.0,8.0,3.0,False,0.0,0.0,0.0,False,7.0,0.0,False,0
93299,Local Match,2022.0,645078.0,M,Oceania,High school,0-35,Middle-Low,False,0.0,False,0.0,False,490.0,2380.0,0.0,289.0,386.0,500.0,True,26.0,17.0,15.0,False,31.0,15.0,True,1
82520,Federation League,2022.0,639766.0,F,Northern Africa,High school,0-35,High,False,0.0,False,0.0,False,574.0,349.0,0.0,777.0,343.0,12.0,False,17.0,0.0,0.0,False,19.0,0.0,True,1
35869,Federation League,2021.0,632790.0,M,Middle East,University Degree,0-35,High,False,0.0,False,0.0,False,225.0,542.0,0.0,93.0,289.0,11.0,False,7.0,66.0,0.0,False,,0.0,True,1
26268,Local Match,2019.0,583824.0,M,East Asia,Middle school,0-35,High,False,0.0,False,0.0,True,419.0,1346.0,0.0,713.0,441.0,1136.0,False,1.0,12.0,27.0,False,61.0,3.0,True,1
18542,Continental Championship,2022.0,464957.0,M,South America,High school,0-35,Middle-Low,False,0.0,False,30.0,False,113.0,258.0,0.0,145.0,27.0,4.0,False,5.0,39.0,0.0,False,12.0,0.0,False,0
22206,Regional Tournament,2022.0,698420.0,F,Central Asia,University Degree,35-55,Middle-High,False,0.0,False,60.0,False,177.0,880.0,1.0,52.0,28.0,115.0,False,10.0,0.0,14.0,False,0.0,0.0,True,1
61052,Regional Tournament,2022.0,126769.0,F,Eastern Europe,Middle school,0-35,Low,False,1.0,False,0.0,False,225.0,820.0,5.0,40.0,56.0,197.0,False,5.0,0.0,13.0,False,1.0,0.0,False,1
30488,National Cup,2022.0,580714.0,M,Southern Europe,High school,0-35,High,False,0.0,False,0.0,False,129.0,19.0,0.0,259.0,72.0,500.0,False,0.0,0.0,0.0,False,1.0,0.0,False,1
65529,World Championship,2019.0,590593.0,F,Northern Africa,Middle school,35-55,Low,False,0.0,False,,False,421.0,589.0,0.0,859.0,52.0,107.0,False,0.0,0.0,0.0,False,0.0,0.0,True,1
13800,National Cup,2021.0,135330.0,M,North America,University Degree,35-55,High,False,0.0,False,0.0,False,90.0,21.0,0.0,31.0,35.0,57.0,False,0.0,0.0,0.0,False,8.0,0.0,False,0
90090,Regional Tournament,2019.0,385040.0,F,Eastern Europe,High school,0-35,Middle,True,0.0,False,60.0,False,20.0,5.0,0.0,15.0,11.0,14.0,False,0.0,0.0,0.0,False,4.0,0.0,False,0
81046,Regional Tournament,2019.0,600579.0,F,Oceania,Middle school,0-35,Middle-Low,False,0.0,False,0.0,False,19.0,8.0,0.0,1.0,8.0,0.0,False,0.0,0.0,0.0,False,7.0,0.0,False,0
19880,Olympic Games,2019.0,2171627.0,F,Southern Europe,High school,35-55,Middle-Low,False,0.0,False,0.0,False,218.0,646.0,0.0,412.0,50.0,0.0,False,2.0,0.0,0.0,False,5.0,13.0,True,1
42070,World Championship,2019.0,549909.0,M,Western Europe,University Degree,0-35,Middle-High,False,0.0,False,30.0,False,156.0,480.0,1.0,32.0,11.0,107.0,False,0.0,0.0,0.0,False,0.0,0.0,True,1
42487,Regional Tournament,2021.0,363396.0,F,Middle East,High school,0-35,Middle-Low,False,0.0,False,0.0,False,184.0,42.0,0.0,160.0,32.0,85.0,False,0.0,0.0,0.0,False,50.0,0.0,False,1
67259,World Championship,2021.0,561441.0,F,East Asia,Middle school,35-55,Middle,False,1.0,False,0.0,False,51.0,80.0,2.0,2.0,36.0,0.0,False,0.0,0.0,0.0,False,0.0,0.0,False,0
14803,Local Match,2022.0,591525.0,M,Oceania,High school,35-55,Middle-High,False,0.0,False,60.0,False,738.0,660.0,0.0,518.0,382.0,844.0,True,9.0,30.0,2.0,False,58.0,7.0,True,1
71408,Local Match,,478583.0,F,South America,High school,0-35,Middle-Low,False,0.0,False,10.0,False,86.0,168.0,0.0,87.0,73.0,110.0,False,1.0,4.0,0.0,False,1.0,0.0,True,0
22767,Federation League,2019.0,435587.0,M,South Asia,Elementary school,0-35,High,False,0.0,False,90.0,False,130.0,180.0,0.0,66.0,169.0,2.0,False,2.0,95.0,0.0,False,5.0,0.0,True,1
60317,Continental Championship,2022.0,679569.0,M,North America,University Degree,0-35,High,False,0.0,False,0.0,False,117.0,179.0,0.0,84.0,71.0,85.0,False,0.0,96.0,0.0,False,14.0,0.0,True,1
42654,National Cup,2022.0,1345808.0,F,North America,University Degree,35-55,Middle-Low,False,0.0,False,,False,229.0,297.0,0.0,121.0,76.0,323.0,False,0.0,0.0,0.0,False,3.0,0.0,False,0
39214,Federation League,2022.0,677632.0,F,East Asia,High school,0-35,Middle-Low,False,0.0,False,0.0,False,92.0,85.0,0.0,0.0,31.0,2.0,False,1.0,0.0,0.0,False,7.0,0.0,True,0
39479,Local Match,2021.0,529458.0,M,Southern Africa,Middle school,35-55,High,False,1.0,False,0.0,False,109.0,110.0,0.0,233.0,81.0,9.0,False,0.0,8.0,0.0,False,6.0,0.0,True,0
92544,Olympic Games,2022.0,574505.0,F,Eastern Europe,University Degree,0-35,Middle,False,0.0,False,60.0,False,137.0,684.0,0.0,6.0,18.0,0.0,False,0.0,0.0,0.0,False,0.0,5.0,True,1
18536,Continental Championship,2019.0,585471.0,M,Southern Europe,,0-35,High,False,0.0,False,0.0,False,768.0,1796.0,0.0,593.0,75.0,151.0,False,1.0,582.0,0.0,False,83.0,5.0,True,1
34246,Local Match,2021.0,2545629.0,F,Central Asia,High school,0-35,Low,True,0.0,False,0.0,True,185.0,426.0,0.0,34.0,167.0,586.0,False,3.0,19.0,11.0,False,10.0,0.0,True,1
17224,Continental Championship,2019.0,566071.0,M,Middle East,Middle school,0-35,Middle-Low,False,0.0,False,0.0,False,154.0,286.0,0.0,75.0,20.0,123.0,False,1.0,11.0,0.0,False,31.0,14.0,False,0
70700,Federation League,2019.0,418159.0,M,North America,Middle school,0-35,Middle-High,False,0.0,False,0.0,False,108.0,143.0,0.0,33.0,73.0,5.0,False,2.0,51.0,0.0,False,4.0,0.0,True,0
84969,Local Match,2019.0,564702.0,M,East Asia,High school,0-35,Middle-Low,False,0.0,False,30.0,True,524.0,1349.0,0.0,324.0,296.0,636.0,False,1.0,12.0,19.0,,28.0,4.0,True,1
47079,Regional Tournament,2020.0,554830.0,M,Western Europe,High school,35-55,High,False,0.0,False,60.0,False,142.0,64.0,1.0,184.0,134.0,62.0,False,0.0,0.0,0.0,False,16.0,0.0,False,0
87371,Regional Tournament,2022.0,656253.0,F,Southern Africa,Middle school,0-35,Middle,False,0.0,False,0.0,False,37.0,279.0,0.0,24.0,5.0,0.0,False,2.0,0.0,0.0,False,0.0,0.0,False,1
99239,Continental Championship,2022.0,597732.0,M,Southern Europe,University Degree,55<=,High,False,0.0,False,,False,198.0,893.0,0.0,137.0,46.0,154.0,False,34.0,228.0,0.0,False,65.0,1.0,True,1
47629,Regional Tournament,2019.0,536632.0,F,Southern Africa,University Degree,0-35,Middle-High,False,0.0,False,0.0,False,49.0,13.0,0.0,19.0,7.0,60.0,False,0.0,0.0,0.0,False,10.0,0.0,False,1
45933,Federation League,2020.0,2281292.0,M,North America,High school,35-55,High,False,0.0,False,0.0,False,149.0,124.0,0.0,117.0,267.0,19.0,False,0.0,6.0,0.0,False,,0.0,False,1
47128,Regional Tournament,2022.0,569589.0,F,Oceania,Middle school,35-55,Middle,False,0.0,False,0.0,False,372.0,1222.0,16.0,1488.0,80.0,116.0,False,0.0,0.0,13.0,False,3.0,0.0,True,1
17194,World Championship,2019.0,589748.0,F,Oceania,Middle school,35-55,Middle,False,0.0,False,,False,223.0,171.0,0.0,58.0,17.0,104.0,False,0.0,0.0,0.0,False,0.0,0.0,True,1
27550,World Championship,2019.0,570141.0,F,Western Europe,High school,0-35,Middle-High,False,0.0,False,,False,67.0,212.0,0.0,0.0,10.0,94.0,False,0.0,0.0,0.0,False,0.0,0.0,True,1
13154,World Championship,2019.0,603365.0,M,South Asia,Middle school,0-35,Low,False,0.0,False,,False,9.0,8.0,0.0,0.0,2.0,0.0,False,0.0,0.0,0.0,False,0.0,0.0,False,0
16288,Continental Championship,2022.0,648469.0,M,Western Europe,High school,0-35,High,False,0.0,False,,False,337.0,722.0,0.0,1542.0,49.0,133.0,False,26.0,314.0,0.0,False,42.0,0.0,True,1
37351,World Championship,2019.0,349360.0,F,South America,High school,35-55,Middle,False,0.0,False,,False,154.0,124.0,2.0,220.0,23.0,180.0,False,0.0,0.0,0.0,False,0.0,0.0,True,1
12500,Regional Tournament,2022.0,686822.0,F,Western Europe,High school,0-35,Middle-High,True,0.0,False,0.0,False,125.0,561.0,1.0,47.0,51.0,219.0,False,9.0,0.0,4.0,False,1.0,0.0,True,1
91830,Regional Tournament,2020.0,539232.0,F,Oceania,High school,0-35,High,False,0.0,False,60.0,False,83.0,22.0,0.0,37.0,43.0,55.0,False,0.0,0.0,0.0,False,7.0,0.0,False,0
51342,Regional Tournament,2022.0,606535.0,M,Eastern Europe,Middle school,35-55,,False,0.0,False,0.0,False,930.0,2570.0,14.0,347.0,46.0,705.0,False,54.0,0.0,11.0,False,3.0,0.0,True,1
31164,Federation League,2019.0,442547.0,M,Southern Europe,High school,0-35,Middle-Low,False,0.0,False,30.0,False,193.0,180.0,0.0,64.0,190.0,5.0,False,2.0,23.0,0.0,False,7.0,0.0,True,0
20277,Regional Tournament,2022.0,633902.0,F,Southern Europe,University Degree,0-35,Low,False,0.0,False,0.0,False,275.0,2481.0,0.0,23.0,41.0,248.0,False,4.0,0.0,17.0,False,4.0,0.0,False,1
43737,Local Match,2021.0,626403.0,M,Central America,Middle school,0-35,Low,False,0.0,False,0.0,False,91.0,128.0,0.0,52.0,133.0,14.0,False,0.0,0.0,0.0,False,15.0,0.0,False,0
54503,Local Match,2019.0,316541.0,F,North America,University Degree,0-35,Middle-Low,False,0.0,False,60.0,True,543.0,2958.0,0.0,822.0,264.0,636.0,False,0.0,20.0,8.0,False,29.0,8.0,True,1
37862,Federation League,2020.0,345568.0,F,Oceania,High school,0-35,Low,False,0.0,False,0.0,False,45.0,104.0,0.0,10.0,42.0,6.0,False,0.0,2.0,0.0,False,19.0,0.0,False,0
46709,National Cup,2022.0,679886.0,M,South America,University Degree,35-55,Middle-Low,False,0.0,False,0.0,False,456.0,446.0,0.0,6.0,132.0,1418.0,False,0.0,0.0,0.0,False,24.0,0.0,False,1
42535,Continental Championship,2021.0,566337.0,M,Middle East,University Degree,0-35,High,False,0.0,False,30.0,False,53.0,170.0,0.0,20.0,14.0,1.0,False,10.0,237.0,0.0,False,8.0,0.0,False,0
52233,Regional Tournament,2021.0,620129.0,F,Southern Europe,High school,0-35,Middle,False,0.0,False,60.0,False,37.0,12.0,0.0,12.0,5.0,68.0,False,2.0,0.0,0.0,False,1.0,0.0,False,1
13853,Local Match,2020.0,543415.0,M,East Asia,Middle school,0-35,High,True,0.0,False,30.0,False,555.0,984.0,0.0,472.0,329.0,596.0,False,0.0,35.0,47.0,False,30.0,66.0,True,1
50781,Local Match,2021.0,513701.0,M,Northern Africa,High school,0-35,Low,False,1.0,False,30.0,True,222.0,381.0,0.0,174.0,113.0,443.0,False,0.0,0.0,0.0,False,11.0,0.0,True,1
25156,World Championship,2022.0,648522.0,F,Eastern Europe,Middle school,0-35,Low,False,0.0,False,,False,106.0,327.0,2.0,67.0,33.0,80.0,False,0.0,0.0,0.0,False,0.0,0.0,True,1
55702,Local Match,2021.0,625800.0,F,Eastern Europe,High school,0-35,Low,False,0.0,False,0.0,False,58.0,209.0,0.0,84.0,81.0,69.0,False,1.0,1.0,0.0,False,6.0,0.0,False,0
15004,Local Match,2019.0,53166.0,F,South Asia,Middle school,0-35,Middle,False,0.0,False,0.0,True,279.0,1173.0,0.0,219.0,236.0,918.0,False,0.0,14.0,0.0,False,17.0,0.0,True,1
96649,Continental Championship,2019.0,965763.0,M,Northern Africa,High school,35-55,Middle,False,0.0,False,30.0,False,182.0,836.0,0.0,30.0,7.0,205.0,False,0.0,200.0,0.0,False,15.0,2.0,True,1
43959,Federation League,2020.0,444576.0,F,Western Europe,High school,0-35,Middle-Low,False,0.0,False,0.0,False,191.0,177.0,0.0,197.0,45.0,8.0,False,0.0,33.0,0.0,False,51.0,1.0,False,0
55697,World Championship,2021.0,621755.0,F,Oceania,Middle school,0-35,Middle-Low,True,0.0,False,,False,300.0,564.0,30.0,50.0,36.0,119.0,False,0.0,0.0,0.0,False,0.0,0.0,True,1
48591,Local Match,2020.0,552721.0,M,Middle East,Middle school,0-35,High,False,0.0,False,0.0,False,225.0,1144.0,0.0,295.0,296.0,726.0,False,0.0,0.0,0.0,False,10.0,52.0,True,1
58690,Federation League,2019.0,380429.0,F,North America,University Degree,35-55,High,False,1.0,False,0.0,False,186.0,66.0,0.0,426.0,238.0,24.0,False,22.0,82.0,0.0,False,29.0,0.0,True,1
28169,National Cup,2021.0,599542.0,M,North America,Middle school,0-35,Low,False,0.0,False,30.0,False,72.0,57.0,0.0,88.0,15.0,101.0,False,0.0,0.0,0.0,False,1.0,0.0,False,0
42955,Federation League,2019.0,600242.0,F,Southern Europe,Middle school,35-55,Middle,False,0.0,False,0.0,False,529.0,244.0,0.0,1059.0,235.0,6.0,False,44.0,138.0,0.0,False,33.0,0.0,True,1
98302,Continental Championship,2022.0,2004220.0,M,East Asia,High school,35-55,High,False,0.0,False,,False,95.0,190.0,0.0,78.0,22.0,109.0,False,0.0,1.0,0.0,False,10.0,0.0,False,1
16084,Local Match,2022.0,695926.0,M,Middle East,Middle school,0-35,Middle-Low,False,0.0,False,60.0,False,166.0,379.0,0.0,225.0,118.0,132.0,True,2.0,35.0,3.0,False,17.0,0.0,True,0
76074,Regional Tournament,2021.0,633386.0,F,North America,Middle school,35-55,Middle,False,0.0,False,60.0,False,130.0,51.0,0.0,195.0,108.0,78.0,False,0.0,0.0,0.0,False,,0.0,False,1
45112,Regional Tournament,2019.0,600449.0,F,Oceania,High school,0-35,Middle-Low,False,0.0,False,0.0,False,20.0,0.0,0.0,59.0,0.0,18.0,False,0.0,0.0,0.0,False,0.0,0.0,False,0
28526,Regional Tournament,2022.0,685830.0,F,Western Europe,University Degree,0-35,High,False,0.0,False,0.0,False,182.0,780.0,1.0,142.0,33.0,94.0,False,0.0,0.0,0.0,False,1.0,0.0,True,1
74775,Federation League,2021.0,581648.0,F,Southern Africa,High school,35-55,High,False,1.0,False,120.0,False,269.0,158.0,0.0,190.0,307.0,11.0,False,13.0,101.0,0.0,False,38.0,0.0,True,1
61608,Federation League,2022.0,2605337.0,M,Southern Europe,Middle school,35-55,Middle-Low,False,0.0,False,0.0,False,1034.0,112.0,2.0,1775.0,259.0,30.0,False,49.0,0.0,0.0,False,83.0,0.0,True,1
37487,Regional Tournament,2021.0,634280.0,M,Eastern Europe,University Degree,0-35,Middle-Low,False,0.0,False,60.0,False,324.0,59.0,0.0,296.0,102.0,115.0,False,0.0,0.0,0.0,False,16.0,0.0,True,1
79616,Olympic Games,2022.0,1045203.0,M,Central America,Middle school,35-55,Low,False,0.0,False,0.0,False,1071.0,1274.0,5.0,,252.0,0.0,False,4.0,0.0,0.0,False,95.0,2.0,False,1
86271,Regional Tournament,2020.0,2019837.0,F,Northern Africa,High school,35-55,Middle-Low,False,0.0,False,0.0,False,116.0,17.0,0.0,191.0,58.0,32.0,False,0.0,0.0,0.0,False,17.0,0.0,False,0
57628,Federation League,2022.0,618033.0,F,Oceania,High school,35-55,Low,True,0.0,False,0.0,False,301.0,352.0,2.0,26.0,73.0,39.0,False,14.0,0.0,0.0,False,11.0,0.0,False,0
75844,Local Match,2022.0,582117.0,M,Middle East,Middle school,0-35,Middle-Low,False,0.0,False,0.0,False,157.0,780.0,0.0,310.0,157.0,731.0,True,0.0,13.0,6.0,False,14.0,18.0,True,1
22955,Federation League,2022.0,638051.0,M,Oceania,Middle school,0-35,Middle,False,0.0,False,0.0,False,202.0,125.0,2.0,18.0,26.0,7.0,False,48.0,0.0,0.0,False,5.0,0.0,True,0
54276,Continental Championship,2019.0,591944.0,M,South Asia,Middle school,0-35,Middle,False,0.0,False,30.0,False,170.0,338.0,0.0,48.0,37.0,91.0,False,2.0,124.0,0.0,False,23.0,2.0,True,0
45200,Regional Tournament,2021.0,554004.0,M,Central Asia,University Degree,,Middle-Low,False,1.0,False,60.0,False,307.0,137.0,2.0,260.0,124.0,101.0,False,0.0,0.0,0.0,False,17.0,0.0,False,1
65134,Federation League,2019.0,523583.0,F,South America,High school,35-55,Middle-Low,True,0.0,False,60.0,False,61.0,55.0,0.0,18.0,91.0,3.0,False,3.0,25.0,0.0,False,19.0,0.0,False,0
36894,Regional Tournament,2022.0,2692969.0,F,North America,University Degree,35-55,High,False,0.0,False,15.0,False,824.0,510.0,1.0,507.0,110.0,424.0,False,29.0,0.0,0.0,False,3.0,0.0,True,1
74626,Local Match,2022.0,685004.0,M,Oceania,Middle school,0-35,Low,False,0.0,False,30.0,False,103.0,154.0,0.0,183.0,127.0,270.0,True,2.0,1.0,0.0,False,5.0,0.0,True,0
18668,Regional Tournament,2022.0,692207.0,F,Southern Africa,Middle school,0-35,Middle,False,0.0,False,0.0,False,19.0,115.0,0.0,0.0,1.0,20.0,False,0.0,0.0,0.0,False,0.0,0.0,True,1
68833,National Cup,2022.0,644516.0,M,South Asia,Middle school,35-55,High,False,0.0,False,60.0,False,25.0,13.0,0.0,23.0,14.0,41.0,False,0.0,0.0,0.0,False,8.0,0.0,False,0
14643,Federation League,2020.0,550725.0,M,Middle East,High school,0-35,Low,False,0.0,False,0.0,False,303.0,73.0,0.0,303.0,245.0,14.0,False,0.0,199.0,0.0,False,38.0,0.0,True,1
36083,National Cup,2022.0,694680.0,M,East Asia,University Degree,35-55,Middle-Low,False,0.0,False,0.0,False,223.0,169.0,0.0,16.0,102.0,365.0,False,12.0,0.0,0.0,False,28.0,0.0,False,1
55548,World Championship,2021.0,628881.0,F,Western Europe,Middle school,0-35,Low,False,0.0,False,,False,138.0,285.0,0.0,182.0,23.0,89.0,False,0.0,0.0,0.0,False,0.0,0.0,True,1
56268,Local Match,2021.0,624014.0,M,Middle East,Middle school,0-35,Middle-High,False,0.0,False,60.0,False,176.0,53.0,0.0,122.0,57.0,126.0,False,0.0,11.0,0.0,False,6.0,0.0,True,0
24025,Local Match,2019.0,576205.0,F,Southern Europe,Middle school,0-35,Middle-High,False,0.0,False,0.0,True,624.0,1597.0,0.0,983.0,391.0,1367.0,False,8.0,31.0,27.0,False,39.0,12.0,True,1
91663,Regional Tournament,2022.0,685829.0,M,Western Europe,High school,35-55,Low,False,0.0,False,0.0,False,113.0,268.0,0.0,20.0,16.0,1.0,False,4.0,0.0,0.0,False,1.0,0.0,False,1
97066,Local Match,2022.0,642939.0,M,East Asia,Middle school,35-55,Middle,False,0.0,False,0.0,False,158.0,331.0,0.0,89.0,126.0,108.0,True,0.0,23.0,3.0,False,3.0,0.0,True,0
64278,Local Match,2021.0,2532785.0,F,Southern Europe,High school,0-35,Middle,False,0.0,False,0.0,True,509.0,1875.0,0.0,740.0,317.0,910.0,False,5.0,57.0,18.0,False,57.0,35.0,True,1
88558,Regional Tournament,2022.0,527102.0,F,Western Europe,High school,0-35,High,False,0.0,False,60.0,False,65.0,77.0,0.0,26.0,30.0,0.0,False,4.0,0.0,0.0,False,0.0,0.0,True,0
21970,Regional Tournament,2020.0,429494.0,F,Central Asia,Middle school,0-35,Middle-Low,False,2.0,False,140.0,False,40.0,6.0,0.0,76.0,14.0,15.0,False,0.0,0.0,0.0,False,0.0,0.0,True,0
94614,Regional Tournament,2021.0,586712.0,F,Central Asia,High school,35-55,Middle,False,0.0,False,60.0,False,454.0,350.0,1.0,806.0,144.0,115.0,False,1.0,0.0,0.0,False,46.0,0.0,True,1
63371,Continental Championship,2019.0,610503.0,M,Eastern Europe,High school,0-35,Middle-Low,False,0.0,False,0.0,False,206.0,339.0,0.0,,13.0,96.0,False,1.0,104.0,0.0,False,29.0,10.0,False,1
10292,Federation League,2020.0,550183.0,M,South Asia,High school,0-35,Low,False,0.0,False,0.0,False,58.0,25.0,0.0,5.0,24.0,4.0,False,0.0,1.0,0.0,False,24.0,1.0,False,0
23526,Regional Tournament,2019.0,607887.0,F,East Asia,Middle school,0-35,High,False,0.0,False,0.0,False,69.0,49.0,0.0,77.0,29.0,76.0,False,0.0,0.0,0.0,False,2.0,0.0,False,1
89541,National Cup,2022.0,620484.0,M,North America,Middle school,35-55,Middle-Low,False,0.0,False,,False,448.0,680.0,0.0,684.0,154.0,802.0,False,39.0,0.0,0.0,False,18.0,0.0,False,0
83825,National Cup,2022.0,522754.0,M,Middle East,High school,0-35,Low,True,0.0,False,0.0,False,62.0,13.0,0.0,29.0,15.0,178.0,False,0.0,0.0,0.0,False,4.0,0.0,False,1
32787,World Championship,2019.0,1969985.0,F,South America,Middle school,35-55,Low,True,0.0,False,,False,206.0,261.0,1.0,17.0,16.0,188.0,False,0.0,0.0,0.0,False,0.0,0.0,True,1
12787,Federation League,2019.0,573689.0,M,Central Asia,Middle school,0-35,High,False,0.0,False,0.0,False,486.0,206.0,2.0,473.0,267.0,4.0,False,13.0,79.0,0.0,False,18.0,0.0,True,1
29034,Federation League,2022.0,691428.0,M,Southern Europe,High school,0-35,Middle,False,0.0,False,60.0,False,52.0,209.0,0.0,5.0,30.0,3.0,False,2.0,0.0,0.0,False,8.0,0.0,False,0
93686,Federation League,2021.0,621908.0,M,Northern Africa,Middle school,0-35,Middle-Low,False,0.0,False,0.0,False,98.0,179.0,0.0,56.0,58.0,1.0,False,2.0,25.0,0.0,False,5.0,0.0,True,0
37617,Regional Tournament,2022.0,511295.0,F,North America,University Degree,35-55,Low,False,0.0,False,0.0,False,16.0,15.0,0.0,0.0,4.0,0.0,False,0.0,0.0,0.0,False,1.0,0.0,False,0
51193,National Cup,2021.0,1855583.0,F,North America,University Degree,35-55,Middle,False,0.0,False,0.0,False,122.0,18.0,0.0,70.0,70.0,402.0,False,20.0,0.0,0.0,False,9.0,0.0,False,1
29705,Local Match,2020.0,2419926.0,M,East Asia,University Degree,0-35,High,False,0.0,False,20.0,False,255.0,1229.0,0.0,99.0,190.0,551.0,False,0.0,20.0,11.0,False,22.0,14.0,True,1
90775,Local Match,2019.0,586781.0,M,East Asia,University Degree,35-55,Middle,False,0.0,False,0.0,True,836.0,2931.0,13.0,914.0,779.0,1055.0,False,9.0,44.0,44.0,False,92.0,51.0,True,1
65590,National Cup,2021.0,409540.0,M,Northern Africa,University Degree,0-35,Middle-Low,False,0.0,False,,False,37.0,4.0,0.0,0.0,12.0,233.0,False,0.0,0.0,0.0,False,2.0,0.0,False,0
18022,Local Match,2021.0,627524.0,M,Middle East,High school,0-35,High,False,0.0,False,60.0,False,36.0,244.0,0.0,22.0,41.0,0.0,False,0.0,0.0,0.0,False,0.0,0.0,False,0
94653,National Cup,2021.0,124193.0,M,Western Europe,University Degree,35-55,Middle,False,0.0,False,,False,224.0,67.0,0.0,144.0,136.0,365.0,False,0.0,0.0,0.0,False,9.0,0.0,False,1
30758,Regional Tournament,2020.0,476297.0,F,North America,High school,35-55,Middle,False,1.0,False,60.0,False,112.0,15.0,1.0,90.0,53.0,93.0,False,0.0,0.0,0.0,False,4.0,3.0,False,0
11067,World Championship,2022.0,655201.0,F,Southern Europe,Middle school,0-35,Low,False,0.0,False,,False,44.0,21.0,0.0,4.0,5.0,69.0,False,0.0,0.0,0.0,False,0.0,0.0,True,0
38560,Regional Tournament,2019.0,533091.0,M,Northern Africa,Middle school,35-55,High,False,0.0,False,0.0,False,30.0,19.0,0.0,28.0,11.0,58.0,False,0.0,0.0,0.0,False,0.0,0.0,False,1
69080,Local Match,2019.0,593022.0,M,Northern Africa,High school,0-35,High,False,0.0,False,0.0,True,685.0,2315.0,0.0,648.0,465.0,527.0,False,10.0,28.0,45.0,False,58.0,55.0,True,1
90318,Regional Tournament,2022.0,613102.0,F,Northern Africa,High school,35-55,Middle-Low,False,0.0,False,0.0,False,179.0,437.0,2.0,232.0,12.0,51.0,False,3.0,0.0,3.0,False,0.0,0.0,True,1
55092,World Championship,2021.0,632559.0,F,South America,High school,35-55,Middle-Low,False,0.0,False,,False,166.0,302.0,1.0,221.0,53.0,96.0,False,0.0,0.0,0.0,False,0.0,0.0,True,1
48737,Regional Tournament,2019.0,610763.0,M,Central America,University Degree,0-35,High,False,0.0,False,0.0,False,56.0,32.0,0.0,36.0,19.0,76.0,False,0.0,0.0,0.0,False,2.0,0.0,False,1
79041,Regional Tournament,2022.0,643321.0,F,Northern Africa,University Degree,35-55,Middle-High,False,0.0,False,60.0,False,234.0,723.0,1.0,142.0,43.0,143.0,False,16.0,0.0,9.0,False,5.0,0.0,True,1
33506,Continental Championship,2019.0,485582.0,M,North America,University Degree,35-55,Middle,True,0.0,False,,False,331.0,1198.0,0.0,387.0,43.0,127.0,False,0.0,18.0,0.0,False,68.0,5.0,True,1
60548,Local Match,2021.0,623474.0,M,Northern Africa,Middle school,0-35,High,False,0.0,False,0.0,False,91.0,121.0,0.0,46.0,41.0,26.0,False,0.0,20.0,3.0,False,4.0,0.0,False,0
35191,Regional Tournament,2022.0,649749.0,F,North America,High school,0-35,Middle,False,0.0,False,0.0,False,331.0,1305.0,23.0,183.0,71.0,60.0,False,10.0,0.0,7.0,False,5.0,0.0,False,1
84737,Local Match,2019.0,592014.0,M,South America,Middle school,0-35,Middle-Low,False,0.0,False,60.0,True,228.0,1226.0,0.0,86.0,268.0,981.0,False,1.0,15.0,4.0,False,12.0,1.0,True,1
16682,Local Match,2019.0,572199.0,M,South America,Middle school,0-35,Low,False,0.0,False,0.0,False,22.0,54.0,0.0,5.0,29.0,0.0,False,2.0,0.0,0.0,False,6.0,0.0,False,0
18640,Local Match,2022.0,656323.0,M,Middle East,Middle school,0-35,High,True,0.0,False,60.0,False,246.0,759.0,0.0,136.0,333.0,1033.0,True,12.0,5.0,0.0,False,31.0,0.0,True,1
43095,Federation League,2019.0,2388030.0,M,North America,High school,0-35,Middle,False,3.0,False,0.0,False,83.0,83.0,0.0,3.0,89.0,8.0,False,0.0,23.0,0.0,False,11.0,0.0,True,0
69029,Local Match,2022.0,636704.0,F,East Asia,High school,0-35,Low,False,0.0,False,60.0,False,196.0,313.0,0.0,114.0,249.0,813.0,True,9.0,2.0,0.0,False,17.0,0.0,True,0
91396,Regional Tournament,2022.0,684931.0,F,Oceania,Middle school,0-35,High,True,0.0,False,0.0,False,280.0,195.0,2.0,278.0,45.0,386.0,False,53.0,0.0,0.0,False,0.0,0.0,True,1
90455,Regional Tournament,2022.0,606105.0,F,Eastern Europe,High school,0-35,Low,False,0.0,False,0.0,False,,83.0,0.0,17.0,11.0,1.0,False,1.0,0.0,0.0,False,0.0,0.0,False,1
60446,Regional Tournament,2021.0,628954.0,F,East Asia,Middle school,0-35,High,False,0.0,False,0.0,False,106.0,23.0,0.0,103.0,31.0,78.0,False,2.0,0.0,0.0,False,7.0,0.0,True,1
69488,Federation League,2019.0,599577.0,F,East Asia,High school,35-55,High,False,0.0,False,0.0,False,4448.0,1896.0,38.0,5282.0,2688.0,316.0,False,54.0,574.0,0.0,False,635.0,0.0,True,1
78785,Local Match,2019.0,349219.0,M,Eastern Europe,High school,0-35,High,False,1.0,False,140.0,False,153.0,69.0,0.0,37.0,112.0,210.0,False,0.0,0.0,0.0,False,0.0,0.0,True,0
60330,Federation League,2019.0,63566.0,M,Oceania,University Degree,55<=,Middle-High,False,0.0,False,60.0,False,334.0,161.0,1.0,159.0,369.0,4.0,False,11.0,129.0,0.0,False,64.0,0.0,True,0
72613,Regional Tournament,2019.0,607725.0,F,Oceania,High school,0-35,Middle-High,False,0.0,False,0.0,False,53.0,27.0,0.0,86.0,21.0,70.0,False,0.0,0.0,0.0,False,6.0,0.0,False,1
53970,Federation League,2019.0,384153.0,F,Southern Europe,Middle school,0-35,Low,False,0.0,False,105.0,False,217.0,101.0,159.0,127.0,125.0,3.0,False,0.0,57.0,0.0,False,18.0,0.0,False,0
23621,Regional Tournament,2022.0,57285.0,F,South America,High school,0-35,Low,False,0.0,False,0.0,False,43.0,157.0,3.0,4.0,58.0,16.0,False,1.0,0.0,0.0,False,1.0,0.0,True,1
58906,Regional Tournament,2022.0,230383.0,F,Southern Europe,High school,0-35,High,False,0.0,False,0.0,False,403.0,2008.0,16.0,398.0,50.0,134.0,False,19.0,0.0,12.0,False,5.0,0.0,True,1
30953,Continental Championship,2021.0,619014.0,M,Southern Europe,High school,0-35,Middle-Low,False,0.0,False,0.0,False,209.0,386.0,,189.0,85.0,67.0,False,0.0,83.0,0.0,False,67.0,0.0,True,1
37114,Regional Tournament,2019.0,593514.0,M,Oceania,High school,0-35,Middle,False,0.0,False,0.0,False,102.0,20.0,0.0,2.0,19.0,112.0,False,0.0,0.0,0.0,False,27.0,0.0,False,0
50841,Continental Championship,2022.0,649718.0,M,Northern Africa,Middle school,0-35,High,False,0.0,False,0.0,False,279.0,935.0,0.0,107.0,8.0,117.0,False,7.0,279.0,0.0,False,26.0,0.0,True,1
26770,Federation League,2022.0,684744.0,F,East Asia,High school,0-35,,False,0.0,False,0.0,False,123.0,177.0,17.0,148.0,111.0,4.0,False,12.0,0.0,0.0,False,9.0,0.0,False,0
28167,Federation League,,604072.0,F,East Asia,High school,0-35,High,False,0.0,False,60.0,False,349.0,202.0,0.0,356.0,102.0,6.0,False,0.0,51.0,0.0,False,6.0,0.0,True,1
63125,Continental Championship,2022.0,688742.0,M,Middle East,Middle school,0-35,High,False,0.0,False,0.0,False,175.0,546.0,0.0,45.0,42.0,275.0,False,0.0,100.0,0.0,False,40.0,0.0,False,1
64575,Federation League,2022.0,123183.0,M,Central America,University Degree,35-55,Middle,False,0.0,False,0.0,False,583.0,236.0,1127.0,497.0,352.0,22.0,False,16.0,0.0,0.0,False,60.0,0.0,True,1
21416,World Championship,2019.0,607018.0,F,Southern Europe,Middle school,0-35,Middle,False,0.0,False,,False,82.0,99.0,0.0,17.0,13.0,69.0,False,0.0,0.0,0.0,False,0.0,0.0,True,0
88958,World Championship,2021.0,620728.0,F,South Asia,Middle school,35-55,Low,False,0.0,False,,False,21.0,31.0,4.0,0.0,10.0,0.0,False,0.0,0.0,0.0,False,0.0,0.0,True,0
42397,National Cup,2022.0,679733.0,M,Central America,Middle school,0-35,Low,False,0.0,False,90.0,False,499.0,262.0,0.0,71.0,229.0,3190.0,False,2.0,0.0,0.0,False,37.0,0.0,True,1
12789,World Championship,2022.0,470900.0,F,Southern Europe,Middle school,35-55,Middle,False,2.0,False,,False,113.0,292.0,2.0,99.0,77.0,192.0,False,0.0,0.0,0.0,False,0.0,0.0,True,1
12242,Local Match,2022.0,199009.0,M,North America,Middle school,0-35,Middle-High,False,0.0,False,30.0,False,278.0,1470.0,0.0,48.0,154.0,539.0,False,0.0,7.0,1.0,False,23.0,1.0,True,1
65374,National Cup,2022.0,125777.0,M,South America,University Degree,35-55,Middle-Low,False,0.0,False,,False,112.0,40.0,0.0,121.0,39.0,116.0,False,2.0,0.0,0.0,False,8.0,0.0,False,0
24536,Local Match,2019.0,590980.0,M,Middle East,Middle school,0-35,Middle-High,False,0.0,False,0.0,True,1142.0,4605.0,0.0,1131.0,808.0,1184.0,False,1.0,55.0,34.0,False,73.0,28.0,True,1
78143,Local Match,2022.0,649165.0,M,East Asia,High school,0-35,High,False,0.0,False,0.0,False,191.0,959.0,0.0,198.0,127.0,581.0,True,0.0,10.0,3.0,False,5.0,0.0,True,1
22208,Regional Tournament,2019.0,604204.0,F,Southern Africa,Middle school,35-55,Middle-Low,False,0.0,False,0.0,False,139.0,89.0,0.0,306.0,25.0,78.0,False,0.0,0.0,0.0,False,10.0,0.0,False,1
87015,Regional Tournament,2019.0,565393.0,F,Eastern Europe,High school,0-35,Middle-Low,False,0.0,False,0.0,False,167.0,68.0,0.0,52.0,58.0,28.0,False,0.0,0.0,0.0,False,22.0,0.0,False,0
69682,Regional Tournament,2020.0,486099.0,F,East Asia,High school,0-35,,False,1.0,False,120.0,False,167.0,34.0,5.0,629.0,58.0,124.0,False,0.0,0.0,0.0,False,11.0,0.0,False,1
86990,Continental Championship,2022.0,677631.0,M,East Asia,High school,0-35,Middle-Low,False,0.0,False,0.0,False,61.0,169.0,0.0,0.0,2.0,2.0,False,3.0,0.0,0.0,False,6.0,0.0,False,0
36750,Local Match,2020.0,146679.0,M,Eastern Europe,Middle school,0-35,Middle-Low,False,1.0,False,140.0,False,75.0,142.0,1.0,159.0,80.0,149.0,False,0.0,17.0,0.0,False,11.0,3.0,True,0
13779,Federation League,2022.0,68417.0,M,North America,Middle school,0-35,Middle-High,False,0.0,False,0.0,False,237.0,315.0,68.0,488.0,129.0,12.0,False,15.0,0.0,0.0,False,6.0,0.0,True,1
62450,Federation League,2020.0,412731.0,F,South America,University Degree,35-55,Middle,False,0.0,False,0.0,False,566.0,324.0,4.0,424.0,269.0,13.0,False,0.0,152.0,0.0,False,32.0,2.0,False,0
14645,Local Match,2022.0,648661.0,M,Middle East,Middle school,35-55,Low,True,0.0,False,0.0,False,103.0,108.0,0.0,150.0,89.0,2.0,True,2.0,0.0,0.0,False,6.0,0.0,True,0
57377,Continental Championship,2019.0,197486.0,M,Central America,University Degree,0-35,High,False,0.0,False,0.0,False,384.0,1230.0,0.0,139.0,114.0,246.0,False,1.0,164.0,0.0,False,45.0,11.0,True,1
99221,Local Match,2019.0,524974.0,M,Oceania,Middle school,0-35,High,False,0.0,False,0.0,True,205.0,832.0,0.0,69.0,287.0,613.0,False,3.0,0.0,0.0,False,12.0,2.0,True,1
78799,Local Match,2021.0,365860.0,M,Central Asia,High school,0-35,High,False,2.0,False,60.0,True,251.0,957.0,0.0,123.0,211.0,550.0,False,0.0,30.0,9.0,False,31.0,5.0,True,1
92612,Local Match,2019.0,175453.0,M,North America,University Degree,0-35,Middle-Low,False,0.0,False,0.0,True,160.0,201.0,0.0,91.0,176.0,660.0,False,0.0,2.0,0.0,False,26.0,0.0,True,1
87185,Federation League,2021.0,618675.0,M,Central America,Middle school,35-55,Middle-Low,False,0.0,False,0.0,False,127.0,128.0,0.0,56.0,100.0,1.0,False,0.0,34.0,0.0,False,2.0,0.0,False,0
60577,Regional Tournament,2021.0,2591974.0,F,Northern Africa,University Degree,35-55,Middle-High,False,0.0,False,60.0,False,165.0,36.0,0.0,103.0,51.0,63.0,False,0.0,0.0,0.0,False,41.0,0.0,True,1
99501,Federation League,2020.0,536926.0,M,North America,High school,0-35,Middle-Low,False,0.0,False,0.0,False,579.0,456.0,0.0,328.0,306.0,30.0,False,0.0,42.0,0.0,False,73.0,60.0,True,1
32913,Federation League,2020.0,549095.0,M,North America,,35-55,Middle,False,0.0,False,0.0,False,643.0,218.0,0.0,612.0,183.0,35.0,False,0.0,67.0,0.0,False,50.0,25.0,False,1
85714,Continental Championship,2019.0,297853.0,M,Middle East,Middle school,0-35,High,False,0.0,False,0.0,False,383.0,1218.0,0.0,160.0,19.0,133.0,False,0.0,444.0,0.0,,114.0,6.0,True,1
11032,National Cup,2022.0,572874.0,M,South America,Middle school,0-35,Low,False,0.0,False,30.0,False,222.0,78.0,0.0,36.0,80.0,188.0,False,0.0,0.0,0.0,False,12.0,0.0,False,1
23579,Regional Tournament,2020.0,542748.0,F,Oceania,Middle school,0-35,Middle,False,0.0,False,0.0,False,95.0,50.0,0.0,75.0,44.0,73.0,False,0.0,0.0,0.0,False,14.0,0.0,False,1
58096,Regional Tournament,2019.0,31849.0,F,Middle East,Middle school,35-55,High,False,0.0,False,60.0,False,336.0,52.0,0.0,651.0,64.0,64.0,False,0.0,0.0,0.0,False,12.0,0.0,False,1
26626,World Championship,2019.0,581414.0,F,Middle East,Middle school,0-35,Middle-High,True,0.0,False,,False,35.0,25.0,0.0,,7.0,103.0,False,0.0,0.0,0.0,False,0.0,0.0,True,1
50027,Federation League,2022.0,648570.0,F,Western Europe,Middle school,0-35,Middle,False,0.0,False,30.0,False,234.0,688.0,1.0,110.0,107.0,9.0,False,38.0,0.0,0.0,False,13.0,0.0,True,1
93284,Regional Tournament,2021.0,598250.0,F,Central Asia,Middle school,0-35,Middle,False,0.0,False,60.0,False,43.0,14.0,0.0,58.0,4.0,31.0,False,0.0,0.0,0.0,False,2.0,0.0,False,0
72287,Regional Tournament,2021.0,578282.0,F,South Asia,Middle school,0-35,Middle-Low,False,0.0,False,60.0,False,62.0,51.0,0.0,54.0,61.0,31.0,False,1.0,0.0,0.0,False,,0.0,False,0
28993,National Cup,2022.0,379255.0,M,Central Asia,High school,0-35,Low,False,0.0,False,,False,42.0,14.0,0.0,9.0,26.0,162.0,False,0.0,0.0,0.0,,1.0,0.0,False,0
39436,Federation League,2021.0,556171.0,M,East Asia,Middle school,35-55,Middle,False,0.0,False,0.0,False,42.0,44.0,0.0,16.0,34.0,0.0,False,1.0,1.0,0.0,False,7.0,0.0,False,0
53212,Federation League,2021.0,624493.0,M,Northern Africa,Middle school,0-35,Low,False,0.0,False,0.0,False,463.0,154.0,0.0,443.0,176.0,15.0,False,2.0,187.0,0.0,False,5.0,0.0,True,1
75291,National Cup,2021.0,2498388.0,F,South Asia,Middle school,0-35,High,True,0.0,False,,False,135.0,238.0,0.0,146.0,98.0,458.0,False,20.0,0.0,0.0,False,5.0,0.0,False,1
49582,National Cup,2021.0,629164.0,M,Eastern Europe,Middle school,0-35,Middle-Low,False,0.0,False,0.0,False,689.0,1900.0,0.0,875.0,431.0,1594.0,False,8.0,0.0,0.0,False,11.0,0.0,False,1
52667,Federation League,2020.0,409091.0,F,Central Asia,High school,35-55,Middle-High,False,0.0,False,0.0,False,298.0,96.0,0.0,334.0,186.0,22.0,False,0.0,99.0,0.0,False,64.0,26.0,False,1
64986,National Cup,2021.0,631699.0,M,South Asia,Post Graduate,0-35,High,False,0.0,False,,False,168.0,67.0,0.0,65.0,74.0,475.0,False,12.0,0.0,,False,10.0,0.0,False,1
40216,Federation League,2021.0,380681.0,,South America,University Degree,0-35,Low,False,0.0,False,0.0,False,78.0,48.0,0.0,61.0,78.0,2.0,False,13.0,48.0,0.0,False,15.0,0.0,True,0
82980,Local Match,2020.0,550123.0,M,Eastern Europe,Middle school,35-55,High,False,0.0,False,0.0,False,430.0,1928.0,0.0,501.0,431.0,737.0,False,0.0,44.0,17.0,False,12.0,22.0,True,1
87376,National Cup,2022.0,529309.0,M,Central Asia,High school,0-35,Middle,False,0.0,False,30.0,False,26.0,48.0,0.0,1.0,17.0,87.0,False,0.0,0.0,0.0,False,4.0,0.0,False,0
19690,Local Match,2021.0,1045091.0,M,Northern Africa,High school,55<=,Middle-Low,False,0.0,False,0.0,False,72.0,89.0,0.0,78.0,50.0,3.0,False,2.0,4.0,0.0,False,8.0,0.0,True,0
29403,Local Match,2022.0,656159.0,M,South America,Middle school,0-35,Low,False,0.0,False,0.0,False,694.0,2330.0,0.0,343.0,675.0,1325.0,True,7.0,37.0,14.0,False,75.0,10.0,True,1
21255,National Cup,2022.0,689399.0,F,Southern Africa,University Degree,35-55,High,False,0.0,False,30.0,False,252.0,891.0,0.0,67.0,150.0,1347.0,False,17.0,0.0,0.0,False,9.0,0.0,False,1
59724,Continental Championship,2019.0,601873.0,M,East Asia,University Degree,0-35,Middle,False,0.0,False,,False,98.0,389.0,0.0,26.0,11.0,89.0,False,0.0,75.0,0.0,False,5.0,8.0,False,1
18450,Regional Tournament,2021.0,233102.0,F,Oceania,Middle school,0-35,Middle-Low,False,1.0,False,140.0,False,276.0,67.0,1.0,224.0,60.0,88.0,False,0.0,0.0,0.0,False,66.0,0.0,False,1
92691,Regional Tournament,2020.0,555035.0,F,South America,Middle school,0-35,Low,False,0.0,False,60.0,False,30.0,5.0,0.0,26.0,13.0,1.0,False,0.0,0.0,0.0,False,2.0,0.0,False,0
26877,Continental Championship,2019.0,404449.0,M,Northern Africa,University Degree,35-55,Low,False,0.0,False,,False,384.0,1300.0,0.0,258.0,38.0,129.0,False,0.0,104.0,0.0,False,38.0,7.0,True,1
84299,Regional Tournament,2022.0,340216.0,F,East Asia,High school,0-35,Middle,False,0.0,False,30.0,False,190.0,722.0,2.0,7.0,31.0,168.0,False,8.0,0.0,9.0,False,2.0,0.0,True,1
76219,Local Match,2020.0,537955.0,M,South Asia,University Degree,0-35,High,False,0.0,False,60.0,False,247.0,1334.0,0.0,240.0,407.0,982.0,False,0.0,11.0,2.0,False,46.0,7.0,True,1
14269,World Championship,2019.0,537181.0,F,East Asia,High school,0-35,Middle-Low,False,0.0,False,,False,68.0,209.0,9.0,10.0,8.0,99.0,False,0.0,0.0,0.0,False,0.0,0.0,True,1
67178,Local Match,2020.0,549369.0,M,Eastern Europe,High school,0-35,Middle-Low,False,0.0,False,0.0,False,221.0,1141.0,0.0,226.0,226.0,722.0,False,0.0,41.0,19.0,False,30.0,33.0,True,1
49307,Local Match,2019.0,2417433.0,M,Central America,High school,35-55,Low,False,2.0,False,30.0,False,152.0,195.0,0.0,24.0,183.0,144.0,False,0.0,11.0,0.0,False,9.0,0.0,True,0
36767,Federation League,2020.0,112245.0,M,East Asia,University Degree,35-55,High,False,0.0,False,0.0,False,561.0,443.0,0.0,343.0,512.0,33.0,False,0.0,171.0,0.0,False,156.0,43.0,True,1
19808,Regional Tournament,2019.0,2584834.0,F,Western Europe,Middle school,35-55,Middle,True,1.0,False,0.0,False,106.0,62.0,0.0,68.0,19.0,201.0,False,1.0,0.0,0.0,False,5.0,0.0,False,1
15577,Regional Tournament,2019.0,577256.0,F,Eastern Europe,High school,0-35,Low,False,0.0,False,60.0,False,125.0,45.0,0.0,50.0,37.0,70.0,False,0.0,0.0,0.0,False,14.0,0.0,False,1
90479,Federation League,2022.0,384499.0,M,Middle East,Middle school,0-35,High,True,0.0,False,0.0,False,513.0,491.0,428.0,16.0,89.0,27.0,False,17.0,0.0,0.0,False,17.0,0.0,True,1
11682,Federation League,2020.0,234978.0,M,East Asia,High school,0-35,High,False,2.0,False,70.0,False,53.0,65.0,0.0,0.0,13.0,6.0,False,0.0,10.0,0.0,False,10.0,0.0,False,0
21808,Local Match,2019.0,606712.0,M,South Asia,Middle school,0-35,Middle-Low,False,0.0,False,0.0,True,220.0,814.0,3.0,230.0,169.0,535.0,False,0.0,29.0,9.0,False,27.0,2.0,True,1
45382,Olympic Games,2019.0,229179.0,M,Eastern Europe,High school,0-35,Middle-Low,False,0.0,False,0.0,False,145.0,322.0,0.0,75.0,53.0,0.0,False,0.0,0.0,0.0,False,19.0,0.0,True,1
20534,Federation League,2022.0,431136.0,M,Central America,High school,0-35,Low,False,2.0,False,0.0,False,121.0,424.0,23.0,1.0,9.0,2.0,False,2.0,0.0,,False,3.0,0.0,False,0
52598,Local Match,2019.0,594319.0,M,North America,University Degree,0-35,Middle-Low,False,0.0,False,0.0,True,1719.0,1780.0,1.0,859.0,234.0,2108.0,False,17.0,5.0,1.0,False,103.0,13.0,True,1
66344,Local Match,2020.0,552834.0,M,Northern Africa,Middle school,0-35,Middle,False,0.0,False,0.0,False,330.0,736.0,0.0,241.0,215.0,72.0,False,0.0,62.0,3.0,False,9.0,2.0,False,0
47125,Regional Tournament,2020.0,547690.0,F,Eastern Europe,High school,35-55,Middle-Low,False,0.0,False,0.0,False,165.0,28.0,3.0,845.0,58.0,72.0,False,0.0,0.0,0.0,False,17.0,0.0,False,1
85000,National Cup,2022.0,27116.0,M,Southern Europe,University Degree,0-35,Middle-High,False,0.0,False,60.0,False,401.0,373.0,0.0,407.0,160.0,448.0,False,52.0,0.0,0.0,False,6.0,0.0,False,1
28290,Federation League,2022.0,410767.0,F,Central Asia,High school,0-35,High,True,1.0,False,30.0,False,1794.0,552.0,43.0,4215.0,833.0,30.0,False,87.0,0.0,0.0,False,72.0,0.0,True,1
47880,Regional Tournament,2019.0,479020.0,F,East Asia,Middle school,35-55,Middle-Low,False,0.0,False,140.0,False,538.0,36.0,0.0,1539.0,60.0,122.0,False,1.0,0.0,0.0,False,14.0,0.0,False,1
61208,Continental Championship,2022.0,2442423.0,M,Central Asia,University Degree,0-35,Middle,False,0.0,False,30.0,False,64.0,165.0,0.0,107.0,21.0,68.0,False,1.0,43.0,0.0,False,9.0,0.0,False,1
41946,Regional Tournament,2020.0,479516.0,F,North America,University Degree,0-35,High,False,0.0,False,0.0,False,137.0,9.0,0.0,265.0,12.0,51.0,False,,0.0,0.0,False,3.0,0.0,False,1
21484,Federation League,2019.0,519211.0,M,Southern Europe,High school,0-35,Middle-Low,False,0.0,False,0.0,False,142.0,183.0,53.0,161.0,84.0,2.0,False,0.0,38.0,0.0,False,8.0,0.0,False,0
21883,National Cup,2021.0,547332.0,F,Eastern Europe,University Degree,35-55,Middle-Low,False,0.0,False,0.0,False,355.0,155.0,,85.0,382.0,1175.0,False,0.0,0.0,0.0,False,7.0,0.0,False,0
25147,Local Match,2019.0,609396.0,M,North America,University Degree,0-35,Middle,False,0.0,False,0.0,False,112.0,512.0,0.0,363.0,106.0,91.0,False,0.0,3.0,1.0,False,5.0,2.0,False,0
58927,Federation League,2020.0,549698.0,F,Middle East,High school,0-35,Middle-High,False,0.0,False,0.0,False,366.0,218.0,0.0,185.0,293.0,39.0,False,0.0,72.0,0.0,False,45.0,13.0,True,1
32103,Regional Tournament,2019.0,261466.0,F,South America,High school,35-55,Middle-Low,False,0.0,False,0.0,False,343.0,65.0,0.0,1351.0,58.0,121.0,False,0.0,0.0,0.0,False,27.0,0.0,False,1
77889,Olympic Games,2022.0,648130.0,M,Southern Europe,High school,0-35,High,False,0.0,False,140.0,False,147.0,239.0,0.0,36.0,25.0,0.0,False,0.0,0.0,0.0,False,0.0,0.0,True,0
31388,Local Match,2022.0,682391.0,M,North America,University Degree,0-35,High,False,0.0,False,0.0,False,176.0,493.0,0.0,116.0,89.0,66.0,True,4.0,15.0,3.0,False,7.0,0.0,True,0
63368,Regional Tournament,2021.0,587780.0,F,Northern Africa,High school,0-35,Middle,False,0.0,False,60.0,False,502.0,73.0,0.0,995.0,63.0,80.0,False,0.0,0.0,0.0,False,77.0,0.0,False,1
55916,National Cup,2021.0,117232.0,M,Southern Africa,High school,0-35,Middle-Low,False,0.0,False,30.0,False,313.0,98.0,0.0,39.0,139.0,505.0,False,0.0,0.0,0.0,False,5.0,0.0,False,1
94691,Local Match,2020.0,534989.0,M,Central Asia,Middle school,0-35,Low,False,0.0,False,0.0,False,176.0,536.0,0.0,445.0,154.0,396.0,False,0.0,4.0,10.0,False,31.0,1.0,True,1
71138,Local Match,2020.0,540727.0,M,South America,University Degree,0-35,Middle-Low,False,0.0,False,0.0,False,508.0,,0.0,476.0,450.0,896.0,False,0.0,57.0,19.0,False,54.0,46.0,True,1
20118,Regional Tournament,2022.0,678906.0,F,East Asia,Middle school,0-35,Middle,False,0.0,False,0.0,False,155.0,792.0,3.0,4.0,34.0,126.0,False,14.0,0.0,7.0,False,1.0,0.0,True,1
74357,Regional Tournament,2019.0,587755.0,M,East Asia,Middle school,0-35,Low,False,0.0,False,0.0,False,52.0,29.0,0.0,3.0,26.0,70.0,False,0.0,0.0,0.0,False,6.0,0.0,False,1
28350,Regional Tournament,2022.0,384266.0,F,Eastern Europe,High school,0-35,Low,False,0.0,False,0.0,False,7.0,3.0,0.0,0.0,3.0,0.0,False,0.0,0.0,0.0,False,0.0,0.0,True,0
51228,Continental Championship,2022.0,655498.0,F,Middle East,High school,0-35,Middle,False,0.0,False,60.0,False,322.0,743.0,0.0,406.0,80.0,165.0,False,1.0,236.0,0.0,False,37.0,0.0,True,1
18899,Continental Championship,2021.0,599937.0,F,Central America,Middle school,0-35,Middle-Low,False,1.0,False,30.0,False,163.0,289.0,0.0,333.0,64.0,102.0,False,0.0,77.0,0.0,False,32.0,0.0,False,1
84085,Olympic Games,2019.0,2600688.0,M,Eastern Europe,High school,0-35,Middle-Low,False,0.0,False,0.0,False,115.0,328.0,0.0,75.0,51.0,0.0,False,0.0,0.0,0.0,False,13.0,0.0,True,1
37044,Local Match,2020.0,401812.0,M,Northern Africa,Middle school,35-55,Middle-Low,False,0.0,False,0.0,False,97.0,191.0,0.0,111.0,86.0,272.0,False,0.0,4.0,0.0,False,11.0,6.0,True,0
10176,World Championship,2021.0,634404.0,F,Oceania,Middle school,35-55,Middle-Low,False,0.0,False,,False,114.0,579.0,5.0,115.0,21.0,73.0,False,0.0,0.0,0.0,False,0.0,0.0,True,1
10548,World Championship,2022.0,644441.0,F,South America,Middle school,0-35,Low,False,0.0,False,,False,37.0,74.0,0.0,152.0,47.0,122.0,False,0.0,0.0,0.0,False,0.0,0.0,True,1
86344,Regional Tournament,2019.0,516926.0,M,Northern Africa,Middle school,0-35,Low,True,0.0,False,0.0,False,36.0,8.0,0.0,0.0,8.0,71.0,False,0.0,0.0,0.0,False,7.0,0.0,False,0
11821,Federation League,2020.0,548267.0,F,Western Europe,High school,0-35,Middle,False,0.0,False,0.0,False,259.0,118.0,0.0,349.0,296.0,28.0,False,0.0,44.0,0.0,False,98.0,9.0,False,1
65359,Federation League,2021.0,589963.0,M,North America,Middle school,0-35,Middle-Low,False,1.0,False,120.0,False,253.0,132.0,0.0,153.0,133.0,9.0,False,21.0,36.0,0.0,False,13.0,0.0,True,1
46038,Federation League,2021.0,2696376.0,F,South America,Middle school,0-35,High,False,3.0,False,140.0,False,49.0,150.0,0.0,5.0,62.0,0.0,False,0.0,14.0,0.0,False,2.0,0.0,False,0
27507,Regional Tournament,2019.0,521957.0,F,Southern Africa,Middle school,0-35,Middle-High,False,2.0,False,60.0,False,50.0,3.0,0.0,51.0,11.0,57.0,False,0.0,0.0,0.0,False,1.0,0.0,False,0
71854,Federation League,2022.0,603224.0,F,East Asia,High school,35-55,High,False,0.0,False,0.0,False,1172.0,382.0,31.0,2372.0,793.0,50.0,False,35.0,0.0,0.0,False,80.0,0.0,True,1
85873,Federation League,2022.0,653768.0,M,Central Asia,Middle school,0-35,Middle-High,False,0.0,False,30.0,False,350.0,328.0,9.0,386.0,70.0,6.0,False,25.0,0.0,0.0,False,19.0,0.0,False,0
29840,Regional Tournament,2019.0,608942.0,,South America,High school,0-35,Middle-Low,False,0.0,False,60.0,False,54.0,33.0,1.0,10.0,37.0,32.0,False,1.0,0.0,0.0,False,20.0,0.0,False,0
83300,Continental Championship,2022.0,677947.0,M,Western Europe,High school,0-35,High,True,0.0,False,0.0,False,116.0,428.0,0.0,99.0,7.0,75.0,False,1.0,0.0,0.0,False,17.0,0.0,True,0
16632,Regional Tournament,2019.0,324614.0,F,Northern Africa,Middle school,0-35,Low,False,2.0,False,60.0,,61.0,13.0,0.0,2.0,24.0,47.0,False,0.0,0.0,0.0,False,14.0,0.0,False,0
81393,Local Match,2020.0,560182.0,M,East Asia,Middle school,35-55,High,True,0.0,False,30.0,False,1851.0,2224.0,0.0,1775.0,684.0,1442.0,False,0.0,41.0,11.0,False,54.0,40.0,True,1
67468,World Championship,2021.0,374266.0,F,East Asia,Middle school,0-35,Middle,False,0.0,False,,False,182.0,330.0,5.0,859.0,19.0,105.0,False,0.0,0.0,0.0,False,0.0,0.0,True,1
37627,Regional Tournament,2022.0,38711.0,M,Eastern Europe,Middle school,35-55,Low,True,0.0,False,0.0,False,39.0,57.0,1.0,4.0,6.0,58.0,False,0.0,0.0,0.0,False,4.0,0.0,False,0
74907,Continental Championship,2021.0,1810414.0,M,East Asia,University Degree,35-55,High,False,0.0,False,,False,82.0,201.0,0.0,8.0,10.0,135.0,False,0.0,0.0,0.0,False,20.0,0.0,True,1
24031,Regional Tournament,2022.0,656194.0,F,Southern Africa,Middle school,35-55,Middle-High,False,0.0,False,60.0,False,13.0,14.0,0.0,0.0,2.0,0.0,False,0.0,0.0,0.0,False,0.0,0.0,False,1
76535,Regional Tournament,2020.0,1747892.0,F,Southern Africa,Middle school,35-55,Middle,False,1.0,False,140.0,False,733.0,293.0,2.0,621.0,449.0,80.0,False,0.0,0.0,0.0,False,52.0,3.0,False,1
97450,Local Match,2022.0,677436.0,M,Central Asia,Middle school,35-55,Middle-Low,False,0.0,False,0.0,False,273.0,1513.0,0.0,103.0,276.0,654.0,True,2.0,9.0,6.0,False,10.0,0.0,True,1
77811,Regional Tournament,2019.0,197240.0,F,Southern Europe,High school,0-35,Middle-Low,False,1.0,False,90.0,False,102.0,11.0,0.0,113.0,27.0,73.0,False,0.0,0.0,0.0,False,4.0,0.0,False,1
72084,National Cup,2022.0,588100.0,M,North America,High school,0-35,Middle,False,0.0,False,0.0,False,186.0,101.0,0.0,4.0,119.0,352.0,False,1.0,0.0,0.0,False,10.0,0.0,False,1
71344,Regional Tournament,2019.0,507387.0,F,Western Europe,High school,0-35,,False,0.0,False,0.0,False,40.0,21.0,0.0,19.0,27.0,14.0,False,0.0,0.0,0.0,False,10.0,0.0,False,0
28367,Regional Tournament,2019.0,552515.0,F,Middle East,High school,35-55,Middle-Low,False,0.0,False,60.0,False,5.0,11.0,0.0,0.0,7.0,69.0,False,0.0,0.0,0.0,False,1.0,0.0,True,1
85782,Local Match,2022.0,689005.0,M,Middle East,High school,0-35,Middle,False,0.0,False,0.0,False,226.0,465.0,0.0,144.0,143.0,512.0,True,0.0,2.0,0.0,False,12.0,0.0,True,1
82616,Regional Tournament,2019.0,151917.0,F,Eastern Europe,High school,0-35,Low,False,3.0,False,0.0,False,278.0,196.0,0.0,1.0,173.0,220.0,False,0.0,0.0,0.0,False,41.0,0.0,False,0
97921,Regional Tournament,2022.0,693692.0,F,South Asia,High school,0-35,Low,False,0.0,False,0.0,False,18.0,14.0,0.0,8.0,6.0,5.0,False,1.0,0.0,0.0,False,1.0,0.0,True,0
96900,Olympic Games,2022.0,2595841.0,F,Central Asia,Middle school,35-55,High,False,0.0,False,0.0,False,210.0,511.0,0.0,209.0,30.0,0.0,False,1.0,0.0,0.0,False,8.0,0.0,False,0
31805,Regional Tournament,2020.0,500719.0,M,South Asia,Middle school,0-35,Low,False,0.0,False,0.0,False,307.0,66.0,0.0,615.0,60.0,32.0,False,0.0,0.0,0.0,False,27.0,0.0,False,0
92933,Federation League,2020.0,495734.0,M,South America,High school,0-35,High,False,0.0,False,0.0,False,459.0,701.0,15.0,121.0,758.0,20.0,False,0.0,146.0,0.0,False,52.0,0.0,False,1
76044,Local Match,2022.0,645145.0,M,Oceania,Middle school,0-35,High,False,0.0,False,60.0,False,155.0,45.0,0.0,56.0,65.0,4.0,True,6.0,3.0,0.0,False,2.0,0.0,False,0
80138,Federation League,2019.0,477348.0,F,Middle East,High school,0-35,Middle,False,0.0,False,0.0,False,199.0,89.0,0.0,112.0,95.0,13.0,False,8.0,87.0,0.0,False,13.0,0.0,True,1
46344,National Cup,,526927.0,M,North America,High school,0-35,Low,False,0.0,False,60.0,False,203.0,101.0,0.0,25.0,70.0,258.0,False,0.0,0.0,0.0,False,4.0,0.0,False,1
67253,Local Match,2019.0,566823.0,M,South America,High school,0-35,Low,False,0.0,False,0.0,False,189.0,223.0,0.0,210.0,110.0,131.0,False,6.0,39.0,3.0,False,14.0,0.0,False,0
90131,Regional Tournament,2021.0,628176.0,F,North America,University Degree,35-55,Middle,False,0.0,False,0.0,False,217.0,78.0,0.0,382.0,53.0,91.0,False,1.0,0.0,0.0,False,41.0,0.0,True,1
33056,Local Match,2019.0,100064.0,F,Eastern Europe,High school,35-55,Low,False,0.0,False,0.0,True,793.0,3627.0,0.0,567.0,615.0,705.0,False,3.0,59.0,34.0,False,63.0,42.0,True,1
82154,Regional Tournament,2021.0,629619.0,F,East Asia,High school,0-35,Middle-High,False,0.0,False,0.0,False,161.0,68.0,0.0,212.0,36.0,80.0,False,0.0,0.0,0.0,False,4.0,0.0,False,1
76107,Regional Tournament,2022.0,551237.0,F,Eastern Europe,Middle school,35-55,High,False,0.0,False,0.0,False,43.0,102.0,0.0,52.0,12.0,0.0,False,0.0,0.0,0.0,False,0.0,0.0,True,0
45676,Continental Championship,2022.0,685060.0,M,East Asia,Middle school,0-35,Middle,False,0.0,False,0.0,False,208.0,374.0,0.0,336.0,1.0,2.0,False,1.0,195.0,0.0,False,49.0,0.0,True,1
44620,Regional Tournament,2021.0,573806.0,F,Oceania,High school,35-55,Middle-Low,False,0.0,False,60.0,False,191.0,31.0,0.0,747.0,25.0,124.0,,1.0,0.0,0.0,False,11.0,0.0,False,1
45582,Federation League,2022.0,639514.0,F,South Asia,University Degree,35-55,High,False,0.0,False,60.0,False,436.0,207.0,2.0,701.0,270.0,33.0,False,140.0,0.0,0.0,False,61.0,0.0,True,1
34135,Federation League,2022.0,655816.0,M,South Asia,High school,35-55,High,False,0.0,False,0.0,False,361.0,237.0,1.0,651.0,376.0,23.0,False,91.0,0.0,0.0,False,67.0,0.0,False,1
14802,World Championship,2021.0,628316.0,F,Oceania,Middle school,0-35,Middle-High,False,0.0,False,,False,66.0,134.0,0.0,2.0,7.0,66.0,False,0.0,0.0,0.0,False,0.0,0.0,True,1
59792,Regional Tournament,2019.0,586836.0,F,Eastern Europe,Middle school,35-55,Low,False,0.0,False,0.0,False,36.0,12.0,0.0,30.0,21.0,0.0,False,0.0,0.0,0.0,False,9.0,0.0,False,0
93032,Regional Tournament,2021.0,619207.0,F,Western Europe,High school,0-35,Low,False,0.0,False,0.0,False,6.0,0.0,0.0,19.0,0.0,0.0,False,0.0,0.0,0.0,False,3.0,0.0,True,0
18063,Local Match,2019.0,546643.0,M,South America,University Degree,0-35,Low,False,0.0,False,30.0,False,67.0,207.0,0.0,11.0,71.0,245.0,False,0.0,0.0,0.0,False,1.0,0.0,True,0
90147,Regional Tournament,2019.0,446345.0,F,Southern Africa,High school,0-35,Middle-Low,False,0.0,False,0.0,False,28.0,23.0,0.0,6.0,17.0,74.0,False,0.0,0.0,0.0,False,2.0,0.0,False,0
33125,Federation League,2020.0,146651.0,M,East Asia,High school,0-35,Middle,False,2.0,False,0.0,False,208.0,64.0,0.0,206.0,56.0,14.0,False,0.0,92.0,0.0,False,10.0,0.0,False,0
74493,Federation League,2020.0,552921.0,F,Middle East,High school,0-35,Middle-High,False,0.0,False,0.0,False,349.0,145.0,98.0,342.0,281.0,19.0,False,0.0,120.0,0.0,False,62.0,1.0,False,1
74431,Federation League,2022.0,625467.0,M,South Asia,Middle school,35-55,High,False,0.0,False,0.0,False,2215.0,218.0,60.0,4492.0,392.0,24.0,False,8.0,0.0,0.0,False,54.0,0.0,True,1
94135,National Cup,2022.0,692363.0,M,Western Europe,High school,0-35,Low,False,0.0,False,0.0,False,62.0,280.0,0.0,0.0,24.0,153.0,False,1.0,0.0,0.0,False,2.0,0.0,False,0
71646,Local Match,2022.0,652887.0,F,North America,High school,0-35,Middle,False,0.0,False,60.0,False,370.0,860.0,0.0,247.0,196.0,612.0,True,4.0,6.0,12.0,False,42.0,5.0,True,1
47266,Local Match,2022.0,229498.0,M,North America,High school,0-35,Low,False,4.0,False,0.0,False,458.0,1797.0,0.0,467.0,353.0,670.0,True,13.0,41.0,8.0,False,28.0,10.0,True,1
22924,Regional Tournament,2019.0,567979.0,F,North America,High school,0-35,Low,False,0.0,False,0.0,False,24.0,10.0,0.0,5.0,7.0,65.0,False,0.0,0.0,0.0,False,5.0,0.0,False,1
90274,Regional Tournament,2022.0,689094.0,F,Southern Africa,High school,0-35,Low,False,0.0,False,0.0,False,100.0,431.0,0.0,9.0,34.0,93.0,False,0.0,0.0,0.0,False,2.0,0.0,True,1
39817,Regional Tournament,2020.0,499387.0,F,Middle East,High school,0-35,Low,False,0.0,False,0.0,False,186.0,,0.0,118.0,116.0,85.0,False,0.0,0.0,0.0,False,21.0,0.0,False,1
34387,Continental Championship,2019.0,2046324.0,F,North America,University Degree,35-55,Middle-Low,False,0.0,,,False,119.0,837.0,0.0,764.0,30.0,112.0,False,0.0,174.0,0.0,False,15.0,2.0,False,0
48138,Federation League,2020.0,445573.0,F,East Asia,High school,0-35,Middle,True,0.0,False,0.0,False,179.0,157.0,0.0,167.0,68.0,6.0,False,0.0,31.0,0.0,False,39.0,0.0,False,0
10915,Continental Championship,2019.0,2588201.0,M,East Asia,Middle school,0-35,Middle-Low,False,0.0,False,0.0,False,411.0,1529.0,0.0,211.0,79.0,185.0,False,6.0,278.0,0.0,False,83.0,4.0,True,1
46908,Local Match,2021.0,104316.0,M,South America,High school,0-35,Middle-High,False,0.0,False,0.0,False,109.0,267.0,0.0,31.0,173.0,324.0,False,2.0,8.0,0.0,False,14.0,0.0,True,0
49397,Federation League,2022.0,406425.0,F,Eastern Europe,Middle school,0-35,Middle,False,0.0,False,140.0,False,162.0,62.0,6.0,186.0,64.0,3.0,False,2.0,0.0,0.0,False,4.0,0.0,False,0
27115,Local Match,2021.0,392207.0,M,Middle East,University Degree,0-35,High,False,0.0,False,0.0,False,237.0,325.0,0.0,227.0,177.0,327.0,False,3.0,13.0,,False,34.0,0.0,True,0
46166,Federation League,2019.0,588132.0,F,Middle East,High school,0-35,Middle,False,0.0,False,0.0,False,1116.0,560.0,43.0,1154.0,628.0,24.0,False,16.0,494.0,0.0,False,154.0,0.0,True,1
24129,Federation League,2022.0,2570274.0,M,Northern Africa,High school,35-55,High,False,0.0,False,0.0,False,474.0,250.0,35.0,2064.0,240.0,16.0,False,35.0,0.0,0.0,False,43.0,0.0,True,1
62255,Federation League,2021.0,623740.0,M,South America,,0-35,High,False,0.0,False,0.0,False,65.0,29.0,0.0,15.0,53.0,3.0,False,1.0,17.0,0.0,False,4.0,0.0,True,0
97184,World Championship,2019.0,604536.0,F,Middle East,Middle school,0-35,Middle,False,0.0,False,,False,63.0,51.0,0.0,0.0,13.0,114.0,False,0.0,0.0,0.0,False,0.0,0.0,True,0
41519,Regional Tournament,2019.0,578600.0,F,Western Europe,Middle school,0-35,High,False,0.0,False,0.0,False,259.0,39.0,0.0,939.0,18.0,76.0,False,1.0,0.0,0.0,False,12.0,0.0,False,1
25228,Federation League,2020.0,2554973.0,M,East Asia,Middle school,35-55,Middle,False,0.0,False,0.0,False,237.0,172.0,0.0,403.0,90.0,12.0,False,0.0,19.0,0.0,False,28.0,4.0,False,0
22729,Regional Tournament,2022.0,674276.0,F,North America,University Degree,35-55,Middle-Low,False,0.0,False,0.0,False,238.0,1004.0,7.0,69.0,53.0,198.0,False,1.0,0.0,0.0,False,3.0,0.0,True,1
92449,Local Match,2022.0,640711.0,F,Central America,,35-55,Low,True,0.0,False,30.0,False,591.0,1289.0,0.0,452.0,372.0,1869.0,True,8.0,14.0,5.0,False,26.0,6.0,True,1
14428,Local Match,2019.0,342155.0,M,South America,Middle school,35-55,Middle,False,0.0,False,60.0,True,396.0,1200.0,0.0,509.0,246.0,535.0,False,7.0,12.0,15.0,False,27.0,7.0,True,1
54906,Local Match,2020.0,550095.0,M,Oceania,Middle school,0-35,Middle,False,0.0,False,0.0,False,47.0,66.0,0.0,37.0,40.0,7.0,False,0.0,0.0,0.0,False,1.0,0.0,False,0
62513,Regional Tournament,2022.0,584539.0,F,North America,University Degree,0-35,Low,False,0.0,False,0.0,False,343.0,2138.0,1.0,169.0,35.0,186.0,False,8.0,0.0,21.0,False,0.0,0.0,True,1
48972,Federation League,2019.0,603410.0,M,South America,High school,0-35,Middle-Low,False,0.0,False,0.0,False,271.0,288.0,6.0,190.0,264.0,5.0,False,10.0,91.0,0.0,False,20.0,0.0,True,0
76211,Local Match,2019.0,594596.0,F,Northern Africa,Middle school,0-35,Middle,False,0.0,False,60.0,True,611.0,1706.0,0.0,1027.0,747.0,1610.0,False,3.0,83.0,3.0,False,48.0,2.0,True,1
34551,Regional Tournament,2020.0,1480800.0,F,Western Europe,Middle school,35-55,Middle-High,False,0.0,False,0.0,False,122.0,17.0,0.0,269.0,18.0,99.0,False,0.0,0.0,,False,9.0,1.0,False,1
87353,National Cup,2021.0,374028.0,M,South America,Middle school,0-35,Middle,False,0.0,False,,False,597.0,374.0,0.0,287.0,297.0,2116.0,False,0.0,0.0,0.0,False,5.0,0.0,False,1
45884,National Cup,2022.0,1485702.0,F,Western Europe,High school,35-55,Middle-Low,False,0.0,False,30.0,False,227.0,57.0,0.0,10.0,142.0,839.0,False,0.0,0.0,0.0,False,5.0,0.0,False,1
50661,World Championship,2021.0,623988.0,F,Western Europe,Middle school,0-35,Middle-High,False,0.0,False,,False,55.0,165.0,0.0,22.0,4.0,102.0,False,0.0,0.0,0.0,False,0.0,0.0,False,1
45251,Federation League,2022.0,322137.0,M,South America,University Degree,55<=,Middle-Low,False,0.0,False,0.0,,651.0,341.0,86.0,1921.0,416.0,35.0,False,74.0,0.0,0.0,False,65.0,0.0,True,1
68028,Regional Tournament,2020.0,376617.0,M,Eastern Europe,Middle school,35-55,Middle-Low,False,0.0,False,0.0,False,174.0,32.0,0.0,226.0,49.0,35.0,False,0.0,0.0,0.0,False,9.0,0.0,False,1
61229,National Cup,2022.0,2009279.0,M,Eastern Europe,University Degree,35-55,Middle-Low,False,0.0,False,90.0,False,26.0,4.0,0.0,4.0,6.0,109.0,False,0.0,0.0,0.0,False,1.0,0.0,False,0
58268,Local Match,2020.0,535052.0,M,Southern Africa,Middle school,0-35,Middle,False,0.0,False,0.0,False,388.0,639.0,0.0,306.0,260.0,349.0,False,0.0,20.0,7.0,False,32.0,24.0,True,0
12884,World Championship,2022.0,644743.0,F,North America,Middle school,0-35,High,False,0.0,False,,False,156.0,294.0,0.0,111.0,22.0,71.0,False,0.0,0.0,0.0,False,0.0,0.0,True,1
61172,Federation League,2019.0,537747.0,F,South Asia,University Degree,35-55,High,False,0.0,False,0.0,False,198.0,191.0,35.0,406.0,483.0,24.0,False,29.0,84.0,0.0,False,45.0,0.0,True,1
79761,Federation League,2022.0,582608.0,M,East Asia,Middle school,0-35,High,False,0.0,False,60.0,False,145.0,298.0,8.0,125.0,102.0,0.0,False,16.0,0.0,0.0,False,24.0,0.0,False,1
86490,Regional Tournament,2021.0,616739.0,F,Eastern Europe,Middle school,0-35,Low,False,0.0,False,0.0,False,38.0,23.0,0.0,68.0,7.0,112.0,False,1.0,0.0,0.0,False,3.0,0.0,False,0
60338,Federation League,2020.0,1845093.0,F,South America,High school,35-55,Low,False,1.0,False,60.0,False,149.0,87.0,0.0,19.0,63.0,10.0,False,0.0,0.0,0.0,False,17.0,0.0,False,0
11112,Continental Championship,2022.0,689840.0,M,North America,High school,35-55,High,False,0.0,False,0.0,False,771.0,1580.0,0.0,1239.0,31.0,146.0,False,2.0,826.0,0.0,False,196.0,1.0,True,1
11231,Regional Tournament,2020.0,505959.0,F,South America,High school,35-55,Middle-Low,False,0.0,False,0.0,False,123.0,13.0,2.0,406.0,10.0,57.0,False,0.0,0.0,0.0,False,11.0,0.0,False,1
60820,World Championship,2021.0,593121.0,F,Northern Africa,Middle school,35-55,Low,,0.0,False,,False,36.0,136.0,0.0,0.0,8.0,71.0,False,0.0,0.0,0.0,False,0.0,0.0,True,1
90542,Continental Championship,2019.0,597459.0,M,South America,University Degree,0-35,Middle-Low,False,0.0,False,0.0,False,134.0,415.0,0.0,79.0,52.0,131.0,False,1.0,0.0,0.0,False,17.0,4.0,False,1
82401,Continental Championship,2019.0,610888.0,M,Middle East,Middle school,0-35,Middle-Low,False,0.0,False,,False,119.0,182.0,0.0,128.0,7.0,101.0,False,2.0,0.0,0.0,False,14.0,4.0,True,0
10190,Local Match,2020.0,390400.0,M,North America,Middle school,0-35,High,False,2.0,False,60.0,False,615.0,1599.0,0.0,406.0,391.0,988.0,False,0.0,23.0,16.0,False,38.0,14.0,True,0
38329,Regional Tournament,2022.0,2576637.0,F,Central Asia,High school,0-35,Middle-Low,False,0.0,False,60.0,False,184.0,941.0,37.0,269.0,27.0,396.0,False,8.0,0.0,12.0,False,1.0,0.0,True,1
30719,Regional Tournament,2019.0,293712.0,F,Central Asia,High school,0-35,Middle,False,0.0,False,0.0,False,86.0,31.0,0.0,235.0,27.0,76.0,False,1.0,0.0,0.0,False,10.0,0.0,True,1
60311,Regional Tournament,2019.0,579279.0,F,Central Asia,Middle school,0-35,Middle-Low,False,0.0,False,0.0,False,141.0,42.0,0.0,268.0,30.0,87.0,False,0.0,0.0,0.0,False,14.0,0.0,False,1
55270,Federation League,2022.0,560301.0,M,Middle East,High school,0-35,Middle-Low,False,0.0,False,0.0,False,113.0,153.0,10.0,35.0,61.0,1.0,False,0.0,0.0,0.0,False,20.0,0.0,False,1
12119,World Championship,2022.0,612429.0,F,Central Asia,Middle school,35-55,High,True,0.0,False,,False,45.0,98.0,0.0,3.0,24.0,108.0,False,0.0,0.0,0.0,False,0.0,0.0,True,1
37096,Regional Tournament,2021.0,603061.0,F,Southern Africa,Middle school,35-55,Middle,False,0.0,False,0.0,False,33.0,16.0,0.0,7.0,16.0,36.0,False,0.0,0.0,0.0,False,6.0,0.0,True,0
46358,Federation League,2020.0,533522.0,F,Western Europe,High school,0-35,Middle-Low,False,0.0,False,0.0,False,110.0,176.0,134.0,59.0,110.0,4.0,False,0.0,20.0,0.0,False,41.0,3.0,False,0
73123,Continental Championship,2022.0,697482.0,M,Oceania,High school,0-35,Middle-Low,False,0.0,False,0.0,False,93.0,214.0,0.0,32.0,11.0,124.0,False,0.0,0.0,0.0,False,18.0,0.0,True,0
80644,Olympic Games,2019.0,282821.0,M,Middle East,High school,35-55,Middle-Low,False,0.0,False,0.0,False,331.0,1147.0,1.0,265.0,170.0,0.0,False,0.0,0.0,0.0,False,39.0,8.0,False,1
27276,Local Match,2021.0,633292.0,M,Western Europe,Middle school,0-35,Middle-Low,False,0.0,False,0.0,False,182.0,548.0,0.0,192.0,154.0,357.0,False,0.0,21.0,9.0,False,12.0,0.0,True,0
97723,Continental Championship,2021.0,156594.0,M,East Asia,Post Graduate,55<=,High,False,0.0,False,,False,185.0,1336.0,0.0,91.0,,118.0,False,2.0,237.0,0.0,False,27.0,0.0,False,1
55569,Regional Tournament,2022.0,653702.0,F,East Asia,Middle school,0-35,Low,False,0.0,False,0.0,False,144.0,244.0,0.0,24.0,46.0,14.0,False,16.0,0.0,0.0,False,0.0,0.0,False,1
23650,National Cup,2022.0,585222.0,F,Eastern Europe,High school,0-35,Middle-Low,False,0.0,False,,False,16.0,9.0,0.0,7.0,11.0,24.0,False,0.0,0.0,0.0,False,4.0,0.0,False,0
93424,Local Match,2019.0,476520.0,M,Oceania,Middle school,0-35,Middle-Low,True,0.0,False,30.0,True,195.0,1334.0,0.0,15.0,109.0,643.0,False,14.0,11.0,0.0,False,16.0,0.0,True,1
84044,Regional Tournament,2022.0,680591.0,M,Oceania,High school,0-35,Middle,False,0.0,False,0.0,False,158.0,230.0,0.0,6.0,21.0,79.0,False,0.0,0.0,0.0,False,1.0,0.0,True,0
27187,Local Match,2019.0,335726.0,F,Northern Africa,Middle school,0-35,High,False,1.0,False,0.0,False,210.0,490.0,0.0,261.0,159.0,217.0,False,0.0,14.0,10.0,False,5.0,8.0,True,0
30749,Federation League,2022.0,628662.0,M,North America,Middle school,0-35,Middle,False,1.0,False,60.0,False,75.0,99.0,0.0,79.0,42.0,8.0,False,1.0,0.0,0.0,False,1.0,0.0,False,0
51353,Regional Tournament,2022.0,2401304.0,F,Middle East,Middle school,0-35,High,False,1.0,False,0.0,False,293.0,925.0,12.0,88.0,96.0,128.0,False,6.0,0.0,3.0,False,,0.0,False,1
53487,Local Match,2022.0,558044.0,M,South Asia,Middle school,0-35,High,False,0.0,False,30.0,False,473.0,1316.0,0.0,529.0,308.0,520.0,True,22.0,48.0,39.0,False,54.0,26.0,True,1
42701,Regional Tournament,2021.0,592602.0,F,East Asia,Middle school,0-35,High,False,0.0,False,60.0,False,89.0,8.0,0.0,37.0,12.0,16.0,False,0.0,0.0,0.0,False,27.0,0.0,True,0
75911,Regional Tournament,2019.0,227416.0,M,Oceania,High school,0-35,Middle-Low,False,0.0,False,0.0,False,13.0,5.0,0.0,0.0,1.0,74.0,False,0.0,0.0,0.0,False,0.0,0.0,False,0
81132,Local Match,2022.0,693497.0,M,East Asia,University Degree,0-35,High,False,0.0,False,0.0,False,517.0,1066.0,0.0,220.0,349.0,1341.0,True,13.0,23.0,9.0,False,37.0,0.0,True,1
56076,Regional Tournament,2019.0,609764.0,M,North America,Middle school,0-35,Middle-Low,False,0.0,False,0.0,False,42.0,7.0,0.0,,18.0,19.0,False,0.0,0.0,0.0,False,,0.0,False,0
65028,Regional Tournament,,546019.0,F,Central America,Middle school,0-35,Middle-High,False,0.0,False,0.0,False,44.0,22.0,0.0,54.0,44.0,0.0,False,0.0,0.0,0.0,False,6.0,0.0,False,0
77568,Regional Tournament,2019.0,405945.0,F,Western Europe,Middle school,0-35,Middle,False,1.0,False,0.0,False,372.0,82.0,15.0,1324.0,87.0,94.0,False,6.0,0.0,0.0,False,30.0,0.0,False,1
21953,Regional Tournament,2019.0,606562.0,F,East Asia,University Degree,0-35,Middle,False,0.0,False,60.0,False,356.0,62.0,1.0,1433.0,77.0,86.0,False,0.0,0.0,0.0,False,36.0,0.0,False,1
91081,Federation League,2019.0,552313.0,F,North America,Middle school,0-35,Middle-High,False,0.0,False,0.0,False,298.0,283.0,130.0,418.0,292.0,9.0,False,28.0,59.0,0.0,False,52.0,0.0,True,1
45756,Federation League,2022.0,256144.0,M,South America,University Degree,35-55,Middle,False,0.0,False,0.0,False,808.0,224.0,77.0,1044.0,558.0,22.0,False,56.0,0.0,0.0,False,97.0,0.0,True,1
93986,Federation League,2019.0,607231.0,M,Eastern Europe,High school,0-35,Middle-Low,False,0.0,False,30.0,False,18.0,20.0,0.0,21.0,21.0,1.0,False,1.0,0.0,0.0,False,4.0,0.0,False,0
27614,Regional Tournament,2021.0,583950.0,F,Northern Africa,Middle school,0-35,Low,False,0.0,False,0.0,False,47.0,23.0,0.0,191.0,32.0,78.0,False,2.0,0.0,0.0,False,9.0,0.0,False,0
26493,Federation League,2022.0,689650.0,M,East Asia,High school,0-35,Middle,False,0.0,False,0.0,False,26.0,199.0,0.0,169.0,86.0,6.0,False,5.0,0.0,0.0,False,5.0,0.0,False,1
45527,National Cup,2021.0,122392.0,M,South America,High school,35-55,Low,False,0.0,False,0.0,False,224.0,109.0,0.0,52.0,138.0,279.0,False,0.0,0.0,0.0,False,7.0,0.0,False,1
70997,Federation League,2019.0,571950.0,M,Northern Africa,Elementary school,35-55,Low,False,0.0,False,30.0,False,161.0,88.0,0.0,150.0,115.0,6.0,False,2.0,,0.0,False,9.0,0.0,False,0
73393,Local Match,2022.0,333993.0,M,Northern Africa,High school,0-35,Middle-Low,False,0.0,False,0.0,False,373.0,1024.0,0.0,470.0,350.0,507.0,True,9.0,22.0,3.0,False,43.0,7.0,True,1
40699,Local Match,2020.0,497897.0,F,Eastern Europe,Elementary school,0-35,Low,False,1.0,False,60.0,False,214.0,638.0,0.0,191.0,177.0,890.0,False,0.0,6.0,0.0,False,5.0,0.0,True,0
48616,National Cup,2021.0,466714.0,M,Middle East,High school,0-35,Middle,True,0.0,False,60.0,False,50.0,16.0,0.0,1.0,36.0,99.0,False,0.0,0.0,0.0,False,3.0,0.0,False,0
42023,Local Match,2022.0,675514.0,M,Central Asia,Middle school,0-35,Middle,False,0.0,False,0.0,False,29.0,174.0,0.0,33.0,41.0,1.0,True,1.0,0.0,0.0,False,0.0,0.0,False,0
11512,Federation League,2019.0,545093.0,F,Middle East,High school,0-35,High,False,0.0,False,0.0,False,473.0,225.0,21.0,706.0,539.0,32.0,False,5.0,317.0,0.0,False,,0.0,True,1
41051,Regional Tournament,2019.0,554314.0,F,East Asia,University Degree,35-55,Middle-High,False,0.0,False,60.0,False,76.0,56.0,2.0,397.0,14.0,40.0,False,0.0,0.0,0.0,False,18.0,0.0,False,0
44392,Local Match,2019.0,385547.0,M,Northern Africa,Middle school,0-35,Middle-Low,False,0.0,False,120.0,True,222.0,1497.0,0.0,201.0,233.0,1169.0,False,1.0,0.0,0.0,False,19.0,2.0,True,1
74566,Federation League,2019.0,270393.0,F,Western Europe,Middle school,0-35,Low,False,1.0,False,0.0,False,250.0,103.0,0.0,257.0,133.0,13.0,False,9.0,164.0,0.0,False,11.0,0.0,True,1
21506,Regional Tournament,2019.0,105883.0,F,Northern Africa,High school,35-55,Low,False,0.0,False,0.0,False,1008.0,132.0,0.0,1947.0,495.0,319.0,False,0.0,0.0,0.0,False,121.0,0.0,True,1
86499,Federation League,2019.0,565301.0,M,Central Asia,Middle school,0-35,High,False,0.0,False,0.0,False,494.0,192.0,5.0,462.0,409.0,10.0,False,21.0,111.0,0.0,False,65.0,0.0,True,1
27814,National Cup,2021.0,1894419.0,M,South America,High school,35-55,High,False,0.0,False,0.0,False,107.0,106.0,0.0,30.0,12.0,211.0,False,0.0,0.0,0.0,False,6.0,0.0,False,0
41082,Regional Tournament,2022.0,615263.0,F,Oceania,High school,0-35,Middle,False,0.0,False,0.0,False,26.0,24.0,0.0,0.0,5.0,6.0,False,3.0,0.0,0.0,False,0.0,0.0,True,0
95948,Regional Tournament,2020.0,2376628.0,F,Eastern Europe,High school,35-55,Middle-Low,False,0.0,False,60.0,False,81.0,27.0,8.0,49.0,42.0,98.0,False,0.0,0.0,0.0,False,8.0,0.0,False,1
83648,Local Match,2020.0,335242.0,M,Western Europe,High school,35-55,High,False,0.0,False,0.0,False,1388.0,2652.0,0.0,2410.0,608.0,633.0,False,0.0,79.0,22.0,False,74.0,24.0,True,1
65680,National Cup,2021.0,634578.0,M,North America,High school,0-35,Middle,False,0.0,False,0.0,False,296.0,93.0,0.0,368.0,92.0,625.0,False,6.0,0.0,0.0,False,6.0,0.0,False,0
57127,Regional Tournament,2019.0,518126.0,F,Eastern Europe,High school,0-35,Low,False,1.0,False,60.0,False,93.0,20.0,0.0,3.0,27.0,74.0,False,0.0,0.0,0.0,False,11.0,0.0,False,1
95549,Continental Championship,2022.0,1490624.0,M,Western Europe,University Degree,35-55,High,False,0.0,False,0.0,False,239.0,893.0,0.0,336.0,34.0,156.0,False,1.0,148.0,0.0,False,42.0,0.0,True,1
23248,Local Match,2022.0,684981.0,M,Northern Africa,Middle school,0-35,Low,False,0.0,False,0.0,False,616.0,2082.0,0.0,479.0,504.0,1027.0,True,1.0,44.0,17.0,False,54.0,3.0,True,0
24572,World Championship,2022.0,566512.0,F,South America,Middle school,0-35,Low,False,0.0,False,,False,63.0,149.0,0.0,29.0,30.0,108.0,False,,0.0,0.0,False,0.0,0.0,True,1
89076,Regional Tournament,2021.0,103535.0,F,Middle East,High school,0-35,Middle,False,0.0,False,60.0,False,128.0,36.0,1.0,98.0,30.0,82.0,False,0.0,0.0,0.0,False,6.0,0.0,False,1
69031,Federation League,2022.0,626630.0,M,East Asia,High school,0-35,High,False,0.0,False,60.0,False,97.0,138.0,17.0,65.0,43.0,7.0,False,2.0,0.0,0.0,False,12.0,0.0,True,1
70369,Continental Championship,2019.0,591388.0,M,Eastern Europe,University Degree,0-35,High,False,0.0,False,0.0,False,1266.0,1111.0,0.0,445.0,62.0,168.0,False,12.0,757.0,0.0,False,146.0,2.0,True,1
82185,Local Match,2022.0,94749.0,M,Central America,Middle school,0-35,High,False,0.0,False,0.0,False,243.0,881.0,0.0,223.0,118.0,361.0,True,0.0,8.0,3.0,False,3.0,0.0,True,0
23100,Local Match,2020.0,548948.0,M,South Asia,High school,0-35,Middle,False,0.0,False,60.0,False,75.0,228.0,0.0,107.0,91.0,2.0,False,0.0,11.0,0.0,False,7.0,2.0,True,0
36535,Continental Championship,2022.0,509780.0,F,Southern Europe,Middle school,0-35,High,False,0.0,False,0.0,False,418.0,1375.0,0.0,510.0,57.0,68.0,False,3.0,256.0,0.0,False,49.0,0.0,True,1
39079,Federation League,2022.0,697474.0,F,East Asia,High school,0-35,High,False,0.0,False,0.0,False,58.0,152.0,9.0,2.0,26.0,0.0,False,9.0,0.0,0.0,False,4.0,0.0,True,1
73747,Federation League,2022.0,656766.0,M,South America,University Degree,0-35,High,False,0.0,False,0.0,False,177.0,70.0,0.0,173.0,82.0,8.0,False,4.0,0.0,0.0,False,22.0,0.0,True,1
88311,Regional Tournament,2022.0,585762.0,F,Central America,High school,35-55,Middle-Low,False,0.0,False,0.0,False,89.0,351.0,0.0,16.0,14.0,0.0,False,1.0,0.0,0.0,False,1.0,0.0,False,1
81109,Local Match,2019.0,604766.0,M,South America,High school,35-55,Low,False,0.0,False,0.0,True,571.0,2536.0,0.0,573.0,361.0,804.0,False,1.0,73.0,39.0,False,35.0,52.0,True,1
59992,Regional Tournament,2022.0,179297.0,F,Central Asia,Middle school,35-55,Low,False,1.0,False,0.0,False,31.0,59.0,0.0,0.0,18.0,0.0,False,0.0,0.0,0.0,False,0.0,0.0,True,0
89091,Federation League,2019.0,572338.0,M,Southern Europe,High school,35-55,Middle-High,False,0.0,False,0.0,False,313.0,446.0,0.0,325.0,264.0,17.0,False,10.0,70.0,0.0,False,4.0,0.0,True,1
47777,Regional Tournament,2020.0,444926.0,F,Central Asia,Middle school,0-35,Middle-Low,True,1.0,False,120.0,False,106.0,20.0,1.0,67.0,55.0,74.0,False,0.0,0.0,0.0,False,25.0,0.0,False,1
93476,Regional Tournament,2021.0,634483.0,F,Western Europe,Middle school,35-55,Low,False,0.0,False,0.0,False,700.0,567.0,1.0,374.0,557.0,109.0,False,8.0,0.0,0.0,False,106.0,0.0,False,1
19159,Local Match,2019.0,474126.0,M,Western Europe,Middle school,0-35,Middle-Low,False,0.0,False,60.0,True,298.0,1346.0,12.0,126.0,295.0,696.0,False,3.0,16.0,6.0,False,33.0,8.0,True,1
79048,Regional Tournament,2022.0,686093.0,F,South America,University Degree,35-55,Low,False,0.0,False,60.0,False,86.0,492.0,5.0,88.0,33.0,0.0,,0.0,0.0,0.0,False,1.0,0.0,True,0
36517,Regional Tournament,2022.0,689230.0,F,Southern Africa,High school,35-55,Middle,False,0.0,True,60.0,False,119.0,493.0,1.0,4.0,43.0,166.0,False,0.0,0.0,5.0,False,0.0,0.0,True,1
52778,Regional Tournament,2019.0,580646.0,F,South America,High school,0-35,Middle-Low,False,0.0,False,0.0,False,210.0,24.0,2.0,278.0,31.0,51.0,False,1.0,0.0,0.0,False,9.0,0.0,False,1
59377,Regional Tournament,2020.0,557145.0,F,Middle East,High school,35-55,Middle,False,0.0,False,0.0,False,109.0,21.0,0.0,148.0,30.0,67.0,False,0.0,0.0,0.0,False,11.0,0.0,False,0
48289,National Cup,2022.0,586762.0,M,Southern Europe,Middle school,0-35,Low,False,0.0,False,0.0,False,834.0,510.0,0.0,1480.0,336.0,1053.0,False,1.0,0.0,0.0,False,4.0,0.0,False,1
20487,Federation League,2020.0,165421.0,M,Southern Africa,University Degree,35-55,High,,0.0,False,0.0,False,269.0,363.0,1.0,35.0,288.0,46.0,False,,114.0,0.0,False,55.0,7.0,False,0
36081,Federation League,2022.0,656175.0,F,East Asia,High school,0-35,Middle-Low,False,0.0,False,0.0,False,34.0,66.0,14.0,9.0,11.0,1.0,False,0.0,0.0,0.0,False,1.0,0.0,True,0
58449,National Cup,2022.0,483543.0,M,South Asia,University Degree,0-35,High,False,0.0,False,0.0,False,236.0,187.0,0.0,205.0,111.0,380.0,False,3.0,0.0,0.0,False,11.0,0.0,False,1
45190,National Cup,2022.0,549113.0,M,South America,High school,0-35,Middle,False,0.0,False,0.0,False,24.0,5.0,0.0,18.0,13.0,114.0,False,0.0,0.0,0.0,False,,0.0,False,0
75622,Regional Tournament,2022.0,694404.0,F,Western Europe,Middle school,0-35,High,False,0.0,False,0.0,False,87.0,125.0,2.0,2.0,13.0,24.0,False,0.0,0.0,0.0,False,3.0,0.0,True,0
17816,Regional Tournament,2020.0,413984.0,F,South America,Middle school,0-35,Middle-Low,False,1.0,False,0.0,False,126.0,12.0,0.0,272.0,27.0,67.0,False,0.0,0.0,0.0,False,4.0,0.0,False,1
30991,Local Match,2019.0,388754.0,M,South America,Middle school,0-35,Low,False,0.0,False,60.0,True,473.0,1950.0,0.0,530.0,292.0,591.0,False,19.0,52.0,31.0,False,48.0,29.0,True,1
23205,Regional Tournament,2022.0,612473.0,F,Western Europe,High school,35-55,Middle,False,1.0,False,0.0,False,4.0,26.0,0.0,9.0,1.0,0.0,False,2.0,0.0,0.0,False,0.0,0.0,False,0
83849,Local Match,2019.0,289221.0,F,East Asia,High school,0-35,High,False,0.0,False,30.0,True,750.0,2984.0,0.0,288.0,529.0,1564.0,False,22.0,75.0,43.0,False,77.0,92.0,True,1
46516,Local Match,2022.0,655416.0,M,Oceania,High school,0-35,Middle-High,False,0.0,False,0.0,False,38.0,44.0,0.0,35.0,40.0,2.0,True,0.0,3.0,0.0,False,0.0,0.0,False,0
63383,National Cup,2021.0,2030117.0,M,North America,University Degree,35-55,Middle-High,False,0.0,False,,False,85.0,84.0,0.0,12.0,75.0,56.0,False,3.0,0.0,0.0,False,6.0,0.0,False,0
52445,Continental Championship,2019.0,306150.0,M,North America,High school,0-35,High,False,0.0,False,30.0,False,513.0,1267.0,0.0,146.0,60.0,355.0,False,8.0,265.0,0.0,False,58.0,28.0,True,1
18068,World Championship,2022.0,687302.0,M,Western Europe,Middle school,0-35,High,False,0.0,True,,False,92.0,248.0,0.0,14.0,41.0,84.0,False,0.0,0.0,0.0,False,0.0,0.0,True,1
26124,Local Match,2022.0,632458.0,M,South Asia,Middle school,35-55,Low,False,0.0,False,0.0,False,1593.0,3145.0,0.0,4441.0,600.0,604.0,True,15.0,146.0,35.0,False,41.0,45.0,True,1
93768,Regional Tournament,2021.0,481947.0,F,Eastern Europe,Middle school,0-35,Middle,False,0.0,False,120.0,False,18.0,4.0,0.0,40.0,8.0,1.0,False,0.0,0.0,0.0,False,0.0,0.0,False,0
10888,Continental Championship,2019.0,478212.0,M,North America,University Degree,0-35,Middle-Low,False,,False,0.0,False,195.0,453.0,0.0,56.0,16.0,187.0,False,0.0,218.0,0.0,False,10.0,5.0,False,0
11927,Local Match,2019.0,608421.0,M,Oceania,Middle school,0-35,Middle-High,False,0.0,False,0.0,True,975.0,2909.0,0.0,1602.0,540.0,1429.0,False,22.0,25.0,24.0,False,44.0,45.0,True,1
44774,Federation League,2019.0,597428.0,M,North America,University Degree,0-35,Middle-Low,False,0.0,False,0.0,False,302.0,367.0,0.0,777.0,381.0,20.0,False,10.0,185.0,0.0,False,73.0,0.0,True,1
33306,Regional Tournament,2021.0,634472.0,F,Central Asia,High school,35-55,Middle-High,False,0.0,False,60.0,False,256.0,112.0,2.0,212.0,54.0,88.0,False,0.0,0.0,0.0,False,21.0,0.0,False,1
83638,Regional Tournament,2019.0,375960.0,F,South Asia,High school,0-35,Low,False,0.0,False,30.0,False,31.0,22.0,0.0,51.0,31.0,55.0,False,0.0,0.0,0.0,False,2.0,0.0,False,1
20426,Federation League,2021.0,505561.0,F,Central Asia,Middle school,0-35,Middle,True,1.0,False,60.0,False,332.0,242.0,3.0,256.0,182.0,10.0,False,21.0,63.0,0.0,False,14.0,0.0,True,0
94043,National Cup,2022.0,608571.0,M,East Asia,High school,0-35,High,False,0.0,False,100.0,False,38.0,17.0,0.0,0.0,16.0,175.0,False,0.0,0.0,0.0,False,2.0,0.0,False,0
99452,Regional Tournament,2019.0,304069.0,F,Oceania,High school,35-55,Middle-High,False,0.0,False,30.0,False,16.0,17.0,0.0,25.0,12.0,14.0,False,1.0,0.0,0.0,False,6.0,0.0,False,0
77069,Local Match,2019.0,576789.0,M,Southern Africa,Middle school,35-55,High,False,0.0,False,0.0,True,676.0,2622.0,0.0,441.0,675.0,1588.0,False,1.0,85.0,48.0,False,99.0,65.0,True,1
63088,Regional Tournament,2020.0,549568.0,F,Oceania,High school,0-35,Low,False,0.0,False,0.0,False,54.0,139.0,0.0,160.0,113.0,93.0,False,0.0,0.0,0.0,False,21.0,0.0,False,1
58605,Local Match,2020.0,438323.0,M,Oceania,University Degree,0-35,Middle,False,0.0,False,60.0,False,353.0,761.0,0.0,170.0,419.0,932.0,False,0.0,0.0,0.0,False,21.0,14.0,True,1
91693,Continental Championship,2022.0,634957.0,M,South America,Middle school,35-55,Middle-Low,False,0.0,False,0.0,False,40.0,116.0,0.0,0.0,3.0,103.0,False,1.0,0.0,0.0,False,3.0,0.0,False,0
46858,World Championship,2019.0,602072.0,F,East Asia,High school,35-55,Middle-High,True,0.0,False,,False,101.0,94.0,0.0,20.0,14.0,108.0,False,0.0,0.0,0.0,False,0.0,0.0,True,1
61249,Federation League,2022.0,2025589.0,F,South America,University Degree,35-55,Low,False,0.0,False,0.0,False,50.0,27.0,0.0,12.0,34.0,0.0,False,2.0,0.0,0.0,False,0.0,0.0,False,1
61561,Local Match,2022.0,2449490.0,M,North America,University Degree,0-35,Middle-Low,True,0.0,False,60.0,False,81.0,120.0,0.0,63.0,42.0,63.0,True,1.0,0.0,0.0,False,8.0,0.0,False,0
32890,Federation League,2022.0,685615.0,F,Central America,High school,0-35,High,False,0.0,False,30.0,False,505.0,223.0,17.0,393.0,150.0,10.0,False,17.0,0.0,0.0,False,39.0,0.0,False,1
42094,Federation League,2022.0,610828.0,M,Western Europe,High school,0-35,High,False,0.0,False,30.0,False,367.0,581.0,0.0,347.0,86.0,1.0,False,15.0,0.0,0.0,False,14.0,0.0,True,0
66669,Federation League,2019.0,611162.0,F,Southern Africa,Middle school,0-35,Middle-Low,False,0.0,False,60.0,False,281.0,90.0,4.0,241.0,275.0,34.0,False,18.0,211.0,0.0,False,30.0,0.0,True,1
68082,Olympic Games,2019.0,2182846.0,F,South America,High school,35-55,Middle-High,False,0.0,False,0.0,False,586.0,1252.0,0.0,2202.0,121.0,0.0,False,0.0,0.0,0.0,False,42.0,11.0,True,1
14263,Local Match,2022.0,654738.0,M,Central Asia,Middle school,0-35,High,False,0.0,False,60.0,False,41.0,70.0,0.0,41.0,24.0,40.0,True,1.0,0.0,0.0,False,1.0,0.0,True,0
31910,Regional Tournament,2021.0,563986.0,F,Northern Africa,Middle school,0-35,Low,False,0.0,False,15.0,False,256.0,30.0,6.0,297.0,70.0,68.0,False,2.0,0.0,0.0,False,50.0,0.0,False,0
44066,Local Match,2019.0,585305.0,M,Southern Africa,Middle school,0-35,Middle-Low,False,0.0,False,0.0,True,115.0,156.0,3.0,91.0,122.0,654.0,False,0.0,0.0,0.0,False,1.0,0.0,True,1
31292,Regional Tournament,2019.0,578546.0,F,Southern Europe,High school,0-35,Middle-High,False,0.0,False,0.0,False,332.0,105.0,3.0,214.0,114.0,137.0,False,7.0,0.0,0.0,False,67.0,0.0,False,1
28568,Federation League,2020.0,532565.0,M,Southern Europe,Middle school,0-35,High,False,0.0,False,0.0,False,1279.0,263.0,0.0,1519.0,216.0,26.0,False,0.0,45.0,0.0,False,36.0,3.0,True,1
62732,Federation League,2021.0,590680.0,F,Southern Europe,High school,0-35,Low,False,0.0,False,0.0,False,191.0,90.0,0.0,216.0,164.0,13.0,False,4.0,96.0,0.0,False,13.0,0.0,False,1
36299,National Cup,2022.0,279879.0,F,North America,University Degree,0-35,Middle-High,False,0.0,False,,False,18.0,10.0,0.0,0.0,6.0,92.0,False,0.0,0.0,0.0,False,2.0,0.0,False,0
12913,Continental Championship,2022.0,684907.0,M,Central Asia,Middle school,0-35,Middle,False,0.0,False,0.0,False,320.0,901.0,0.0,121.0,14.0,187.0,False,2.0,317.0,0.0,False,27.0,0.0,True,1
94510,World Championship,2019.0,599009.0,F,Western Europe,Middle school,0-35,Middle-High,False,0.0,False,,False,298.0,616.0,15.0,82.0,,111.0,False,0.0,0.0,0.0,False,0.0,0.0,True,1
42507,Local Match,2021.0,626103.0,M,Oceania,High school,35-55,High,False,0.0,False,0.0,True,769.0,2399.0,0.0,1385.0,651.0,1201.0,False,30.0,172.0,32.0,False,75.0,30.0,True,1
64187,Local Match,2019.0,609416.0,M,Central America,University Degree,35-55,Middle-Low,False,0.0,False,0.0,True,661.0,2039.0,0.0,513.0,359.0,747.0,False,0.0,34.0,12.0,False,30.0,9.0,True,1
76757,Local Match,2022.0,650424.0,M,Eastern Europe,Middle school,0-35,Low,False,0.0,False,60.0,False,496.0,1929.0,6.0,383.0,305.0,593.0,True,11.0,17.0,0.0,False,34.0,11.0,True,1
16072,World Championship,2022.0,537115.0,F,Northern Africa,High school,0-35,Low,False,0.0,True,,False,43.0,10.0,0.0,41.0,6.0,4.0,False,0.0,0.0,0.0,False,0.0,0.0,False,0
38947,Regional Tournament,2019.0,521590.0,F,Northern Africa,Middle school,0-35,Low,False,0.0,False,0.0,False,367.0,59.0,0.0,2141.0,28.0,85.0,False,0.0,0.0,0.0,False,11.0,0.0,False,1
96688,World Championship,2022.0,2606765.0,F,South America,Middle school,0-35,High,False,0.0,False,,False,27.0,64.0,2.0,0.0,37.0,106.0,False,0.0,0.0,0.0,False,0.0,0.0,False,1
30017,Continental Championship,2022.0,650950.0,M,North America,University Degree,35-55,Middle,False,0.0,False,,False,95.0,547.0,0.0,226.0,7.0,142.0,False,4.0,1.0,0.0,False,19.0,0.0,False,0
40027,Continental Championship,2022.0,649667.0,M,Northern Africa,High school,0-35,Middle-High,False,0.0,False,0.0,False,302.0,774.0,0.0,291.0,68.0,91.0,False,5.0,325.0,0.0,False,36.0,0.0,True,1
80950,Local Match,2020.0,340496.0,M,East Asia,High school,35-55,High,True,2.0,False,0.0,False,267.0,788.0,0.0,383.0,198.0,517.0,False,0.0,42.0,18.0,False,30.0,31.0,True,1
55645,Local Match,2019.0,504076.0,F,Eastern Europe,Middle school,0-35,Middle-Low,False,0.0,False,60.0,True,1647.0,3774.0,0.0,1007.0,1074.0,1532.0,False,15.0,75.0,37.0,False,137.0,32.0,True,1
22763,Federation League,2019.0,408061.0,M,East Asia,High school,0-35,Middle,False,0.0,False,30.0,False,162.0,383.0,0.0,116.0,79.0,2.0,False,0.0,59.0,0.0,False,3.0,0.0,True,0
28595,Regional Tournament,2020.0,545392.0,F,Southern Europe,High school,0-35,Low,False,0.0,False,0.0,False,146.0,13.0,2.0,196.0,40.0,123.0,False,0.0,0.0,0.0,False,18.0,0.0,False,1
14965,Regional Tournament,2022.0,89850.0,F,East Asia,University Degree,0-35,High,False,0.0,False,60.0,False,305.0,394.0,1.0,290.0,64.0,148.0,False,24.0,0.0,0.0,False,1.0,0.0,True,1
81325,Local Match,2019.0,412697.0,M,South Asia,High school,0-35,High,False,2.0,False,140.0,True,259.0,1804.0,1.0,93.0,321.0,505.0,False,0.0,17.0,9.0,False,64.0,6.0,True,1
60165,Regional Tournament,2021.0,275006.0,F,South America,Middle school,0-35,Middle-Low,False,1.0,False,60.0,False,86.0,1.0,0.0,135.0,5.0,15.0,False,0.0,0.0,0.0,False,9.0,0.0,True,0
68785,Continental Championship,2021.0,607570.0,M,Central America,Middle school,0-35,Low,False,0.0,False,,False,47.0,56.0,0.0,19.0,18.0,152.0,False,0.0,0.0,0.0,False,2.0,0.0,False,0
92807,Local Match,2020.0,392691.0,M,Middle East,Middle school,0-35,Middle,False,0.0,False,140.0,False,177.0,499.0,15.0,249.0,169.0,171.0,False,0.0,70.0,0.0,False,21.0,20.0,True,0
19060,Local Match,2019.0,594546.0,M,Middle East,High school,0-35,High,False,0.0,False,60.0,True,1197.0,4249.0,0.0,764.0,1033.0,777.0,False,13.0,33.0,9.0,False,100.0,49.0,True,1
48234,World Championship,2021.0,607536.0,F,Western Europe,Middle school,0-35,Middle-Low,False,0.0,False,,False,149.0,300.0,0.0,159.0,22.0,90.0,False,0.0,0.0,0.0,False,0.0,0.0,True,1
23853,Local Match,2019.0,572265.0,M,South America,High school,0-35,Middle-Low,False,0.0,False,90.0,False,126.0,424.0,0.0,46.0,99.0,148.0,False,1.0,5.0,0.0,False,9.0,2.0,True,0
48261,World Championship,2021.0,629514.0,F,East Asia,Middle school,35-55,High,False,0.0,False,,False,72.0,144.0,0.0,32.0,14.0,49.0,False,0.0,0.0,0.0,False,0.0,0.0,True,0
34555,Federation League,2019.0,590920.0,F,Central Asia,Middle school,0-35,Middle-Low,False,0.0,False,60.0,False,371.0,138.0,0.0,340.0,255.0,8.0,False,35.0,120.0,0.0,False,59.0,0.0,True,0
46158,Federation League,2022.0,2452111.0,M,East Asia,Middle school,0-35,High,False,0.0,False,60.0,False,123.0,168.0,28.0,78.0,48.0,3.0,False,0.0,0.0,0.0,False,13.0,0.0,False,0
76487,Local Match,2022.0,645405.0,M,Middle East,Middle school,35-55,Middle-High,False,0.0,False,60.0,False,1311.0,3062.0,0.0,1704.0,701.0,2409.0,True,9.0,113.0,28.0,False,88.0,33.0,True,1
95296,National Cup,2021.0,1922200.0,M,Southern Africa,Middle school,35-55,Middle,False,0.0,False,,False,232.0,99.0,0.0,522.0,90.0,251.0,False,0.0,0.0,0.0,False,8.0,0.0,False,0
36148,Local Match,2019.0,562763.0,M,Northern Africa,High school,0-35,High,False,0.0,False,140.0,False,165.0,296.0,0.0,166.0,111.0,390.0,False,0.0,13.0,0.0,False,10.0,0.0,True,0
77589,Local Match,2020.0,533874.0,M,South America,High school,0-35,Low,False,0.0,False,30.0,False,66.0,317.0,0.0,30.0,71.0,91.0,False,0.0,1.0,0.0,False,13.0,3.0,True,0
37611,Federation League,2022.0,298777.0,M,Northern Africa,High school,0-35,Middle,False,1.0,False,,False,114.0,184.0,0.0,169.0,41.0,1.0,False,1.0,0.0,0.0,False,12.0,0.0,True,0
78233,National Cup,2021.0,57340.0,F,Western Europe,High school,0-35,Middle-Low,False,0.0,False,60.0,False,159.0,66.0,0.0,60.0,85.0,706.0,False,2.0,0.0,0.0,False,12.0,0.0,False,1
14833,National Cup,2021.0,556521.0,M,Western Europe,High school,0-35,Middle,True,0.0,False,0.0,False,11.0,11.0,0.0,2.0,9.0,51.0,False,0.0,0.0,0.0,False,1.0,0.0,False,0
90165,Local Match,2020.0,479057.0,M,South Asia,Middle school,0-35,Low,False,0.0,False,30.0,False,328.0,1653.0,0.0,61.0,325.0,788.0,False,0.0,34.0,3.0,False,27.0,8.0,True,1
22156,Olympic Games,2019.0,127582.0,F,Central Asia,High school,0-35,Middle,False,0.0,False,120.0,False,324.0,684.0,0.0,198.0,90.0,0.0,False,0.0,0.0,0.0,False,25.0,0.0,False,1
85255,Regional Tournament,2021.0,625514.0,M,Western Europe,University Degree,0-35,Middle,False,0.0,False,60.0,False,107.0,103.0,0.0,39.0,116.0,75.0,False,0.0,0.0,0.0,False,6.0,0.0,False,1
61407,Federation League,2021.0,620951.0,M,North America,Middle school,35-55,Low,,0.0,False,0.0,False,27.0,54.0,0.0,0.0,71.0,2.0,False,0.0,17.0,0.0,False,2.0,0.0,False,0
10578,Local Match,2022.0,695729.0,M,South America,Middle school,35-55,Low,False,0.0,False,0.0,False,1165.0,2752.0,3.0,1780.0,894.0,913.0,True,143.0,131.0,50.0,False,209.0,32.0,True,1
92881,Local Match,2020.0,549517.0,M,Central America,University Degree,0-35,High,False,0.0,False,0.0,False,658.0,2558.0,0.0,385.0,524.0,1138.0,False,0.0,29.0,22.0,False,50.0,40.0,True,1
26765,Local Match,2020.0,543643.0,F,East Asia,High school,0-35,Middle-Low,True,0.0,False,0.0,False,253.0,4345.0,0.0,233.0,133.0,699.0,False,0.0,8.0,3.0,False,23.0,24.0,True,1
53451,Continental Championship,2019.0,598321.0,M,East Asia,University Degree,35-55,High,False,0.0,False,0.0,False,456.0,1185.0,0.0,175.0,109.0,148.0,False,10.0,526.0,0.0,False,84.0,4.0,,1
50501,Regional Tournament,2022.0,689267.0,F,Southern Africa,Middle school,35-55,High,False,0.0,True,0.0,False,43.0,131.0,0.0,1.0,28.0,0.0,False,1.0,0.0,2.0,False,3.0,0.0,False,1
34897,Local Match,2022.0,504270.0,M,South Asia,High school,0-35,High,False,1.0,False,0.0,False,16.0,81.0,0.0,5.0,20.0,0.0,False,0.0,0.0,0.0,False,0.0,0.0,False,0
76532,Federation League,2021.0,118479.0,M,Southern Africa,High school,0-35,High,False,0.0,False,0.0,False,824.0,416.0,24.0,1066.0,725.0,12.0,False,10.0,325.0,0.0,False,61.0,0.0,True,1
36224,National Cup,2022.0,253496.0,M,Central America,Middle school,0-35,Low,False,0.0,False,0.0,False,94.0,125.0,0.0,73.0,42.0,171.0,False,0.0,0.0,0.0,False,5.0,0.0,False,0
23762,Federation League,2020.0,540592.0,F,Central America,High school,0-35,Middle,False,0.0,False,0.0,False,674.0,344.0,68.0,465.0,1177.0,50.0,False,0.0,108.0,0.0,False,277.0,17.0,False,0
72105,Federation League,2019.0,592252.0,M,Oceania,High school,0-35,High,False,0.0,False,60.0,False,147.0,134.0,1.0,143.0,268.0,4.0,False,1.0,62.0,0.0,False,23.0,0.0,True,1
84162,Regional Tournament,2022.0,442745.0,F,East Asia,High school,35-55,Middle,False,0.0,False,0.0,False,4.0,6.0,0.0,0.0,2.0,0.0,False,0.0,0.0,0.0,False,0.0,0.0,True,0
79935,Federation League,2020.0,2531298.0,F,Northern Africa,High school,35-55,Low,False,0.0,False,60.0,False,18.0,167.0,0.0,16.0,53.0,23.0,False,0.0,9.0,0.0,False,8.0,1.0,False,0
54737,National Cup,2022.0,588170.0,F,Middle East,High school,35-55,Middle-Low,False,0.0,False,0.0,False,101.0,100.0,0.0,235.0,83.0,323.0,False,2.0,0.0,0.0,False,3.0,0.0,False,0
19390,Regional Tournament,2022.0,683420.0,F,Central America,Middle school,0-35,Middle,False,0.0,False,0.0,False,144.0,736.0,1.0,2.0,6.0,57.0,False,6.0,0.0,3.0,False,1.0,0.0,False,1
84350,National Cup,2021.0,615437.0,M,Western Europe,University Degree,0-35,Low,False,0.0,False,,False,492.0,562.0,0.0,23.0,187.0,2432.0,False,0.0,,0.0,False,33.0,0.0,False,1
15624,Continental Championship,2022.0,570273.0,M,East Asia,High school,0-35,High,False,1.0,False,0.0,False,570.0,779.0,0.0,1003.0,79.0,61.0,False,9.0,310.0,0.0,False,59.0,0.0,True,1
55953,Continental Championship,2019.0,189629.0,F,Eastern Europe,High school,0-35,Middle-Low,True,0.0,False,,False,263.0,415.0,0.0,415.0,121.0,212.0,False,6.0,224.0,0.0,False,12.0,2.0,False,1
93629,National Cup,2021.0,582108.0,M,South America,High school,0-35,Low,False,0.0,False,30.0,False,179.0,96.0,0.0,45.0,105.0,464.0,False,0.0,0.0,0.0,False,8.0,0.0,False,0
15920,Local Match,2019.0,576423.0,M,South America,High school,0-35,Low,False,0.0,False,140.0,False,77.0,140.0,0.0,40.0,74.0,1.0,False,0.0,1.0,0.0,False,2.0,0.0,True,0
93764,Federation League,2020.0,550604.0,F,North America,University Degree,35-55,Middle-Low,False,0.0,False,0.0,False,594.0,414.0,4.0,942.0,452.0,19.0,False,0.0,103.0,0.0,False,134.0,21.0,False,1
70920,World Championship,2019.0,32239.0,F,South America,High school,0-35,Middle-Low,False,0.0,False,,False,181.0,196.0,0.0,140.0,15.0,88.0,False,0.0,0.0,0.0,False,0.0,0.0,True,1
74920,Federation League,2019.0,608217.0,F,Oceania,University Degree,35-55,High,False,0.0,False,0.0,False,194.0,98.0,32.0,357.0,205.0,18.0,False,11.0,129.0,0.0,False,8.0,0.0,True,1
81364,Regional Tournament,2020.0,532839.0,F,South Asia,University Degree,0-35,High,False,0.0,False,0.0,False,285.0,43.0,5.0,380.0,96.0,63.0,False,0.0,0.0,0.0,False,16.0,1.0,False,0
23447,Regional Tournament,2020.0,2487541.0,F,South America,University Degree,35-55,Middle,False,0.0,False,0.0,False,375.0,17.0,2.0,1394.0,44.0,65.0,False,0.0,0.0,0.0,False,14.0,3.0,False,1
18130,Regional Tournament,2021.0,635755.0,F,Central America,High school,0-35,Low,True,0.0,False,0.0,False,236.0,74.0,4.0,847.0,66.0,79.0,False,3.0,0.0,0.0,False,29.0,0.0,False,1
29334,Federation League,2022.0,131152.0,M,Southern Europe,High school,0-35,High,False,0.0,False,60.0,False,113.0,67.0,0.0,136.0,51.0,5.0,False,0.0,0.0,0.0,False,5.0,0.0,True,0
14062,Regional Tournament,2021.0,519859.0,F,Oceania,High school,0-35,Middle-High,False,0.0,False,0.0,False,347.0,238.0,0.0,88.0,190.0,116.0,False,0.0,0.0,0.0,False,106.0,0.0,False,1
19877,Local Match,2019.0,436044.0,M,South Asia,High school,0-35,Middle-Low,False,1.0,False,120.0,False,102.0,194.0,0.0,18.0,83.0,98.0,,0.0,0.0,0.0,False,2.0,0.0,True,0
24042,Local Match,2022.0,696653.0,M,South America,High school,0-35,High,False,0.0,False,30.0,False,122.0,410.0,0.0,147.0,138.0,1.0,True,0.0,1.0,0.0,False,1.0,0.0,True,0
65851,Regional Tournament,2020.0,2528966.0,F,Northern Africa,High school,35-55,Low,True,1.0,False,60.0,False,218.0,61.0,0.0,17.0,103.0,36.0,False,0.0,0.0,0.0,False,11.0,0.0,False,1
24796,National Cup,2021.0,233444.0,M,South America,Middle school,0-35,Low,False,0.0,False,0.0,False,77.0,239.0,0.0,9.0,36.0,133.0,False,0.0,0.0,0.0,False,5.0,0.0,False,0
43654,Federation League,2020.0,525820.0,F,Western Europe,Middle school,0-35,Middle,False,0.0,False,60.0,False,435.0,407.0,0.0,250.0,190.0,39.0,False,0.0,91.0,0.0,False,30.0,0.0,False,0
12660,Local Match,2020.0,443563.0,M,Eastern Europe,High school,0-35,High,False,1.0,False,60.0,False,628.0,2906.0,0.0,461.0,582.0,687.0,False,0.0,40.0,17.0,False,44.0,44.0,True,1
14567,Local Match,2022.0,647045.0,F,Central America,Middle school,35-55,Low,False,0.0,False,30.0,False,215.0,464.0,0.0,207.0,226.0,,True,3.0,5.0,0.0,False,23.0,0.0,False,0
50679,Regional Tournament,2022.0,2681940.0,F,North America,High school,35-55,Middle-Low,False,5.0,False,0.0,False,173.0,571.0,2.0,2.0,14.0,132.0,False,2.0,0.0,0.0,False,2.0,0.0,False,1
48175,Regional Tournament,,398084.0,F,South America,Middle school,0-35,Low,False,0.0,False,0.0,False,214.0,66.0,0.0,822.0,128.0,81.0,False,0.0,0.0,0.0,False,25.0,2.0,False,1
15210,Regional Tournament,2022.0,687326.0,F,South America,University Degree,0-35,Middle,False,0.0,False,60.0,False,80.0,179.0,2.0,2.0,11.0,9.0,False,9.0,0.0,0.0,False,1.0,0.0,False,0
19222,Federation League,2022.0,612443.0,F,,High school,35-55,Middle-Low,False,1.0,True,0.0,False,28.0,32.0,0.0,7.0,21.0,1.0,False,0.0,0.0,0.0,False,2.0,0.0,True,0
91540,Federation League,2022.0,133365.0,F,Central Asia,High school,35-55,Low,False,0.0,False,0.0,False,491.0,356.0,34.0,662.0,388.0,23.0,False,68.0,0.0,0.0,False,88.0,0.0,True,1
12946,National Cup,2021.0,62278.0,M,Eastern Europe,High school,0-35,Middle-Low,False,0.0,False,,False,234.0,165.0,0.0,103.0,178.0,349.0,False,0.0,0.0,0.0,False,8.0,0.0,False,0
96493,Federation League,2022.0,676809.0,M,Middle East,High school,,Middle-Low,False,0.0,False,0.0,False,84.0,118.0,14.0,30.0,128.0,0.0,False,0.0,0.0,0.0,False,3.0,0.0,False,0
51505,Regional Tournament,2020.0,498131.0,F,Western Europe,Middle school,0-35,Middle-High,False,0.0,False,0.0,False,200.0,27.0,3.0,1791.0,45.0,96.0,False,0.0,0.0,0.0,False,10.0,0.0,False,1
91011,Local Match,2022.0,677655.0,M,Northern Africa,Middle school,35-55,Middle,False,0.0,False,0.0,False,691.0,770.0,0.0,984.0,309.0,1585.0,True,8.0,23.0,17.0,False,46.0,10.0,True,1
55908,Federation League,2021.0,127580.0,F,East Asia,Middle school,0-35,Middle,False,0.0,False,0.0,False,799.0,564.0,4.0,800.0,633.0,38.0,False,9.0,104.0,0.0,False,51.0,0.0,True,1
57652,Federation League,2020.0,527747.0,M,Western Europe,High school,0-35,High,False,0.0,False,0.0,False,201.0,278.0,0.0,154.0,120.0,21.0,False,0.0,26.0,0.0,False,43.0,15.0,False,0
45107,National Cup,2022.0,575766.0,M,East Asia,Middle school,0-35,High,False,0.0,False,0.0,False,232.0,123.0,0.0,153.0,61.0,422.0,False,1.0,0.0,0.0,False,0.0,0.0,False,1
93351,Federation League,2019.0,2589096.0,M,East Asia,Middle school,0-35,Middle-Low,False,0.0,False,0.0,False,413.0,95.0,1.0,391.0,177.0,7.0,False,1.0,74.0,0.0,False,78.0,0.0,False,0
78575,Federation League,2019.0,598989.0,M,Northern Africa,High school,0-35,Middle-Low,False,0.0,False,0.0,False,744.0,583.0,0.0,575.0,309.0,18.0,False,27.0,140.0,0.0,False,64.0,0.0,True,1
54832,National Cup,2021.0,634167.0,M,Central America,High school,0-35,Middle-High,False,0.0,False,0.0,False,142.0,50.0,0.0,10.0,112.0,1121.0,False,10.0,0.0,0.0,False,8.0,0.0,False,1
73334,Regional Tournament,2019.0,573433.0,F,Central America,University Degree,35-55,Middle-Low,False,0.0,False,0.0,False,761.0,96.0,1.0,1168.0,81.0,138.0,False,0.0,0.0,0.0,False,35.0,0.0,True,1
39676,Local Match,2021.0,626765.0,M,Central Asia,Middle school,0-35,Low,False,0.0,False,30.0,True,199.0,625.0,0.0,159.0,121.0,586.0,False,20.0,48.0,4.0,False,7.0,0.0,True,1
40298,Regional Tournament,2021.0,625879.0,F,Southern Europe,High school,0-35,Middle,False,0.0,False,60.0,False,39.0,14.0,1.0,6.0,37.0,22.0,False,0.0,0.0,0.0,False,6.0,0.0,False,0
60350,Continental Championship,2021.0,523061.0,M,Northern Africa,High school,0-35,Low,False,0.0,False,60.0,False,240.0,450.0,0.0,19.0,57.0,135.0,False,0.0,163.0,0.0,False,22.0,0.0,False,1
36143,Regional Tournament,2019.0,496442.0,F,Eastern Europe,Middle school,0-35,Middle-High,False,0.0,False,0.0,False,67.0,23.0,0.0,47.0,23.0,68.0,False,0.0,0.0,0.0,False,4.0,0.0,False,1
77054,Regional Tournament,2021.0,624673.0,F,Northern Africa,Middle school,0-35,Low,False,0.0,False,0.0,False,40.0,14.0,1.0,9.0,18.0,38.0,False,0.0,0.0,0.0,False,8.0,0.0,False,0
15399,Regional Tournament,2019.0,269204.0,F,East Asia,Middle school,35-55,High,False,0.0,False,0.0,False,436.0,289.0,12.0,727.0,100.0,102.0,False,0.0,0.0,0.0,False,85.0,0.0,False,1
41058,Local Match,2022.0,507935.0,M,Oceania,High school,0-35,Low,True,0.0,False,0.0,False,1036.0,700.0,8.0,3067.0,243.0,594.0,True,5.0,,30.0,False,60.0,22.0,True,1
63026,National Cup,2021.0,622773.0,F,Oceania,High school,0-35,High,False,0.0,False,60.0,False,706.0,62.0,0.0,2101.0,140.0,757.0,False,1.0,0.0,0.0,False,11.0,0.0,False,1
35589,Local Match,2019.0,985062.0,M,Middle East,University Degree,35-55,Middle,False,,False,60.0,True,499.0,1199.0,1.0,546.0,541.0,494.0,False,71.0,129.0,22.0,False,68.0,43.0,True,1
21794,Local Match,2022.0,674236.0,M,Central America,High school,0-35,Low,False,0.0,False,60.0,False,246.0,1675.0,0.0,295.0,382.0,608.0,True,5.0,1.0,3.0,False,42.0,0.0,True,1
68642,Local Match,2022.0,692297.0,M,East Asia,Middle school,35-55,Middle,True,0.0,False,0.0,False,23.0,39.0,0.0,25.0,32.0,0.0,False,2.0,0.0,0.0,False,1.0,0.0,False,0
98800,Federation League,2019.0,592284.0,F,Northern Africa,High school,,Low,True,0.0,False,60.0,False,39.0,39.0,0.0,0.0,7.0,4.0,False,0.0,0.0,0.0,False,6.0,0.0,False,0
10384,World Championship,2021.0,282388.0,M,Central Asia,Middle school,35-55,High,False,0.0,False,,False,173.0,170.0,2.0,72.0,45.0,161.0,False,0.0,0.0,0.0,False,0.0,0.0,True,0
32131,Federation League,2021.0,611879.0,M,Western Europe,High school,0-35,Middle,False,0.0,False,0.0,False,102.0,168.0,0.0,49.0,162.0,4.0,False,8.0,98.0,0.0,False,17.0,0.0,True,1
12035,Federation League,2019.0,531234.0,F,Eastern Europe,Middle school,35-55,Middle-High,False,0.0,False,60.0,False,150.0,35.0,0.0,151.0,73.0,1.0,False,7.0,26.0,0.0,False,13.0,0.0,False,0
12719,Regional Tournament,2020.0,432319.0,F,Eastern Europe,High school,0-35,High,False,2.0,False,60.0,False,14.0,0.0,0.0,13.0,1.0,20.0,False,0.0,0.0,0.0,False,1.0,0.0,False,0
41845,Continental Championship,2019.0,612177.0,M,North America,University Degree,0-35,Middle-High,False,0.0,False,0.0,False,217.0,661.0,0.0,115.0,30.0,229.0,False,0.0,52.0,0.0,False,51.0,0.0,,1
37462,Federation League,2020.0,324691.0,F,Oceania,High school,35-55,Middle,False,0.0,False,0.0,False,412.0,212.0,0.0,474.0,611.0,44.0,False,0.0,130.0,0.0,False,78.0,58.0,False,1
46479,Federation League,2022.0,636364.0,M,Eastern Europe,Middle school,0-35,Middle-Low,False,0.0,False,30.0,False,554.0,206.0,0.0,603.0,368.0,29.0,False,73.0,3.0,0.0,False,85.0,0.0,True,1
84491,Local Match,2020.0,554045.0,M,Southern Europe,High school,0-35,Middle-Low,False,0.0,False,0.0,False,54.0,73.0,0.0,63.0,49.0,74.0,False,0.0,1.0,0.0,False,9.0,0.0,True,0
97605,Regional Tournament,2019.0,2588742.0,F,Central Asia,Middle school,0-35,High,False,2.0,False,0.0,False,119.0,34.0,0.0,49.0,28.0,76.0,False,0.0,0.0,0.0,False,3.0,0.0,True,1
36044,Continental Championship,2022.0,655609.0,M,Northern Africa,High school,0-35,Low,False,0.0,False,0.0,False,280.0,955.0,0.0,338.0,37.0,165.0,False,0.0,177.0,0.0,False,24.0,0.0,False,1
42816,Regional Tournament,2020.0,427773.0,F,South America,High school,0-35,High,False,0.0,False,60.0,False,159.0,46.0,0.0,176.0,68.0,87.0,False,0.0,0.0,0.0,False,5.0,0.0,False,1
71727,Regional Tournament,2021.0,548296.0,F,East Asia,High school,0-35,Low,False,1.0,False,0.0,False,13.0,8.0,0.0,8.0,8.0,16.0,False,0.0,0.0,0.0,False,2.0,0.0,False,0
97636,National Cup,2021.0,500597.0,M,Eastern Europe,High school,35-55,Low,False,0.0,False,,False,220.0,304.0,0.0,38.0,123.0,1225.0,False,0.0,0.0,0.0,False,9.0,0.0,False,0
58094,Federation League,2021.0,355780.0,M,South Asia,University Degree,35-55,High,False,0.0,False,0.0,False,174.0,87.0,0.0,221.0,177.0,5.0,False,1.0,38.0,0.0,False,9.0,0.0,True,0
89415,Regional Tournament,2020.0,92274.0,F,Western Europe,Middle school,0-35,High,False,0.0,False,0.0,False,95.0,41.0,2.0,186.0,57.0,54.0,False,0.0,,0.0,False,12.0,0.0,False,0
54845,Federation League,2020.0,557504.0,F,South America,Middle school,0-35,Middle,False,0.0,False,0.0,False,7.0,33.0,0.0,0.0,17.0,1.0,False,0.0,0.0,0.0,False,10.0,0.0,False,0
73783,Regional Tournament,2020.0,547755.0,F,Central America,Middle school,35-55,High,False,0.0,False,60.0,False,170.0,38.0,1.0,824.0,69.0,2.0,False,0.0,0.0,0.0,False,15.0,1.0,True,0
47148,Federation League,2019.0,1530521.0,M,Central Asia,Middle school,35-55,High,False,0.0,False,0.0,False,358.0,267.0,58.0,447.0,493.0,4.0,False,40.0,103.0,0.0,False,17.0,0.0,True,1
13160,Continental Championship,2022.0,479987.0,M,North America,University Degree,0-35,High,False,1.0,False,0.0,False,109.0,432.0,0.0,47.0,43.0,101.0,False,0.0,39.0,0.0,False,12.0,0.0,False,1
31531,Local Match,2020.0,560425.0,M,Eastern Europe,High school,,Low,False,0.0,False,0.0,False,921.0,2997.0,1.0,976.0,419.0,1099.0,False,0.0,15.0,24.0,False,103.0,37.0,True,1
75776,Regional Tournament,2022.0,498841.0,F,Central Asia,High school,0-35,Middle-High,False,1.0,False,120.0,False,84.0,240.0,2.0,23.0,13.0,44.0,False,0.0,0.0,0.0,False,3.0,0.0,False,1
30644,Regional Tournament,2019.0,124909.0,M,Southern Europe,Middle school,35-55,Middle,False,0.0,False,0.0,False,453.0,44.0,0.0,876.0,39.0,86.0,False,0.0,0.0,0.0,False,22.0,0.0,False,1
59275,Continental Championship,2022.0,654891.0,M,East Asia,Middle school,0-35,Middle-Low,False,0.0,False,,False,530.0,1312.0,0.0,405.0,12.0,117.0,False,2.0,153.0,0.0,False,47.0,0.0,True,1
23255,Federation League,2022.0,2499525.0,F,Middle East,High school,0-35,Middle-Low,False,0.0,False,0.0,False,523.0,209.0,5.0,932.0,455.0,11.0,False,43.0,0.0,0.0,False,44.0,0.0,True,1
17641,Regional Tournament,2022.0,656784.0,F,North America,University Degree,0-35,Middle-Low,False,0.0,False,0.0,False,159.0,386.0,1.0,101.0,41.0,104.0,False,26.0,0.0,0.0,False,2.0,0.0,True,0
31310,Local Match,2022.0,605682.0,,South Asia,High school,0-35,Middle-High,False,0.0,False,0.0,False,510.0,1820.0,3.0,379.0,294.0,679.0,True,1.0,30.0,37.0,False,16.0,36.0,True,1
30672,Local Match,2022.0,656029.0,M,East Asia,Middle school,35-55,Middle-High,False,0.0,False,90.0,False,146.0,227.0,0.0,63.0,83.0,5.0,True,1.0,3.0,0.0,False,3.0,0.0,False,0
46649,Local Match,2019.0,316061.0,,Northern Africa,Middle school,0-35,Low,True,0.0,False,120.0,False,66.0,57.0,0.0,58.0,39.0,0.0,False,0.0,0.0,0.0,False,0.0,0.0,False,0
72996,World Championship,2021.0,604901.0,F,Western Europe,Middle school,0-35,Middle,True,0.0,False,,False,92.0,308.0,1.0,60.0,11.0,114.0,False,0.0,0.0,0.0,False,0.0,0.0,True,1
91948,National Cup,2021.0,376701.0,M,Middle East,High school,0-35,Middle-Low,False,0.0,False,30.0,False,53.0,35.0,0.0,13.0,14.0,164.0,False,0.0,0.0,0.0,False,1.0,0.0,False,0
13935,Local Match,2022.0,649555.0,M,East Asia,,0-35,Middle,False,0.0,False,60.0,False,45.0,97.0,0.0,142.0,39.0,87.0,True,2.0,1.0,0.0,False,8.0,0.0,True,0
12440,Regional Tournament,2022.0,528702.0,F,Central America,Middle school,0-35,Middle-Low,False,1.0,False,0.0,False,213.0,305.0,0.0,65.0,54.0,22.0,False,0.0,0.0,0.0,False,1.0,0.0,True,0
60293,Regional Tournament,2019.0,597742.0,F,Eastern Europe,Middle school,0-35,Middle,False,0.0,False,0.0,False,148.0,57.0,0.0,256.0,42.0,62.0,False,1.0,0.0,0.0,False,12.0,0.0,False,1
86017,Local Match,2019.0,594814.0,M,Southern Europe,High school,0-35,Middle,False,0.0,False,0.0,True,1121.0,3150.0,0.0,893.0,487.0,1154.0,False,3.0,108.0,30.0,False,60.0,17.0,True,1
24992,Continental Championship,2019.0,575762.0,M,Southern Europe,University Degree,35-55,Middle,False,0.0,False,0.0,False,236.0,659.0,0.0,17.0,39.0,192.0,False,0.0,125.0,0.0,False,28.0,5.0,False,1
64331,National Cup,2021.0,628122.0,F,North America,University Degree,0-35,Middle,False,0.0,False,,False,42.0,9.0,0.0,29.0,9.0,104.0,False,0.0,0.0,0.0,False,1.0,0.0,False,0
50964,Continental Championship,2021.0,497580.0,M,Western Europe,High school,0-35,High,False,0.0,False,,False,312.0,550.0,0.0,269.0,21.0,118.0,False,0.0,394.0,0.0,False,95.0,1.0,True,1
53655,Regional Tournament,2020.0,550400.0,F,Western Europe,High school,0-35,Middle,True,0.0,False,0.0,False,349.0,80.0,4.0,2641.0,178.0,70.0,False,0.0,0.0,0.0,False,21.0,0.0,False,0
30428,Continental Championship,2019.0,596321.0,F,Northern Africa,High school,0-35,Middle-High,False,0.0,False,0.0,False,70.0,457.0,0.0,150.0,7.0,135.0,False,2.0,0.0,0.0,False,11.0,5.0,True,0
37504,Regional Tournament,2022.0,700086.0,F,Central America,Middle school,35-55,High,False,0.0,False,0.0,False,236.0,567.0,1.0,48.0,57.0,171.0,False,2.0,0.0,1.0,False,4.0,0.0,True,1
29770,Local Match,2021.0,445818.0,F,Western Europe,Middle school,35-55,Middle-High,True,0.0,False,0.0,False,151.0,206.0,0.0,341.0,142.0,13.0,False,0.0,18.0,6.0,False,13.0,3.0,True,0
52395,Regional Tournament,2022.0,676604.0,F,Eastern Europe,Middle school,0-35,Middle,False,0.0,False,30.0,False,94.0,340.0,2.0,4.0,37.0,176.0,False,0.0,0.0,0.0,False,8.0,0.0,True,0
26351,National Cup,2022.0,600509.0,M,Northern Africa,High school,0-35,Middle-High,False,1.0,False,,False,13.0,4.0,0.0,0.0,5.0,50.0,False,0.0,0.0,0.0,False,1.0,0.0,False,0
76441,Federation League,2022.0,682299.0,,Western Europe,Middle school,0-35,Middle-Low,False,0.0,False,0.0,False,252.0,92.0,44.0,292.0,150.0,18.0,False,39.0,0.0,0.0,False,36.0,0.0,True,1
30056,Regional Tournament,2019.0,233752.0,F,Northern Africa,Middle school,35-55,High,False,0.0,False,0.0,False,1378.0,59.0,2.0,6069.0,49.0,131.0,False,5.0,0.0,0.0,False,76.0,0.0,True,1
15672,National Cup,2021.0,635515.0,M,North America,Middle school,0-35,High,False,0.0,False,0.0,False,102.0,48.0,0.0,17.0,35.0,461.0,False,0.0,0.0,0.0,False,4.0,0.0,False,0
55738,Local Match,2020.0,496470.0,M,South Asia,High school,0-35,Middle,False,0.0,False,0.0,False,474.0,2438.0,0.0,98.0,280.0,1370.0,False,0.0,2.0,10.0,False,17.0,3.0,True,1
24764,Regional Tournament,2019.0,508047.0,F,Oceania,Middle school,35-55,Middle,True,0.0,False,60.0,False,38.0,24.0,0.0,0.0,20.0,4.0,False,0.0,0.0,0.0,False,10.0,0.0,False,0
24920,Regional Tournament,2021.0,627118.0,F,Southern Europe,High school,0-35,Middle,False,0.0,False,60.0,False,201.0,139.0,4.0,141.0,101.0,140.0,False,2.0,0.0,0.0,False,41.0,0.0,False,1
13794,Regional Tournament,2020.0,500815.0,F,Southern Africa,High school,0-35,High,False,0.0,False,0.0,False,1500.0,43.0,5.0,4410.0,61.0,158.0,False,0.0,0.0,0.0,False,51.0,1.0,False,1
66431,Federation League,2021.0,607939.0,M,East Asia,High school,35-55,Middle-Low,False,0.0,False,0.0,False,85.0,87.0,0.0,115.0,69.0,1.0,False,0.0,32.0,0.0,False,8.0,0.0,True,0
37443,Continental Championship,2019.0,88568.0,M,Northern Africa,University Degree,35-55,Middle-High,False,0.0,False,,False,542.0,1583.0,0.0,377.0,142.0,206.0,False,2.0,623.0,0.0,False,99.0,8.0,True,1
48232,Local Match,2022.0,657048.0,M,North America,University Degree,0-35,Low,False,0.0,False,60.0,False,235.0,993.0,0.0,112.0,230.0,872.0,True,0.0,6.0,0.0,False,27.0,0.0,True,1
19961,Regional Tournament,2020.0,120994.0,F,South America,Middle school,35-55,Middle-Low,True,0.0,False,10.0,False,190.0,52.0,0.0,273.0,96.0,95.0,False,0.0,0.0,0.0,False,30.0,4.0,False,0
25314,National Cup,2022.0,503779.0,M,South America,Middle school,35-55,Low,True,0.0,False,0.0,False,1108.0,93.0,0.0,987.0,139.0,1436.0,False,13.0,0.0,0.0,False,15.0,0.0,False,1
64464,Local Match,2020.0,263697.0,F,Southern Africa,Middle school,0-35,Low,False,0.0,False,0.0,False,65.0,102.0,0.0,89.0,42.0,195.0,False,0.0,0.0,0.0,False,1.0,3.0,True,0
66599,Local Match,2020.0,503668.0,F,South America,Middle school,0-35,Middle,False,1.0,False,120.0,False,245.0,989.0,0.0,112.0,256.0,745.0,False,0.0,16.0,0.0,False,21.0,4.0,False,1
43743,Federation League,2021.0,527323.0,F,South America,Middle school,0-35,Low,False,3.0,False,30.0,False,24.0,71.0,0.0,5.0,4.0,0.0,False,0.0,5.0,0.0,False,0.0,0.0,True,0
67292,Regional Tournament,2022.0,647711.0,M,Middle East,Middle school,0-35,Low,False,0.0,False,0.0,False,222.0,312.0,0.0,0.0,45.0,167.0,False,0.0,0.0,0.0,False,5.0,0.0,False,0
18889,Local Match,2022.0,646990.0,M,Central Asia,High school,35-55,Middle-Low,False,0.0,False,60.0,False,672.0,1732.0,0.0,189.0,433.0,1056.0,True,8.0,26.0,15.0,False,36.0,5.0,True,1
68959,Continental Championship,2022.0,575411.0,M,Middle East,High school,35-55,Low,False,0.0,False,0.0,False,164.0,546.0,0.0,126.0,18.0,113.0,False,0.0,414.0,0.0,False,37.0,0.0,True,1
38417,Continental Championship,2021.0,623421.0,M,Central Asia,High school,0-35,Middle-High,False,0.0,False,0.0,False,123.0,272.0,0.0,29.0,19.0,69.0,False,2.0,85.0,0.0,False,2.0,0.0,True,1
50038,Regional Tournament,2022.0,368521.0,F,Northern Africa,High school,0-35,Middle,False,0.0,False,0.0,False,280.0,374.0,0.0,341.0,34.0,174.0,False,5.0,0.0,0.0,False,0.0,0.0,True,1
11264,Continental Championship,2019.0,1073766.0,M,Central Asia,University Degree,35-55,High,False,0.0,False,0.0,False,428.0,923.0,0.0,261.0,61.0,127.0,False,0.0,265.0,0.0,False,86.0,6.0,True,1
30016,Continental Championship,2019.0,581533.0,M,Middle East,High school,0-35,High,False,0.0,False,0.0,False,204.0,223.0,0.0,81.0,6.0,148.0,False,0.0,3.0,0.0,False,36.0,4.0,True,1
76666,National Cup,2022.0,626296.0,M,East Asia,Middle school,0-35,High,False,1.0,False,0.0,False,240.0,123.0,0.0,193.0,100.0,1603.0,False,0.0,0.0,0.0,False,4.0,0.0,False,1
75241,Local Match,2022.0,1585671.0,F,South America,Middle school,35-55,Low,False,0.0,False,0.0,False,337.0,1868.0,83.0,535.0,331.0,1193.0,True,12.0,64.0,38.0,False,66.0,35.0,True,1
95267,Regional Tournament,2019.0,496334.0,F,Southern Europe,High school,0-35,Low,False,0.0,False,0.0,False,92.0,34.0,0.0,76.0,19.0,88.0,False,0.0,0.0,0.0,False,24.0,0.0,False,0
27734,Regional Tournament,2022.0,694554.0,F,Western Europe,High school,0-35,Low,True,0.0,False,60.0,False,26.0,11.0,1.0,2.0,2.0,63.0,False,0.0,0.0,0.0,False,1.0,0.0,True,0
16103,Local Match,2020.0,395463.0,M,Eastern Europe,University Degree,0-35,Middle,False,2.0,False,120.0,False,103.0,228.0,0.0,73.0,143.0,540.0,False,0.0,6.0,0.0,False,10.0,0.0,True,0
24166,Continental Championship,2022.0,629400.0,M,North America,High school,0-35,High,False,0.0,False,30.0,False,283.0,771.0,0.0,119.0,23.0,129.0,False,11.0,48.0,0.0,False,27.0,1.0,True,1
89876,Regional Tournament,2022.0,1832218.0,F,North America,University Degree,35-55,High,False,1.0,False,0.0,False,76.0,400.0,2.0,14.0,26.0,74.0,False,20.0,0.0,3.0,False,3.0,0.0,True,1
36799,Federation League,2021.0,634246.0,F,Central America,High school,0-35,Low,False,0.0,False,0.0,False,174.0,312.0,0.0,86.0,154.0,4.0,False,13.0,46.0,0.0,False,13.0,0.0,False,1
78158,Local Match,2022.0,652788.0,M,East Asia,Middle school,0-35,Middle-Low,False,0.0,False,0.0,False,337.0,1607.0,0.0,152.0,345.0,1037.0,True,2.0,0.0,16.0,False,36.0,8.0,True,1
75627,Federation League,2020.0,235428.0,M,South America,Middle school,35-55,Middle-Low,False,0.0,False,0.0,False,190.0,201.0,0.0,188.0,321.0,15.0,False,0.0,163.0,0.0,False,52.0,9.0,False,0
52755,Continental Championship,2021.0,496108.0,M,Western Europe,Middle school,0-35,High,False,0.0,False,0.0,False,200.0,532.0,0.0,716.0,62.0,183.0,False,0.0,288.0,0.0,False,28.0,0.0,False,1
88714,Regional Tournament,2021.0,633257.0,M,Middle East,Middle school,35-55,Middle,False,0.0,False,0.0,False,126.0,51.0,0.0,80.0,83.0,99.0,False,0.0,0.0,0.0,False,15.0,0.0,False,0
47596,Local Match,2020.0,544991.0,M,Northern Africa,High school,0-35,Middle,False,0.0,False,60.0,False,185.0,618.0,0.0,222.0,169.0,687.0,False,0.0,0.0,0.0,False,11.0,0.0,True,1
63032,Local Match,2022.0,653797.0,M,Oceania,Middle school,0-35,Middle-Low,,0.0,False,0.0,False,84.0,260.0,0.0,197.0,108.0,315.0,True,2.0,6.0,0.0,False,3.0,0.0,True,0
64224,Local Match,2019.0,582282.0,M,North America,Middle school,0-35,High,True,0.0,False,25.0,False,117.0,299.0,0.0,23.0,90.0,52.0,False,0.0,2.0,0.0,False,6.0,0.0,True,0
36379,National Cup,2022.0,654817.0,M,Southern Africa,Post Graduate,0-35,High,False,0.0,False,0.0,False,95.0,86.0,0.0,17.0,41.0,277.0,False,11.0,0.0,0.0,False,2.0,0.0,False,1
20084,Regional Tournament,2019.0,578362.0,F,Western Europe,High school,35-55,Middle,False,0.0,False,60.0,False,163.0,11.0,0.0,19.0,19.0,56.0,False,0.0,0.0,0.0,False,19.0,0.0,False,0
88139,Regional Tournament,2020.0,262294.0,F,Northern Africa,Middle school,0-35,Low,True,2.0,False,0.0,False,99.0,28.0,0.0,759.0,30.0,34.0,False,0.0,0.0,0.0,False,16.0,4.0,False,0
41880,Continental Championship,2022.0,474290.0,M,Southern Europe,High school,0-35,High,False,0.0,False,60.0,False,109.0,206.0,0.0,39.0,26.0,6.0,False,1.0,114.0,0.0,False,7.0,0.0,True,1
14050,Federation League,2019.0,596204.0,M,Western Europe,High school,35-55,Middle,False,0.0,False,0.0,False,310.0,201.0,0.0,226.0,279.0,8.0,False,10.0,122.0,0.0,False,41.0,0.0,True,0
33138,Federation League,2022.0,645864.0,M,North America,High school,0-35,Low,False,0.0,False,60.0,False,318.0,100.0,1.0,577.0,73.0,2.0,False,3.0,0.0,0.0,False,11.0,0.0,True,1
16251,Local Match,2020.0,559325.0,M,South Asia,Middle school,0-35,High,False,0.0,False,0.0,False,554.0,2058.0,0.0,981.0,472.0,1328.0,False,0.0,50.0,35.0,False,67.0,79.0,True,1
20798,Continental Championship,2019.0,561192.0,M,Eastern Europe,Middle school,0-35,Middle-Low,False,0.0,False,30.0,False,170.0,572.0,0.0,45.0,24.0,194.0,False,3.0,106.0,0.0,False,18.0,6.0,True,1
11412,World Championship,2019.0,339727.0,F,East Asia,Middle school,35-55,High,False,0.0,False,0.0,False,29.0,155.0,2.0,23.0,3.0,108.0,False,0.0,0.0,0.0,False,0.0,0.0,True,1
45196,Local Match,2022.0,647324.0,M,Central Asia,High school,0-35,Low,True,0.0,False,60.0,False,854.0,1798.0,0.0,982.0,252.0,971.0,True,57.0,31.0,11.0,False,22.0,28.0,True,1
51275,Regional Tournament,2022.0,678080.0,F,Central America,High school,0-35,Middle-Low,False,0.0,False,60.0,False,19.0,47.0,0.0,14.0,6.0,88.0,False,1.0,0.0,0.0,False,1.0,0.0,True,0
47093,Regional Tournament,2020.0,331354.0,F,Northern Africa,High school,0-35,Middle-Low,False,0.0,False,0.0,False,159.0,14.0,0.0,145.0,36.0,59.0,False,0.0,0.0,0.0,False,12.0,0.0,False,1
15376,Regional Tournament,2020.0,553490.0,F,Northern Africa,Middle school,0-35,Middle-Low,False,0.0,False,0.0,False,20.0,6.0,0.0,87.0,9.0,0.0,False,0.0,0.0,0.0,False,5.0,2.0,True,0
97833,Regional Tournament,2020.0,556502.0,F,Southern Africa,Middle school,0-35,Low,False,0.0,False,0.0,False,394.0,21.0,0.0,1310.0,38.0,125.0,False,0.0,0.0,0.0,False,9.0,0.0,False,1
94139,National Cup,2022.0,586838.0,M,Central Asia,Middle school,0-35,High,False,0.0,False,,False,118.0,850.0,0.0,3.0,138.0,338.0,False,0.0,0.0,0.0,False,4.0,0.0,False,1
28783,World Championship,2021.0,630496.0,M,Central Asia,Middle school,35-55,High,False,0.0,False,,False,145.0,581.0,0.0,83.0,25.0,106.0,False,0.0,0.0,,False,0.0,0.0,True,1
36050,National Cup,2021.0,584940.0,M,Western Europe,High school,0-35,Middle-High,False,0.0,False,0.0,False,485.0,582.0,0.0,152.0,74.0,1110.0,False,0.0,0.0,0.0,False,48.0,0.0,False,1
35703,Regional Tournament,2022.0,683120.0,F,Central America,University Degree,0-35,High,False,0.0,False,0.0,False,265.0,1214.0,0.0,363.0,52.0,251.0,False,3.0,0.0,13.0,False,2.0,0.0,True,1
44023,Local Match,2022.0,694221.0,M,North America,Middle school,0-35,Middle,False,0.0,False,0.0,False,189.0,267.0,0.0,117.0,118.0,284.0,True,0.0,2.0,3.0,False,4.0,0.0,True,0
53017,National Cup,2022.0,650085.0,M,Central Asia,High school,0-35,High,False,0.0,False,30.0,False,26.0,8.0,0.0,18.0,9.0,57.0,False,0.0,0.0,0.0,False,2.0,0.0,False,0
28728,Federation League,2021.0,2533297.0,M,East Asia,University Degree,35-55,High,False,1.0,False,0.0,False,93.0,162.0,0.0,75.0,45.0,1.0,False,3.0,18.0,0.0,False,6.0,0.0,True,0
20462,Local Match,2022.0,630905.0,M,Central America,University Degree,0-35,Middle,False,0.0,False,60.0,False,4752.0,2907.0,0.0,6686.0,890.0,1904.0,True,30.0,205.0,53.0,False,246.0,140.0,True,1
22182,National Cup,2022.0,550814.0,M,Middle East,Middle school,0-35,Middle,False,0.0,False,60.0,False,81.0,23.0,0.0,5.0,26.0,225.0,False,0.0,0.0,0.0,False,2.0,0.0,False,1
30152,Regional Tournament,2022.0,71504.0,F,Western Europe,High school,35-55,Middle-Low,False,0.0,False,60.0,False,163.0,655.0,0.0,95.0,39.0,84.0,False,0.0,0.0,13.0,False,0.0,0.0,,1
10294,Local Match,2020.0,65656.0,M,Eastern Europe,High school,35-55,Low,False,0.0,False,90.0,False,310.0,614.0,0.0,176.0,100.0,555.0,False,0.0,0.0,0.0,False,3.0,18.0,True,1
88964,Regional Tournament,2020.0,2476649.0,F,Oceania,Middle school,0-35,High,False,1.0,False,0.0,False,153.0,48.0,0.0,275.0,74.0,84.0,False,0.0,0.0,0.0,False,13.0,0.0,False,1
34636,World Championship,2022.0,640995.0,F,Western Europe,High school,0-35,Middle,False,0.0,False,,False,72.0,93.0,0.0,0.0,11.0,66.0,False,0.0,0.0,0.0,False,0.0,0.0,True,1
36610,Federation League,2019.0,583871.0,F,Middle East,Middle school,0-35,Middle-Low,False,0.0,False,0.0,False,425.0,287.0,0.0,341.0,249.0,22.0,False,32.0,136.0,0.0,False,32.0,0.0,True,1
28312,Local Match,2020.0,523700.0,M,North America,High school,0-35,Middle-Low,False,0.0,False,30.0,False,489.0,1434.0,0.0,471.0,319.0,398.0,False,0.0,42.0,3.0,False,35.0,17.0,True,0
42017,Local Match,2022.0,297341.0,F,Central Asia,High school,0-35,Low,True,0.0,False,60.0,False,287.0,609.0,0.0,352.0,254.0,1262.0,True,13.0,21.0,3.0,False,34.0,5.0,True,1
46735,Regional Tournament,2022.0,607603.0,F,East Asia,High school,0-35,High,False,1.0,False,0.0,False,69.0,583.0,0.0,2.0,8.0,0.0,False,0.0,0.0,3.0,False,0.0,0.0,True,1
60778,Regional Tournament,2021.0,633245.0,F,Northern Africa,Middle school,,Low,False,0.0,False,0.0,False,220.0,46.0,2.0,512.0,48.0,14.0,False,1.0,0.0,0.0,False,10.0,0.0,False,0
84732,Regional Tournament,2022.0,485853.0,F,North America,University Degree,0-35,Middle-Low,True,1.0,False,120.0,False,9.0,16.0,0.0,0.0,7.0,0.0,False,0.0,0.0,0.0,False,0.0,0.0,True,0
92079,Federation League,2019.0,2648317.0,M,Central Asia,Middle school,0-35,High,True,0.0,False,0.0,False,30.0,46.0,0.0,14.0,42.0,1.0,False,0.0,12.0,0.0,False,4.0,0.0,False,0
93361,Federation League,2019.0,570403.0,M,North America,University Degree,0-35,Middle,False,0.0,False,0.0,False,195.0,94.0,0.0,565.0,106.0,12.0,False,11.0,,0.0,False,15.0,0.0,True,1
60888,Local Match,2019.0,589594.0,M,North America,High school,0-35,High,False,0.0,False,30.0,False,142.0,194.0,0.0,113.0,106.0,0.0,False,7.0,1.0,0.0,False,14.0,2.0,True,0
56316,Federation League,2019.0,443400.0,F,Eastern Europe,Middle school,0-35,Middle-Low,False,0.0,False,0.0,False,59.0,39.0,0.0,36.0,38.0,3.0,False,0.0,26.0,0.0,False,1.0,0.0,False,0
23123,Local Match,2020.0,324447.0,F,North America,University Degree,0-35,Middle-Low,False,0.0,True,85.0,False,338.0,1608.0,0.0,593.0,284.0,427.0,False,0.0,21.0,10.0,False,32.0,33.0,True,1
53178,National Cup,2022.0,533689.0,F,Central America,High school,0-35,Middle-Low,False,0.0,False,,False,92.0,120.0,0.0,0.0,29.0,118.0,False,0.0,0.0,0.0,False,6.0,0.0,False,0
42181,Local Match,2021.0,530196.0,F,Central Asia,Middle school,0-35,Low,False,0.0,False,0.0,False,262.0,1093.0,0.0,247.0,263.0,2771.0,False,1.0,33.0,18.0,False,12.0,0.0,True,0
43228,Federation League,2022.0,2681782.0,M,North America,High school,35-55,Middle-Low,True,0.0,False,60.0,False,29.0,39.0,0.0,6.0,11.0,1.0,False,0.0,0.0,0.0,False,0.0,0.0,False,0
97600,World Championship,2019.0,433165.0,F,East Asia,High school,0-35,High,False,0.0,False,,False,126.0,397.0,0.0,47.0,12.0,109.0,False,0.0,0.0,0.0,False,0.0,0.0,True,1
32772,Regional Tournament,2021.0,591547.0,F,South Asia,High school,0-35,Low,False,0.0,False,60.0,False,219.0,94.0,2.0,296.0,130.0,95.0,False,0.0,0.0,0.0,False,23.0,0.0,False,0
25383,World Championship,2022.0,677066.0,F,Oceania,Middle school,35-55,High,True,0.0,False,,False,70.0,180.0,0.0,17.0,16.0,67.0,False,0.0,0.0,0.0,False,0.0,0.0,True,1
70625,Continental Championship,2022.0,650849.0,F,,University Degree,0-35,Middle-High,False,0.0,False,0.0,False,34.0,53.0,0.0,15.0,14.0,106.0,False,0.0,2.0,0.0,False,8.0,0.0,True,0
43038,Local Match,2022.0,542550.0,M,South Asia,High school,35-55,Low,False,2.0,False,60.0,False,89.0,228.0,0.0,134.0,31.0,109.0,False,1.0,6.0,0.0,False,2.0,0.0,True,0
49860,Local Match,2019.0,573166.0,M,Eastern Europe,High school,0-35,Middle-Low,False,0.0,False,30.0,True,255.0,577.0,0.0,158.0,186.0,477.0,False,0.0,1.0,12.0,False,13.0,0.0,True,1
23109,Federation League,2019.0,1282596.0,M,Eastern Europe,University Degree,35-55,Middle,False,4.0,False,0.0,False,987.0,310.0,11.0,1815.0,774.0,24.0,False,30.0,312.0,0.0,False,59.0,0.0,False,0
99051,Regional Tournament,2020.0,561437.0,F,Middle East,High school,35-55,Middle,False,0.0,False,60.0,False,136.0,30.0,0.0,107.0,56.0,84.0,False,0.0,0.0,0.0,False,12.0,1.0,False,1
93584,Regional Tournament,2019.0,128386.0,M,East Asia,Middle school,35-55,Middle-Low,,0.0,False,0.0,False,22.0,0.0,0.0,3.0,3.0,35.0,False,0.0,0.0,0.0,False,3.0,0.0,False,0
11200,Local Match,2019.0,587868.0,F,Southern Europe,Middle school,0-35,Low,True,0.0,False,0.0,False,77.0,544.0,0.0,34.0,167.0,994.0,False,0.0,21.0,0.0,False,11.0,0.0,True,0
19593,National Cup,2022.0,1744800.0,M,North America,University Degree,35-55,Low,False,1.0,False,90.0,False,55.0,13.0,0.0,28.0,38.0,56.0,False,0.0,0.0,0.0,False,3.0,0.0,False,0
22678,National Cup,2022.0,645835.0,M,South Asia,High school,0-35,High,False,0.0,False,60.0,False,228.0,166.0,0.0,102.0,146.0,573.0,False,0.0,0.0,0.0,False,4.0,0.0,False,0
80555,Federation League,2020.0,474153.0,M,South America,Middle school,0-35,Low,False,1.0,False,90.0,False,139.0,138.0,0.0,30.0,194.0,4.0,False,0.0,0.0,0.0,False,44.0,0.0,False,0
68385,National Cup,2022.0,547612.0,F,Eastern Europe,Middle school,0-35,Low,False,0.0,False,,False,82.0,194.0,0.0,11.0,70.0,409.0,False,3.0,0.0,0.0,False,7.0,0.0,False,1
16081,Local Match,2021.0,46148.0,M,Northern Africa,High school,35-55,Low,False,0.0,False,0.0,False,422.0,2078.0,0.0,93.0,252.0,758.0,False,1.0,64.0,19.0,False,31.0,6.0,True,1
78260,World Championship,2019.0,166183.0,F,Western Europe,Middle school,0-35,Middle-Low,True,0.0,False,,False,27.0,18.0,0.0,3.0,2.0,62.0,False,0.0,0.0,0.0,False,0.0,0.0,False,0
71171,Regional Tournament,2021.0,608407.0,F,South Asia,Middle school,0-35,Middle-Low,False,0.0,False,60.0,False,306.0,134.0,1.0,769.0,89.0,111.0,False,0.0,0.0,0.0,False,43.0,0.0,False,1
82110,Regional Tournament,2021.0,2308026.0,F,Central America,Elementary school,35-55,Low,False,0.0,False,0.0,False,65.0,31.0,0.0,7.0,22.0,93.0,False,0.0,0.0,0.0,False,24.0,0.0,True,1
90393,Federation League,2020.0,2036685.0,M,North America,University Degree,35-55,Low,False,1.0,False,0.0,False,65.0,56.0,0.0,47.0,26.0,0.0,False,0.0,0.0,0.0,False,7.0,0.0,False,0
21483,World Championship,2021.0,64901.0,M,South America,Middle school,35-55,Low,False,0.0,False,,False,153.0,451.0,3.0,24.0,57.0,139.0,False,0.0,0.0,0.0,False,0.0,0.0,True,1
12565,Local Match,2020.0,466828.0,M,Middle East,High school,0-35,Low,False,1.0,False,0.0,False,377.0,1240.0,0.0,397.0,257.0,563.0,False,0.0,46.0,30.0,False,29.0,20.0,True,1
10279,Local Match,2022.0,278380.0,M,South Asia,Middle school,0-35,High,False,0.0,False,0.0,False,210.0,1423.0,0.0,160.0,235.0,1014.0,True,0.0,32.0,9.0,False,18.0,1.0,True,1
26899,Regional Tournament,2021.0,620573.0,F,South Asia,High school,0-35,High,,0.0,False,0.0,False,136.0,93.0,0.0,89.0,82.0,86.0,False,0.0,0.0,0.0,False,2.0,0.0,False,1
44091,Federation League,2021.0,468386.0,F,North America,University Degree,0-35,Low,False,2.0,False,140.0,False,27.0,79.0,0.0,19.0,45.0,3.0,False,0.0,0.0,0.0,False,4.0,0.0,False,0
26287,Local Match,2020.0,533134.0,M,Northern Africa,High school,0-35,Middle,False,0.0,False,30.0,False,745.0,1407.0,0.0,421.0,404.0,663.0,False,0.0,46.0,32.0,False,48.0,50.0,True,1
30535,Local Match,2020.0,536178.0,M,Middle East,High school,0-35,Middle-Low,False,0.0,False,0.0,False,1150.0,2236.0,0.0,2164.0,628.0,1258.0,False,0.0,54.0,7.0,False,61.0,35.0,True,1
12757,Olympic Games,2019.0,705379.0,M,Eastern Europe,High school,55<=,High,False,0.0,False,60.0,False,1300.0,2197.0,6.0,1637.0,360.0,0.0,False,0.0,0.0,0.0,False,144.0,36.0,True,1
14121,Federation League,2022.0,335922.0,M,South Asia,High school,0-35,Middle-Low,False,1.0,False,0.0,False,35.0,17.0,18.0,17.0,0.0,0.0,False,0.0,0.0,0.0,False,1.0,0.0,False,0
75602,Local Match,2021.0,627061.0,M,North America,University Degree,0-35,Middle-High,False,0.0,False,0.0,True,367.0,2274.0,0.0,341.0,330.0,300.0,False,27.0,8.0,12.0,False,31.0,11.0,True,1
34890,Olympic Games,2019.0,2456480.0,M,North America,Middle school,35-55,High,False,0.0,False,60.0,False,53.0,83.0,0.0,5.0,37.0,0.0,False,0.0,0.0,0.0,False,5.0,0.0,False,0
93488,Local Match,2020.0,526549.0,M,East Asia,High school,0-35,Middle-High,False,1.0,False,120.0,False,334.0,789.0,0.0,345.0,275.0,570.0,False,0.0,12.0,10.0,False,22.0,21.0,True,1
99892,World Championship,2021.0,635233.0,M,Northern Africa,High school,0-35,Middle-High,False,0.0,False,,False,65.0,79.0,0.0,0.0,47.0,97.0,False,0.0,0.0,0.0,False,0.0,0.0,False,1
97727,Continental Championship,2019.0,572024.0,M,,University Degree,0-35,Middle-High,False,0.0,False,0.0,False,164.0,780.0,0.0,75.0,9.0,151.0,False,4.0,139.0,0.0,False,33.0,0.0,False,1
78579,Local Match,2021.0,618662.0,F,Oceania,Middle school,0-35,Low,False,0.0,False,0.0,False,374.0,1602.0,0.0,140.0,203.0,495.0,False,0.0,38.0,36.0,False,68.0,35.0,True,0
78676,Regional Tournament,2020.0,550209.0,F,Northern Africa,High school,0-35,Middle-High,False,0.0,False,0.0,False,348.0,32.0,1.0,654.0,39.0,124.0,False,0.0,0.0,0.0,False,5.0,0.0,False,1
63245,Local Match,2020.0,554558.0,M,Southern Europe,Middle school,0-35,Middle,False,0.0,False,0.0,False,1233.0,2814.0,0.0,1069.0,932.0,988.0,False,0.0,69.0,19.0,False,72.0,26.0,True,1
16281,World Championship,2019.0,1498979.0,F,Western Europe,Middle school,35-55,High,False,0.0,False,,False,82.0,403.0,13.0,95.0,18.0,97.0,False,0.0,0.0,0.0,False,0.0,0.0,True,1
66420,Regional Tournament,2019.0,591895.0,F,Central America,Middle school,0-35,Low,True,0.0,False,60.0,False,3.0,0.0,0.0,0.0,0.0,0.0,False,0.0,0.0,0.0,False,0.0,0.0,False,0
37973,Regional Tournament,2019.0,606685.0,M,Central America,High school,0-35,Middle-Low,False,0.0,False,0.0,False,365.0,98.0,0.0,235.0,61.0,71.0,False,9.0,0.0,0.0,False,87.0,0.0,False,1
35923,Continental Championship,2021.0,582094.0,M,Central America,High school,0-35,High,False,0.0,False,0.0,False,111.0,608.0,0.0,132.0,1.0,71.0,False,1.0,0.0,0.0,False,4.0,0.0,True,0
56913,Regional Tournament,2021.0,625087.0,F,North America,University Degree,0-35,Middle-High,False,0.0,False,0.0,False,136.0,96.0,2.0,212.0,120.0,43.0,False,0.0,0.0,0.0,False,48.0,0.0,False,0
39145,Regional Tournament,2021.0,614130.0,F,Central Asia,High school,0-35,Middle-High,False,0.0,False,0.0,False,123.0,26.0,0.0,120.0,37.0,73.0,False,0.0,0.0,0.0,False,,0.0,False,1
74419,National Cup,2021.0,2665399.0,F,Middle East,High school,35-55,Middle-Low,False,0.0,True,,False,263.0,87.0,0.0,42.0,226.0,1644.0,False,19.0,0.0,0.0,False,17.0,0.0,False,1
93446,Local Match,2021.0,572395.0,F,Northern Africa,High school,0-35,Middle,False,0.0,False,90.0,False,90.0,171.0,0.0,64.0,96.0,70.0,False,12.0,9.0,3.0,False,8.0,0.0,True,0
86823,Regional Tournament,2021.0,228824.0,F,Central America,University Degree,0-35,Middle-Low,False,0.0,False,60.0,False,208.0,74.0,0.0,242.0,122.0,153.0,False,0.0,0.0,0.0,False,4.0,0.0,False,1
79722,Regional Tournament,2022.0,648194.0,F,Southern Europe,Middle school,0-35,Middle,False,0.0,False,0.0,False,242.0,836.0,12.0,101.0,47.0,144.0,False,4.0,0.0,2.0,False,2.0,0.0,True,1
39648,Continental Championship,2022.0,684905.0,M,Southern Europe,High school,0-35,Middle-Low,False,0.0,False,0.0,False,336.0,607.0,0.0,179.0,40.0,156.0,False,10.0,99.0,0.0,False,36.0,0.0,True,1
19123,National Cup,2021.0,315728.0,M,South Asia,University Degree,0-35,Middle-Low,False,0.0,False,,False,381.0,94.0,0.0,415.0,148.0,485.0,False,0.0,0.0,0.0,False,4.0,0.0,False,1
84877,Local Match,2021.0,2525633.0,F,Western Europe,High school,0-35,High,True,0.0,False,0.0,False,38.0,108.0,0.0,97.0,74.0,4.0,False,0.0,0.0,0.0,False,7.0,0.0,False,0
33394,Regional Tournament,2022.0,602666.0,F,Oceania,High school,0-35,Middle-Low,True,1.0,False,30.0,False,43.0,91.0,0.0,0.0,15.0,0.0,False,0.0,0.0,0.0,False,0.0,,False,1
40365,Regional Tournament,2022.0,587434.0,F,Northern Africa,Middle school,0-35,Middle-Low,False,0.0,False,0.0,False,45.0,31.0,0.0,68.0,9.0,0.0,False,0.0,0.0,0.0,False,0.0,0.0,True,0
64044,Continental Championship,2019.0,374739.0,M,North America,High school,0-35,Low,False,0.0,False,,False,276.0,842.0,0.0,56.0,38.0,253.0,False,0.0,185.0,0.0,False,63.0,9.0,True,1
22237,Continental Championship,2019.0,266915.0,M,Northern Africa,Middle school,35-55,High,False,0.0,False,0.0,False,67.0,188.0,0.0,11.0,15.0,105.0,False,0.0,0.0,0.0,False,2.0,3.0,False,0
58435,Federation League,2022.0,63827.0,M,Middle East,Middle school,0-35,Middle,False,1.0,False,0.0,False,39.0,40.0,0.0,0.0,17.0,1.0,False,0.0,0.0,0.0,False,11.0,0.0,False,0
58167,Local Match,2021.0,589548.0,M,North America,Middle school,0-35,Low,False,0.0,False,30.0,True,454.0,1261.0,0.0,281.0,451.0,726.0,False,0.0,51.0,24.0,False,126.0,16.0,True,1
39437,Federation League,2019.0,311474.0,M,Middle East,Middle school,0-35,Middle,False,0.0,False,,False,35.0,46.0,0.0,13.0,4.0,0.0,False,0.0,0.0,0.0,False,1.0,0.0,False,0
15869,Local Match,2019.0,597715.0,M,Northern Africa,Middle school,35-55,Middle-Low,False,0.0,False,0.0,True,872.0,3597.0,2.0,409.0,491.0,624.0,False,15.0,61.0,29.0,False,73.0,7.0,True,1
25552,Local Match,2019.0,324672.0,M,East Asia,Middle school,0-35,Middle-Low,False,0.0,False,0.0,True,292.0,1311.0,0.0,94.0,190.0,647.0,False,2.0,19.0,40.0,False,23.0,19.0,True,0
68697,Local Match,2021.0,623352.0,M,Western Europe,Middle school,0-35,Middle,False,0.0,False,90.0,False,89.0,306.0,0.0,7.0,94.0,41.0,False,0.0,3.0,0.0,False,5.0,0.0,False,0
52907,Continental Championship,2021.0,624153.0,M,Eastern Europe,Middle school,0-35,High,False,0.0,False,0.0,False,118.0,244.0,0.0,44.0,34.0,83.0,False,0.0,0.0,0.0,False,18.0,0.0,True,0
19354,Local Match,2021.0,2437930.0,M,North America,High school,0-35,High,False,1.0,False,60.0,True,245.0,271.0,0.0,185.0,184.0,466.0,False,0.0,19.0,0.0,False,14.0,0.0,True,1
61716,Local Match,2022.0,630158.0,M,Northern Africa,Middle school,0-35,Middle-Low,False,0.0,False,0.0,False,713.0,3342.0,0.0,477.0,548.0,731.0,True,8.0,103.0,59.0,False,127.0,69.0,True,1
60807,Federation League,2019.0,431005.0,M,South America,High school,0-35,Middle-Low,False,2.0,False,120.0,False,104.0,75.0,0.0,0.0,112.0,1.0,False,3.0,0.0,0.0,False,1.0,0.0,False,1
24539,National Cup,2022.0,585769.0,F,North America,Post Graduate,0-35,Middle,False,1.0,False,0.0,False,478.0,313.0,0.0,401.0,189.0,1482.0,False,2.0,0.0,0.0,False,12.0,0.0,True,0
41640,Federation League,2019.0,2658898.0,F,Middle East,Middle school,0-35,Middle,False,0.0,False,60.0,False,213.0,78.0,23.0,282.0,129.0,23.0,False,4.0,87.0,0.0,False,13.0,0.0,True,1
85053,Federation League,2020.0,321525.0,M,Western Europe,High school,0-35,Middle-Low,False,2.0,False,0.0,False,206.0,159.0,0.0,65.0,91.0,6.0,False,0.0,30.0,0.0,False,6.0,4.0,True,1
68271,National Cup,2022.0,634309.0,M,South America,High school,0-35,Low,False,0.0,False,,False,65.0,17.0,0.0,28.0,19.0,144.0,False,0.0,0.0,0.0,False,3.0,0.0,False,0
77931,,2020.0,2254252.0,M,Southern Africa,Middle school,0-35,Middle-Low,False,0.0,False,30.0,False,896.0,1644.0,0.0,868.0,448.0,999.0,False,0.0,47.0,13.0,False,24.0,53.0,True,0
24664,Continental Championship,2021.0,634241.0,M,Eastern Europe,High school,0-35,Middle-Low,False,0.0,False,0.0,False,285.0,799.0,0.0,363.0,58.0,85.0,False,4.0,469.0,0.0,False,55.0,0.0,True,1
82641,Regional Tournament,2020.0,534765.0,F,Central Asia,Middle school,0-35,Low,True,0.0,True,60.0,False,108.0,5.0,0.0,354.0,9.0,53.0,False,0.0,0.0,0.0,False,3.0,0.0,False,1
75509,National Cup,2022.0,690733.0,M,Middle East,University Degree,55<=,Middle-High,False,0.0,,60.0,False,678.0,603.0,0.0,2038.0,153.0,1456.0,False,2.0,0.0,0.0,False,83.0,0.0,True,1
99662,Local Match,2022.0,692301.0,M,North America,High school,0-35,High,False,0.0,False,30.0,False,207.0,585.0,0.0,51.0,148.0,486.0,True,0.0,1.0,0.0,False,5.0,0.0,True,1
11030,World Championship,2019.0,204745.0,F,Northern Africa,High school,35-55,Middle-Low,False,0.0,False,0.0,False,102.0,193.0,1.0,13.0,27.0,25.0,False,0.0,0.0,0.0,False,0.0,0.0,True,0
57669,Local Match,2019.0,442670.0,M,Oceania,Middle school,0-35,Low,False,2.0,False,60.0,False,7.0,11.0,0.0,11.0,8.0,0.0,False,0.0,0.0,0.0,False,1.0,0.0,True,0
28405,Federation League,2022.0,240236.0,F,Eastern Europe,High school,0-35,Low,True,3.0,False,0.0,False,289.0,440.0,14.0,4.0,275.0,17.0,False,11.0,1.0,0.0,False,15.0,0.0,False,0
70402,Regional Tournament,2022.0,650371.0,M,Oceania,Middle school,0-35,Middle-High,False,0.0,False,0.0,False,107.0,434.0,2.0,5.0,8.0,187.0,False,0.0,0.0,0.0,False,1.0,0.0,True,1
44650,Regional Tournament,2019.0,475215.0,F,North America,High school,0-35,Middle,False,0.0,False,60.0,False,59.0,12.0,1.0,276.0,17.0,26.0,False,0.0,0.0,0.0,False,6.0,0.0,True,0
91151,National Cup,2021.0,602913.0,F,Southern Europe,High school,35-55,Middle-Low,False,0.0,False,30.0,False,107.0,32.0,0.0,5.0,47.0,305.0,False,0.0,0.0,0.0,False,2.0,0.0,True,1
74725,Federation League,2019.0,575376.0,F,Southern Africa,University Degree,0-35,High,False,0.0,False,0.0,False,266.0,334.0,0.0,376.0,235.0,5.0,False,4.0,165.0,0.0,False,20.0,0.0,True,1
83284,Regional Tournament,2022.0,590867.0,M,South America,High school,35-55,Middle,False,1.0,False,30.0,False,,27.0,0.0,0.0,5.0,0.0,False,0.0,0.0,0.0,False,0.0,0.0,True,0
87649,Continental Championship,2022.0,2686053.0,M,Middle East,High school,35-55,Middle,False,0.0,False,,False,502.0,948.0,0.0,315.0,23.0,152.0,False,11.0,324.0,0.0,False,61.0,0.0,True,1
90235,Local Match,2021.0,1884024.0,M,East Asia,Middle school,35-55,High,False,0.0,False,0.0,False,60.0,41.0,0.0,41.0,55.0,0.0,False,0.0,3.0,0.0,False,6.0,0.0,True,0
38760,Olympic Games,2022.0,2474849.0,F,North America,High school,35-55,Low,False,1.0,False,0.0,False,25.0,96.0,1.0,7.0,13.0,0.0,False,0.0,0.0,0.0,False,0.0,0.0,False,0
65003,Federation League,2022.0,2476409.0,M,North America,University Degree,35-55,Middle,False,0.0,False,0.0,False,72.0,69.0,8.0,2.0,62.0,13.0,False,24.0,0.0,0.0,False,6.0,0.0,False,1
84456,Local Match,2020.0,118668.0,M,Western Europe,University Degree,35-55,Middle,False,0.0,False,0.0,False,430.0,1106.0,0.0,486.0,321.0,816.0,False,0.0,23.0,17.0,False,39.0,11.0,True,1
52396,Regional Tournament,2022.0,694616.0,F,East Asia,Middle school,0-35,Middle,False,0.0,False,60.0,False,143.0,335.0,0.0,113.0,14.0,123.0,False,4.0,0.0,3.0,False,1.0,0.0,True,0
39898,Local Match,2020.0,553781.0,F,Southern Africa,High school,0-35,Middle,False,0.0,False,0.0,False,1047.0,2629.0,1.0,930.0,769.0,1342.0,False,0.0,83.0,8.0,False,71.0,146.0,True,1
46241,Regional Tournament,2020.0,326012.0,F,South America,High school,0-35,Low,False,0.0,False,30.0,False,23.0,17.0,0.0,29.0,34.0,3.0,False,0.0,0.0,0.0,False,4.0,0.0,False,0
37106,Local Match,2022.0,325750.0,M,North America,University Degree,35-55,Low,False,2.0,False,60.0,False,57.0,322.0,0.0,,52.0,621.0,True,0.0,4.0,0.0,False,3.0,5.0,True,1
11554,National Cup,,502554.0,M,East Asia,University Degree,35-55,High,False,0.0,False,0.0,False,229.0,125.0,0.0,116.0,166.0,197.0,False,3.0,0.0,0.0,False,10.0,0.0,False,1
90569,Continental Championship,2022.0,648654.0,M,Eastern Europe,Middle school,0-35,Middle,False,0.0,False,0.0,False,113.0,386.0,0.0,59.0,9.0,94.0,False,6.0,7.0,0.0,False,17.0,0.0,False,1
39684,Local Match,2019.0,582392.0,M,Central America,High school,35-55,Low,False,0.0,False,0.0,True,1126.0,5019.0,2.0,1306.0,659.0,1196.0,,11.0,188.0,33.0,False,61.0,20.0,True,1
48714,World Championship,2022.0,684341.0,F,Middle East,Middle school,0-35,High,False,0.0,False,,False,49.0,142.0,0.0,0.0,12.0,124.0,False,0.0,0.0,0.0,False,0.0,0.0,True,1
20252,National Cup,2022.0,563321.0,M,East Asia,University Degree,0-35,Middle-High,False,0.0,False,0.0,False,65.0,196.0,0.0,9.0,36.0,152.0,False,0.0,0.0,0.0,False,4.0,0.0,False,1
14273,National Cup,2022.0,608422.0,M,South Asia,High school,35-55,High,False,0.0,False,0.0,False,137.0,88.0,0.0,,35.0,485.0,False,0.0,0.0,0.0,False,5.0,0.0,False,1
17097,Regional Tournament,2022.0,608448.0,F,Oceania,High school,0-35,High,False,0.0,False,0.0,False,491.0,743.0,1.0,786.0,52.0,132.0,False,11.0,0.0,9.0,False,5.0,0.0,True,1
78198,Local Match,2021.0,631719.0,F,South America,High school,0-35,Middle-High,False,0.0,False,30.0,True,2040.0,2538.0,0.0,2645.0,511.0,1695.0,False,16.0,50.0,11.0,False,34.0,0.0,True,1
18834,Olympic Games,2019.0,1035023.0,F,South America,Middle school,35-55,Middle-Low,False,0.0,False,0.0,False,404.0,1288.0,0.0,131.0,51.0,0.0,False,0.0,0.0,0.0,False,2.0,20.0,True,1
18058,National Cup,2021.0,329673.0,M,South Asia,Middle school,35-55,High,False,0.0,False,0.0,False,723.0,251.0,0.0,453.0,358.0,1409.0,False,3.0,0.0,0.0,False,41.0,0.0,False,1
74958,Local Match,2019.0,581261.0,M,East Asia,Elementary school,0-35,Middle,False,0.0,False,0.0,True,227.0,616.0,0.0,272.0,188.0,614.0,False,2.0,14.0,0.0,False,17.0,0.0,True,1
44960,Federation League,2022.0,691069.0,F,South Asia,Post Graduate,35-55,High,False,0.0,False,30.0,False,187.0,95.0,8.0,227.0,109.0,4.0,False,39.0,0.0,0.0,False,8.0,0.0,False,1
48264,World Championship,2019.0,606570.0,F,Eastern Europe,High school,35-55,Low,False,0.0,False,,False,134.0,319.0,0.0,15.0,7.0,226.0,False,0.0,0.0,0.0,False,0.0,0.0,True,1
83566,Regional Tournament,2021.0,1406920.0,F,Western Europe,High school,35-55,High,False,0.0,False,0.0,False,146.0,34.0,0.0,1281.0,18.0,74.0,False,0.0,0.0,0.0,False,12.0,0.0,False,1
88329,Local Match,2019.0,522082.0,F,Northern Africa,High school,35-55,Low,False,0.0,False,60.0,False,373.0,741.0,0.0,151.0,218.0,599.0,False,0.0,14.0,0.0,False,25.0,6.0,True,0
78673,Continental Championship,2022.0,644514.0,M,South Asia,University Degree,0-35,High,False,0.0,False,0.0,False,204.0,667.0,0.0,270.0,29.0,154.0,False,5.0,169.0,0.0,False,22.0,0.0,False,1
75135,Local Match,2019.0,605269.0,M,East Asia,High school,0-35,Middle,False,0.0,False,60.0,False,110.0,219.0,0.0,3.0,87.0,87.0,False,0.0,0.0,1.0,False,0.0,0.0,True,0
59827,National Cup,2022.0,630177.0,M,Southern Europe,University Degree,0-35,Middle-Low,False,0.0,False,0.0,False,143.0,70.0,0.0,109.0,96.0,728.0,False,0.0,0.0,0.0,False,5.0,0.0,False,1
18189,Local Match,2022.0,687503.0,F,Middle East,Middle school,35-55,Middle-Low,False,0.0,False,60.0,False,1096.0,1996.0,0.0,1130.0,555.0,1264.0,True,1.0,52.0,24.0,False,108.0,13.0,True,1
90184,Federation League,2021.0,355309.0,M,South Asia,Middle school,0-35,High,False,0.0,False,60.0,False,89.0,182.0,0.0,9.0,95.0,1.0,False,1.0,11.0,0.0,False,5.0,0.0,True,1
23644,Regional Tournament,2022.0,675165.0,F,Southern Europe,University Degree,35-55,Middle-Low,False,0.0,False,0.0,False,0.0,4.0,0.0,0.0,6.0,0.0,False,0.0,0.0,0.0,False,2.0,0.0,False,0
60680,Local Match,2021.0,546627.0,M,Central Asia,Middle school,0-35,High,False,0.0,False,0.0,True,529.0,980.0,0.0,252.0,346.0,754.0,False,23.0,22.0,4.0,False,32.0,5.0,True,1
46814,World Championship,2019.0,596208.0,F,Southern Europe,Middle school,35-55,Middle,False,0.0,False,,False,95.0,135.0,0.0,177.0,25.0,100.0,False,0.0,0.0,0.0,False,0.0,0.0,True,1
37879,Local Match,2022.0,600405.0,M,Central America,Middle school,0-35,High,False,1.0,False,60.0,False,222.0,507.0,0.0,94.0,114.0,126.0,,0.0,0.0,3.0,False,18.0,0.0,True,0
76967,Regional Tournament,2021.0,1502193.0,F,Central Asia,High school,35-55,Middle-Low,False,,False,0.0,False,280.0,47.0,1.0,1524.0,31.0,109.0,False,0.0,0.0,0.0,False,22.0,0.0,False,1
11861,National Cup,2021.0,480929.0,M,Middle East,University Degree,35-55,High,False,0.0,False,0.0,False,364.0,410.0,0.0,21.0,356.0,577.0,False,1.0,0.0,0.0,False,3.0,0.0,False,1
59664,National Cup,2021.0,324257.0,M,South America,High school,0-35,Low,False,0.0,False,0.0,False,95.0,19.0,0.0,25.0,55.0,268.0,False,0.0,0.0,0.0,False,3.0,0.0,False,0
61202,Federation League,2019.0,406224.0,M,Western Europe,High school,0-35,High,False,0.0,False,60.0,False,110.0,85.0,0.0,22.0,73.0,3.0,False,0.0,8.0,0.0,False,3.0,0.0,True,1
71759,Regional Tournament,2022.0,685257.0,F,Southern Africa,Middle school,0-35,Low,False,0.0,False,0.0,False,,38.0,0.0,0.0,4.0,53.0,False,0.0,0.0,0.0,False,1.0,0.0,True,0
99233,Federation League,2020.0,543340.0,M,Northern Africa,High school,0-35,Middle-Low,False,0.0,False,0.0,False,1290.0,418.0,27.0,1317.0,213.0,33.0,False,0.0,190.0,0.0,False,83.0,39.0,False,1
35227,Local Match,2020.0,383018.0,M,Eastern Europe,High school,35-55,Middle,False,1.0,False,75.0,False,79.0,293.0,0.0,136.0,87.0,224.0,False,0.0,8.0,11.0,False,11.0,1.0,True,0
15022,Local Match,2019.0,81536.0,M,North America,Middle school,35-55,High,False,1.0,False,0.0,False,102.0,105.0,0.0,109.0,67.0,61.0,False,3.0,17.0,0.0,False,10.0,0.0,True,0
93858,Regional Tournament,2022.0,645248.0,F,Western Europe,Middle school,0-35,High,False,0.0,False,0.0,False,60.0,151.0,0.0,15.0,28.0,37.0,False,0.0,0.0,0.0,False,2.0,0.0,,0
40420,Local Match,2019.0,335562.0,M,South Asia,High school,0-35,Low,False,0.0,False,30.0,True,992.0,1876.0,0.0,1004.0,490.0,551.0,False,6.0,93.0,49.0,False,71.0,33.0,True,1
30134,Local Match,2021.0,2575119.0,M,Southern Africa,High school,35-55,Middle,False,2.0,True,0.0,False,21.0,123.0,0.0,33.0,26.0,10.0,False,0.0,1.0,0.0,False,0.0,0.0,False,0
76784,Olympic Games,2019.0,295741.0,M,Oceania,High school,35-55,Middle,False,0.0,False,140.0,False,217.0,278.0,0.0,109.0,87.0,0.0,False,0.0,0.0,0.0,False,18.0,0.0,True,0
15587,Federation League,2019.0,1679862.0,M,North America,High school,0-35,High,True,0.0,False,75.0,False,120.0,123.0,0.0,20.0,162.0,1.0,False,0.0,0.0,0.0,False,8.0,0.0,False,0
91372,Federation League,2019.0,543723.0,M,East Asia,University Degree,35-55,Middle-High,False,0.0,False,0.0,,145.0,57.0,0.0,157.0,152.0,13.0,False,0.0,99.0,0.0,False,20.0,0.0,True,1
47623,National Cup,2022.0,300611.0,M,Northern Africa,University Degree,0-35,Low,False,1.0,False,,False,81.0,27.0,0.0,0.0,70.0,280.0,False,0.0,0.0,0.0,False,1.0,0.0,False,1
54613,World Championship,2022.0,571583.0,M,South America,Middle school,35-55,High,False,0.0,False,,False,168.0,301.0,10.0,0.0,16.0,188.0,False,0.0,0.0,,False,0.0,0.0,True,1
33368,Continental Championship,2019.0,571595.0,M,North America,Middle school,0-35,Middle-High,False,0.0,False,30.0,False,244.0,462.0,0.0,359.0,18.0,108.0,False,2.0,164.0,0.0,False,44.0,1.0,False,0
31354,Federation League,2019.0,33930.0,F,Middle East,High school,0-35,Middle-Low,False,0.0,False,30.0,False,199.0,65.0,0.0,143.0,48.0,6.0,False,6.0,70.0,0.0,False,7.0,0.0,True,1
86507,Regional Tournament,2019.0,421018.0,F,Eastern Europe,University Degree,0-35,Low,False,0.0,False,0.0,False,45.0,25.0,0.0,8.0,36.0,31.0,False,1.0,0.0,0.0,False,5.0,0.0,False,1
73016,Federation League,2022.0,693085.0,M,South America,High school,0-35,Middle-Low,False,0.0,False,0.0,False,788.0,153.0,0.0,543.0,284.0,14.0,False,113.0,0.0,0.0,False,33.0,0.0,False,1
20917,National Cup,2022.0,561195.0,M,North America,Middle school,35-55,Middle,False,0.0,False,0.0,False,328.0,583.0,0.0,418.0,312.0,1177.0,False,11.0,0.0,0.0,False,5.0,0.0,False,1
72638,Federation League,2020.0,368749.0,F,Central America,University Degree,0-35,Middle-Low,False,1.0,False,0.0,False,920.0,478.0,46.0,422.0,648.0,72.0,False,0.0,99.0,0.0,False,88.0,28.0,False,0
10094,Regional Tournament,2022.0,654404.0,F,Southern Africa,Middle school,0-35,Low,False,0.0,False,0.0,False,50.0,145.0,0.0,5.0,3.0,100.0,False,2.0,0.0,3.0,False,1.0,0.0,True,1
45289,Local Match,2022.0,654260.0,M,Southern Africa,High school,0-35,High,False,0.0,False,60.0,False,353.0,1037.0,0.0,236.0,234.0,676.0,True,2.0,12.0,3.0,False,24.0,1.0,True,1
27051,National Cup,2022.0,432478.0,M,Southern Africa,High school,35-55,Middle,False,0.0,False,,False,60.0,91.0,0.0,15.0,30.0,123.0,False,0.0,0.0,0.0,False,3.0,0.0,False,0
17143,Continental Championship,2022.0,631888.0,M,South Asia,Middle school,35-55,High,True,0.0,False,,False,102.0,154.0,0.0,228.0,29.0,102.0,False,0.0,0.0,0.0,False,18.0,0.0,True,0
68236,Federation League,2020.0,409109.0,F,South America,Middle school,0-35,Middle,False,2.0,False,90.0,False,263.0,270.0,0.0,67.0,150.0,37.0,False,0.0,10.0,0.0,False,24.0,8.0,False,1
64124,Federation League,2019.0,526679.0,F,Southern Europe,High school,35-55,Middle-High,False,0.0,False,0.0,False,746.0,295.0,0.0,707.0,319.0,11.0,False,22.0,186.0,0.0,False,40.0,0.0,True,1
98255,Regional Tournament,2022.0,655314.0,M,South America,High school,0-35,High,False,0.0,False,60.0,False,257.0,1074.0,2.0,175.0,52.0,86.0,False,42.0,0.0,16.0,False,0.0,0.0,True,1
86619,Regional Tournament,2020.0,525520.0,F,South Asia,Middle school,35-55,Middle-High,False,0.0,False,0.0,False,210.0,76.0,0.0,429.0,,117.0,False,0.0,0.0,0.0,False,21.0,,False,0
57696,Regional Tournament,2020.0,554795.0,F,Middle East,High school,,Low,False,0.0,False,0.0,False,175.0,46.0,0.0,126.0,46.0,79.0,False,0.0,0.0,0.0,False,13.0,2.0,False,1
46670,Regional Tournament,2021.0,311889.0,F,Central America,University Degree,35-55,,False,0.0,False,0.0,False,46.0,17.0,4.0,94.0,35.0,66.0,False,0.0,0.0,0.0,False,4.0,0.0,False,0
42821,National Cup,2022.0,646363.0,M,Western Europe,University Degree,0-35,High,False,0.0,False,0.0,False,30.0,9.0,0.0,9.0,14.0,100.0,False,0.0,0.0,0.0,False,1.0,0.0,True,0
13309,World Championship,2021.0,600714.0,F,Northern Africa,High school,35-55,High,False,0.0,False,,False,57.0,147.0,0.0,0.0,5.0,76.0,False,0.0,0.0,0.0,False,0.0,0.0,True,1
88625,National Cup,2022.0,2500064.0,M,Oceania,Middle school,0-35,Middle,False,0.0,False,60.0,False,167.0,81.0,0.0,31.0,80.0,266.0,False,0.0,0.0,0.0,False,10.0,0.0,False,0
47723,Continental Championship,2019.0,584553.0,M,Northern Africa,High school,0-35,Middle,False,0.0,False,,False,189.0,672.0,0.0,122.0,5.0,65.0,False,0.0,427.0,0.0,False,28.0,5.0,False,1
22492,,2020.0,542653.0,M,Oceania,High school,35-55,Middle-High,False,0.0,False,0.0,False,1230.0,2459.0,1.0,894.0,773.0,696.0,False,0.0,106.0,21.0,False,63.0,52.0,True,1
41266,Regional Tournament,2020.0,74734.0,F,Northern Africa,Middle school,0-35,Low,False,0.0,True,120.0,False,56.0,13.0,2.0,46.0,19.0,69.0,False,0.0,0.0,0.0,False,3.0,0.0,False,1
64216,Continental Championship,2019.0,575166.0,M,Western Europe,High school,0-35,Middle-Low,False,0.0,False,0.0,False,476.0,1281.0,0.0,376.0,63.0,312.0,False,0.0,657.0,0.0,False,93.0,15.0,False,1
49688,National Cup,2022.0,566938.0,M,South America,Middle school,35-55,Middle,False,0.0,False,0.0,,340.0,460.0,0.0,34.0,149.0,1427.0,False,32.0,0.0,0.0,False,3.0,0.0,False,1
31116,Federation League,2019.0,558610.0,F,North America,Middle school,0-35,Low,False,1.0,False,60.0,False,27.0,14.0,0.0,25.0,8.0,2.0,False,0.0,0.0,0.0,False,1.0,0.0,True,0
10178,National Cup,2021.0,600142.0,M,Central America,High school,0-35,High,False,0.0,False,0.0,False,79.0,23.0,0.0,2.0,29.0,277.0,False,8.0,0.0,0.0,False,7.0,0.0,False,0
30066,Continental Championship,2019.0,582913.0,M,Western Europe,Middle school,0-35,High,False,0.0,False,0.0,False,202.0,655.0,0.0,166.0,49.0,152.0,False,6.0,245.0,0.0,False,66.0,3.0,True,1
97404,Regional Tournament,2020.0,505871.0,F,Middle East,High school,0-35,Low,False,0.0,False,0.0,False,114.0,18.0,0.0,172.0,48.0,37.0,,0.0,0.0,0.0,False,9.0,0.0,False,0
84952,Continental Championship,2019.0,2590189.0,M,Central America,University Degree,35-55,High,False,0.0,False,,False,451.0,854.0,0.0,563.0,52.0,6.0,False,1.0,387.0,0.0,False,68.0,4.0,False,1
20730,Regional Tournament,2019.0,522899.0,F,North America,University Degree,35-55,Middle,False,0.0,False,60.0,False,458.0,244.0,5.0,279.0,278.0,252.0,False,0.0,0.0,0.0,False,45.0,0.0,False,0
16587,Local Match,2022.0,648995.0,F,Eastern Europe,High school,0-35,Low,False,0.0,False,60.0,False,79.0,259.0,0.0,22.0,39.0,1.0,True,2.0,0.0,0.0,False,1.0,0.0,True,0
62162,Federation League,2020.0,325565.0,M,Northern Africa,Middle school,0-35,Low,False,2.0,False,60.0,False,20.0,11.0,0.0,6.0,8.0,6.0,False,0.0,0.0,0.0,False,1.0,0.0,False,0
81352,Local Match,2020.0,540801.0,M,North America,University Degree,0-35,Middle-High,False,0.0,False,30.0,False,165.0,259.0,0.0,171.0,135.0,0.0,False,0.0,3.0,2.0,False,9.0,14.0,True,0
74871,Federation League,2021.0,347365.0,M,Eastern Europe,High school,35-55,High,False,0.0,False,0.0,False,72.0,45.0,0.0,28.0,76.0,2.0,False,7.0,9.0,0.0,False,8.0,0.0,False,0
58967,Regional Tournament,2021.0,424863.0,F,Southern Africa,Middle school,0-35,High,False,4.0,False,60.0,False,22.0,9.0,0.0,10.0,19.0,1.0,False,0.0,0.0,0.0,False,3.0,0.0,True,0
37409,Local Match,2021.0,574605.0,M,East Asia,High school,0-35,Low,False,0.0,False,0.0,False,54.0,39.0,0.0,55.0,57.0,10.0,False,0.0,0.0,0.0,False,5.0,0.0,True,0
35688,National Cup,2022.0,676503.0,M,South America,High school,35-55,High,False,0.0,False,0.0,False,614.0,175.0,0.0,787.0,195.0,1794.0,False,16.0,0.0,0.0,False,46.0,0.0,False,1
94109,Regional Tournament,2020.0,534051.0,F,Central America,High school,0-35,Low,False,0.0,False,0.0,False,109.0,15.0,0.0,36.0,37.0,81.0,False,0.0,0.0,0.0,False,16.0,0.0,False,0
33010,Regional Tournament,2021.0,392604.0,F,East Asia,Middle school,35-55,High,False,0.0,False,30.0,False,485.0,244.0,11.0,143.0,228.0,119.0,False,1.0,0.0,0.0,False,57.0,0.0,True,1
91130,World Championship,2022.0,678612.0,F,South America,Middle school,35-55,Low,False,0.0,False,,False,6.0,2.0,0.0,0.0,1.0,0.0,False,0.0,0.0,0.0,False,0.0,0.0,True,0
84234,Local Match,2022.0,652998.0,M,East Asia,Middle school,0-35,High,False,0.0,False,0.0,False,34.0,31.0,0.0,12.0,22.0,1.0,True,0.0,0.0,0.0,False,0.0,0.0,False,0
78004,World Championship,2019.0,605301.0,F,East Asia,Middle school,0-35,Middle-High,False,0.0,False,0.0,False,218.0,420.0,3.0,258.0,22.0,100.0,False,0.0,0.0,0.0,False,0.0,0.0,True,1
31891,Regional Tournament,2021.0,621301.0,M,North America,Middle school,35-55,Low,False,0.0,False,0.0,False,3030.0,175.0,10.0,6983.0,164.0,80.0,False,2.0,0.0,0.0,False,85.0,0.0,False,1
49221,Regional Tournament,2019.0,410357.0,F,East Asia,Middle school,0-35,Middle,False,0.0,False,0.0,False,464.0,48.0,0.0,1354.0,42.0,78.0,False,0.0,0.0,0.0,False,3.0,0.0,True,1
20407,Regional Tournament,2022.0,697119.0,F,East Asia,High school,0-35,Middle-High,,0.0,False,0.0,False,12.0,28.0,1.0,1.0,3.0,0.0,False,0.0,0.0,0.0,False,0.0,0.0,True,0
35320,Continental Championship,2021.0,541999.0,M,Northern Africa,High school,0-35,Middle-Low,False,0.0,False,,False,17.0,103.0,0.0,19.0,6.0,4.0,False,1.0,0.0,0.0,False,6.0,1.0,False,0
98396,Local Match,2019.0,569994.0,F,South America,Middle school,0-35,Middle-High,False,0.0,False,60.0,False,79.0,264.0,0.0,69.0,91.0,2.0,False,0.0,2.0,0.0,False,14.0,0.0,False,0
12101,Local Match,2022.0,677456.0,M,North America,Middle school,35-55,Low,False,0.0,False,0.0,False,728.0,2252.0,0.0,1035.0,367.0,1120.0,True,6.0,59.0,41.0,False,41.0,41.0,True,1
36858,Local Match,2020.0,560410.0,M,North America,Middle school,0-35,Middle-Low,False,0.0,False,0.0,False,65.0,170.0,0.0,135.0,48.0,0.0,False,0.0,2.0,0.0,False,3.0,1.0,False,0
94408,Local Match,2020.0,2647043.0,F,South America,University Degree,35-55,Low,False,0.0,False,0.0,False,497.0,1203.0,0.0,701.0,210.0,966.0,False,0.0,41.0,9.0,False,42.0,64.0,True,0
51967,Federation League,2019.0,485594.0,F,Eastern Europe,High school,0-35,Middle-Low,False,1.0,False,60.0,False,226.0,115.0,0.0,81.0,160.0,22.0,False,15.0,62.0,0.0,False,15.0,0.0,True,0
30601,Local Match,2019.0,2619184.0,M,East Asia,High school,0-35,High,False,0.0,False,0.0,False,595.0,963.0,0.0,2851.0,256.0,416.0,False,6.0,38.0,12.0,False,18.0,7.0,True,0
60342,Federation League,2019.0,2292724.0,M,Western Europe,Middle school,0-35,High,False,1.0,False,0.0,False,289.0,326.0,7.0,319.0,257.0,,False,16.0,104.0,0.0,False,48.0,0.0,True,1
50847,World Championship,2022.0,650268.0,F,Oceania,High school,0-35,High,False,0.0,False,,False,79.0,175.0,0.0,50.0,13.0,78.0,False,0.0,0.0,0.0,False,0.0,0.0,True,1
52918,Local Match,2020.0,542635.0,,East Asia,High school,0-35,High,False,0.0,False,0.0,False,800.0,1991.0,0.0,771.0,417.0,921.0,False,0.0,27.0,9.0,False,37.0,28.0,True,1
64947,Local Match,2022.0,648564.0,M,East Asia,High school,0-35,Middle,False,0.0,False,60.0,False,378.0,1357.0,0.0,303.0,281.0,1579.0,True,0.0,31.0,9.0,False,17.0,0.0,True,1
97291,Local Match,2020.0,519540.0,M,Western Europe,High school,35-55,High,False,0.0,False,0.0,False,27.0,194.0,0.0,32.0,43.0,2.0,False,0.0,0.0,0.0,False,4.0,0.0,True,0
44108,National Cup,2022.0,513969.0,F,Oceania,High school,0-35,Middle,False,1.0,False,60.0,False,49.0,31.0,0.0,3.0,55.0,145.0,,0.0,0.0,0.0,False,0.0,0.0,False,1
72065,Regional Tournament,2019.0,560074.0,F,Western Europe,High school,0-35,Middle-Low,True,0.0,False,0.0,False,309.0,36.0,0.0,183.0,39.0,177.0,False,,0.0,0.0,False,4.0,0.0,False,1
85231,Federation League,2020.0,479347.0,M,Western Europe,Middle school,0-35,High,True,0.0,False,10.0,False,76.0,26.0,27.0,61.0,57.0,4.0,False,0.0,2.0,0.0,False,19.0,2.0,False,0
62876,Regional Tournament,2021.0,2440756.0,F,Central America,University Degree,35-55,High,False,0.0,False,0.0,False,65.0,20.0,0.0,30.0,11.0,67.0,False,0.0,0.0,0.0,False,6.0,0.0,True,1
15180,World Championship,2021.0,633643.0,F,Central Asia,High school,35-55,High,False,0.0,False,,False,239.0,398.0,1.0,359.0,34.0,61.0,False,0.0,0.0,0.0,False,0.0,0.0,True,1
16280,Local Match,2020.0,557388.0,M,East Asia,Middle school,0-35,Middle-Low,False,0.0,False,0.0,False,1130.0,2312.0,0.0,1599.0,512.0,496.0,False,0.0,13.0,25.0,,53.0,38.0,True,1
43809,Federation League,2019.0,444375.0,M,Middle East,High school,0-35,High,False,0.0,False,0.0,False,733.0,391.0,0.0,796.0,212.0,5.0,False,49.0,,0.0,False,46.0,0.0,True,1
88033,Local Match,2022.0,646402.0,M,North America,Post Graduate,0-35,Middle,False,0.0,False,60.0,False,523.0,973.0,0.0,343.0,318.0,637.0,True,7.0,14.0,3.0,False,38.0,4.0,True,1
70776,Regional Tournament,2022.0,649291.0,F,East Asia,Middle school,0-35,Middle,False,0.0,False,,False,291.0,953.0,12.0,318.0,80.0,76.0,False,25.0,0.0,3.0,False,5.0,0.0,True,1
22621,World Championship,2021.0,633209.0,F,Western Europe,Middle school,0-35,Middle,False,0.0,False,,False,66.0,128.0,0.0,47.0,15.0,89.0,False,0.0,0.0,0.0,False,0.0,0.0,True,1
33401,National Cup,2022.0,676469.0,M,Southern Europe,High school,0-35,Middle-Low,False,0.0,False,90.0,False,30.0,4.0,0.0,0.0,8.0,102.0,False,0.0,0.0,0.0,False,0.0,0.0,False,0
18146,Continental Championship,2021.0,604502.0,M,South Asia,University Degree,35-55,High,False,1.0,False,0.0,False,121.0,701.0,0.0,204.0,10.0,51.0,False,1.0,191.0,0.0,False,30.0,0.0,True,1
62649,National Cup,2022.0,648872.0,F,Central America,Middle school,0-35,Low,False,0.0,False,60.0,False,37.0,25.0,0.0,18.0,6.0,103.0,False,0.0,0.0,0.0,False,1.0,0.0,False,0
52000,Federation League,2021.0,600891.0,F,Oceania,High school,0-35,Middle-High,False,1.0,False,60.0,False,390.0,201.0,9.0,550.0,540.0,29.0,False,42.0,80.0,0.0,False,75.0,0.0,True,1
34352,National Cup,2021.0,412268.0,M,East Asia,Middle school,35-55,Middle-Low,False,0.0,False,,False,84.0,75.0,0.0,78.0,110.0,438.0,False,0.0,0.0,0.0,False,2.0,0.0,False,0
68188,Regional Tournament,2020.0,2692384.0,M,North America,Middle school,0-35,,False,0.0,False,0.0,False,318.0,84.0,0.0,342.0,144.0,73.0,False,0.0,0.0,0.0,False,14.0,0.0,False,1
14754,World Championship,2021.0,627530.0,F,Northern Africa,High school,0-35,Low,False,0.0,False,30.0,False,81.0,134.0,0.0,0.0,8.0,76.0,False,0.0,0.0,0.0,False,0.0,0.0,True,1
48484,Local Match,2019.0,521329.0,M,Eastern Europe,Middle school,0-35,Middle-Low,False,1.0,False,0.0,True,434.0,1044.0,0.0,55.0,343.0,879.0,False,1.0,3.0,3.0,False,30.0,1.0,True,1
68194,National Cup,2022.0,2133234.0,M,Central Asia,High school,35-55,High,False,0.0,False,,False,60.0,55.0,0.0,2.0,30.0,198.0,False,3.0,0.0,0.0,False,3.0,0.0,False,0
19287,Olympic Games,2019.0,1401935.0,M,Eastern Europe,High school,35-55,Middle-High,False,0.0,False,0.0,False,49.0,68.0,0.0,108.0,15.0,0.0,False,0.0,0.0,0.0,False,0.0,0.0,False,0
59082,Federation League,2022.0,1438584.0,M,Central America,Middle school,35-55,Low,True,0.0,False,0.0,False,58.0,34.0,0.0,59.0,32.0,3.0,False,2.0,0.0,0.0,False,3.0,0.0,False,0
12611,Local Match,2022.0,694428.0,M,Oceania,High school,0-35,Middle,False,0.0,False,0.0,False,169.0,541.0,0.0,170.0,180.0,899.0,True,0.0,20.0,13.0,False,6.0,10.0,True,1
97098,Regional Tournament,2019.0,613293.0,F,Southern Africa,Middle school,35-55,Middle-Low,False,0.0,False,0.0,False,144.0,31.0,1.0,223.0,37.0,89.0,False,3.0,0.0,0.0,False,13.0,0.0,False,1
63964,Olympic Games,2022.0,275674.0,F,South America,High school,0-35,Middle-Low,False,0.0,False,0.0,False,493.0,1043.0,1.0,271.0,161.0,0.0,False,0.0,0.0,0.0,False,115.0,6.0,True,0
49355,Local Match,2022.0,2223401.0,M,East Asia,High school,35-55,Middle,False,0.0,False,60.0,False,60.0,137.0,0.0,35.0,47.0,0.0,False,0.0,0.0,0.0,False,2.0,0.0,True,0
69925,Regional Tournament,2022.0,610545.0,F,Middle East,High school,0-35,High,False,0.0,False,0.0,False,228.0,900.0,0.0,127.0,40.0,134.0,False,6.0,0.0,3.0,False,0.0,0.0,True,1
24268,World Championship,2021.0,619483.0,F,South America,High school,0-35,Middle-Low,False,0.0,False,,False,49.0,66.0,0.0,7.0,11.0,106.0,False,0.0,0.0,0.0,False,0.0,0.0,False,1
34313,World Championship,2022.0,675247.0,M,Central Asia,High school,0-35,Middle,,0.0,False,,False,99.0,260.0,30.0,2.0,17.0,108.0,False,0.0,0.0,0.0,False,0.0,0.0,True,1
78738,Local Match,2021.0,242254.0,F,South America,High school,0-35,Low,False,1.0,False,120.0,True,76.0,126.0,0.0,40.0,154.0,751.0,False,0.0,0.0,0.0,False,5.0,0.0,True,0
81916,Local Match,2020.0,153110.0,M,North America,University Degree,35-55,Middle,False,0.0,False,0.0,False,91.0,143.0,0.0,12.0,71.0,211.0,False,0.0,1.0,0.0,False,5.0,0.0,True,0
93130,Olympic Games,2022.0,130547.0,F,East Asia,High school,35-55,Middle-High,False,0.0,False,0.0,False,162.0,847.0,1.0,110.0,88.0,0.0,False,0.0,0.0,0.0,False,30.0,14.0,False,1
17514,Local Match,2021.0,614172.0,F,South America,High school,0-35,Middle-Low,False,0.0,False,60.0,False,125.0,156.0,0.0,131.0,134.0,12.0,False,0.0,0.0,0.0,False,8.0,0.0,False,0
81058,Regional Tournament,2019.0,572277.0,M,North America,High school,0-35,Middle-Low,False,0.0,False,0.0,False,25.0,7.0,0.0,0.0,9.0,23.0,False,0.0,0.0,0.0,False,6.0,0.0,False,0
68059,Regional Tournament,2022.0,650161.0,F,Western Europe,High school,0-35,Middle,False,0.0,False,0.0,False,168.0,477.0,1.0,23.0,17.0,130.0,False,17.0,0.0,10.0,False,0.0,0.0,False,1
38569,Regional Tournament,2020.0,84245.0,M,Central America,High school,0-35,Middle,False,0.0,False,60.0,False,238.0,88.0,0.0,74.0,172.0,63.0,False,0.0,0.0,0.0,False,20.0,2.0,True,1
50895,National Cup,2021.0,1969407.0,M,Western Europe,University Degree,55<=,High,False,0.0,False,,,86.0,22.0,0.0,0.0,40.0,410.0,False,0.0,0.0,0.0,False,2.0,0.0,False,0
79105,World Championship,2019.0,497074.0,F,Central Asia,Middle school,,Low,False,0.0,False,,False,157.0,262.0,0.0,246.0,33.0,102.0,False,0.0,0.0,0.0,False,0.0,0.0,True,1
30117,National Cup,,619006.0,M,Northern Africa,High school,0-35,High,False,0.0,False,0.0,False,25.0,7.0,0.0,6.0,14.0,102.0,False,0.0,0.0,0.0,False,2.0,0.0,False,0
17752,Continental Championship,2019.0,515774.0,M,North America,High school,35-55,Middle-Low,False,0.0,False,0.0,False,357.0,998.0,0.0,219.0,19.0,177.0,False,0.0,428.0,0.0,False,73.0,14.0,True,1
38500,Local Match,2019.0,595381.0,M,South America,Middle school,0-35,Middle-Low,False,0.0,False,60.0,True,840.0,2896.0,0.0,384.0,641.0,674.0,False,2.0,13.0,1.0,False,44.0,19.0,True,1
65213,Local Match,2019.0,585128.0,,Southern Africa,High school,0-35,Low,False,0.0,False,0.0,False,89.0,80.0,0.0,129.0,61.0,9.0,False,2.0,8.0,0.0,False,1.0,0.0,False,0
89925,Federation League,2022.0,524427.0,F,Middle East,Middle school,0-35,Low,False,0.0,False,60.0,False,140.0,386.0,0.0,204.0,99.0,0.0,False,19.0,0.0,0.0,False,16.0,0.0,True,1
82322,Local Match,2020.0,540155.0,M,South America,Middle school,35-55,Middle,False,0.0,False,30.0,False,179.0,564.0,0.0,186.0,270.0,,False,0.0,30.0,3.0,False,36.0,7.0,False,0
56743,Local Match,2022.0,587571.0,M,South America,High school,35-55,Low,False,0.0,False,0.0,False,1209.0,4711.0,4.0,656.0,922.0,810.0,True,13.0,286.0,54.0,False,114.0,78.0,True,1
12134,Regional Tournament,2019.0,605327.0,F,Southern Africa,Middle school,0-35,Low,False,0.0,False,0.0,False,45.0,7.0,0.0,260.0,11.0,37.0,False,0.0,0.0,0.0,False,0.0,0.0,False,0
65884,Local Match,2021.0,618903.0,M,Northern Africa,High school,0-35,Middle-Low,False,0.0,False,60.0,False,60.0,237.0,0.0,41.0,65.0,58.0,False,0.0,2.0,0.0,False,6.0,0.0,False,0
28579,,2021.0,591398.0,M,East Asia,High school,35-55,High,False,1.0,False,0.0,False,186.0,729.0,0.0,299.0,16.0,112.0,False,4.0,297.0,0.0,False,38.0,0.0,False,1
49705,Federation League,2019.0,1982833.0,M,Central America,University Degree,35-55,High,False,0.0,False,0.0,False,134.0,129.0,5.0,114.0,188.0,3.0,False,2.0,7.0,0.0,False,17.0,0.0,False,0
25807,National Cup,2022.0,544267.0,M,Middle East,High school,35-55,High,False,0.0,False,,False,448.0,2620.0,0.0,432.0,120.0,974.0,False,12.0,0.0,0.0,False,33.0,0.0,False,1
66020,Local Match,2019.0,607794.0,M,East Asia,High school,35-55,High,False,0.0,False,90.0,True,613.0,1457.0,0.0,1050.0,266.0,481.0,False,11.0,35.0,24.0,False,31.0,50.0,True,1
89238,Local Match,2019.0,601180.0,M,North America,University Degree,35-55,Middle-High,False,0.0,False,0.0,False,445.0,1505.0,1.0,171.0,416.0,219.0,False,1.0,48.0,11.0,False,43.0,17.0,False,0
80126,Federation League,2022.0,514324.0,M,South America,Middle school,0-35,Middle,False,1.0,False,60.0,False,31.0,80.0,15.0,0.0,17.0,0.0,False,0.0,0.0,0.0,False,1.0,0.0,True,0
18630,Federation League,2019.0,588824.0,F,North America,University Degree,0-35,Middle-Low,True,0.0,False,0.0,False,318.0,291.0,138.0,761.0,355.0,11.0,False,62.0,65.0,0.0,False,48.0,0.0,True,1
91276,Federation League,2020.0,540848.0,F,Eastern Europe,High school,0-35,Low,False,0.0,False,0.0,False,747.0,1103.0,18.0,520.0,962.0,16.0,False,0.0,208.0,0.0,False,290.0,80.0,False,1
91938,National Cup,2022.0,469614.0,M,Central America,Middle school,0-35,Low,False,1.0,False,30.0,False,17.0,4.0,0.0,5.0,6.0,18.0,False,0.0,0.0,0.0,False,1.0,0.0,False,0
23711,Federation League,2022.0,351244.0,M,South Asia,High school,0-35,Low,False,1.0,False,0.0,False,182.0,156.0,45.0,319.0,61.0,4.0,False,12.0,0.0,0.0,False,4.0,0.0,True,1
51331,Federation League,2022.0,586729.0,F,Eastern Europe,High school,0-35,High,False,0.0,False,60.0,False,197.0,78.0,10.0,204.0,96.0,17.0,False,13.0,4.0,0.0,False,4.0,0.0,True,1
73680,National Cup,2022.0,335401.0,M,East Asia,Middle school,35-55,Middle-Low,False,0.0,,,False,26.0,23.0,0.0,0.0,14.0,43.0,False,0.0,0.0,0.0,False,3.0,0.0,False,0
45481,Local Match,2022.0,577533.0,M,Central Asia,High school,0-35,Middle-Low,False,1.0,False,30.0,False,199.0,410.0,0.0,130.0,113.0,508.0,False,20.0,3.0,0.0,False,8.0,1.0,True,1
79720,Continental Championship,2019.0,558054.0,M,South Asia,Middle school,0-35,Middle,False,0.0,False,,False,291.0,1047.0,0.0,18.0,5.0,209.0,False,0.0,346.0,0.0,False,39.0,9.0,True,1
56990,Local Match,2019.0,602777.0,M,Central Asia,High school,0-35,High,False,0.0,False,90.0,True,315.0,1144.0,0.0,46.0,229.0,598.0,False,10.0,22.0,14.0,False,20.0,13.0,True,1
35969,Regional Tournament,2021.0,190565.0,F,Central America,Middle school,35-55,Middle-Low,True,0.0,False,0.0,False,79.0,46.0,0.0,39.0,16.0,70.0,False,0.0,0.0,0.0,False,12.0,0.0,False,1
33839,Regional Tournament,2022.0,536767.0,F,Central America,Middle school,0-35,High,True,0.0,False,0.0,False,20.0,27.0,0.0,2.0,16.0,0.0,False,1.0,0.0,0.0,False,1.0,0.0,True,0
86474,Federation League,2019.0,578644.0,M,Western Europe,High school,35-55,High,False,0.0,False,30.0,False,576.0,856.0,0.0,771.0,781.0,24.0,False,7.0,91.0,0.0,False,28.0,0.0,True,1
83454,Regional Tournament,2022.0,2091193.0,M,Eastern Europe,Middle school,35-55,High,False,0.0,False,0.0,False,446.0,1096.0,6.0,404.0,68.0,259.0,False,7.0,0.0,9.0,False,10.0,0.0,False,1
58270,Regional Tournament,2019.0,2396786.0,F,Southern Africa,High school,35-55,Low,False,0.0,False,0.0,False,32.0,17.0,0.0,103.0,11.0,0.0,False,0.0,0.0,0.0,False,3.0,0.0,True,0
55214,Federation League,2021.0,1671761.0,M,Western Europe,High school,35-55,Middle,False,0.0,False,0.0,False,241.0,226.0,1.0,169.0,140.0,8.0,False,5.0,45.0,0.0,False,21.0,0.0,False,0
98763,Regional Tournament,2022.0,651775.0,M,Central America,Middle school,0-35,Middle,False,0.0,False,60.0,False,170.0,1040.0,0.0,0.0,18.0,158.0,False,0.0,0.0,9.0,False,0.0,0.0,False,1
76505,Local Match,2020.0,550866.0,M,Central America,High school,0-35,Middle-Low,False,0.0,False,60.0,False,214.0,424.0,0.0,120.0,117.0,322.0,False,0.0,8.0,3.0,False,26.0,6.0,True,0
80932,Regional Tournament,2021.0,635771.0,F,South Asia,High school,0-35,Middle-Low,False,0.0,False,0.0,False,44.0,9.0,0.0,0.0,7.0,79.0,False,0.0,0.0,0.0,False,14.0,0.0,False,1
36145,Federation League,2019.0,479977.0,F,East Asia,High school,0-35,High,False,0.0,False,0.0,False,811.0,204.0,1213.0,268.0,486.0,14.0,False,14.0,65.0,0.0,False,56.0,0.0,True,1
19046,Regional Tournament,2019.0,535379.0,F,Western Europe,High school,0-35,High,False,0.0,False,0.0,False,102.0,18.0,0.0,177.0,26.0,44.0,False,0.0,0.0,0.0,False,10.0,0.0,False,1
65188,Federation League,2020.0,556295.0,M,South Asia,Middle school,0-35,High,False,0.0,False,0.0,False,395.0,,0.0,345.0,170.0,38.0,False,0.0,30.0,0.0,False,56.0,6.0,True,0
73425,World Championship,2021.0,598017.0,M,Northern Africa,High school,35-55,Middle,False,0.0,False,,False,150.0,181.0,0.0,107.0,8.0,35.0,False,0.0,0.0,0.0,False,0.0,0.0,True,1
70768,Continental Championship,2021.0,182400.0,M,South Asia,University Degree,35-55,High,False,0.0,False,,False,293.0,845.0,0.0,87.0,38.0,232.0,False,3.0,0.0,0.0,False,25.0,0.0,False,0
80248,Federation League,2019.0,560879.0,F,Northern Africa,High school,0-35,Middle,False,0.0,False,0.0,False,356.0,164.0,0.0,462.0,204.0,19.0,False,18.0,65.0,0.0,False,34.0,0.0,True,1
77090,Local Match,2022.0,601008.0,M,Central America,Middle school,0-35,Middle,False,1.0,False,120.0,False,257.0,828.0,0.0,44.0,187.0,806.0,True,0.0,6.0,0.0,False,8.0,0.0,True,1
60429,Federation League,2019.0,144895.0,M,Western Europe,High school,0-35,Middle-High,False,0.0,False,0.0,False,304.0,111.0,0.0,729.0,228.0,9.0,False,65.0,28.0,0.0,False,27.0,0.0,True,1
22693,Federation League,2020.0,378953.0,M,Northern Africa,Middle school,0-35,Low,False,0.0,False,60.0,False,148.0,180.0,2.0,122.0,125.0,8.0,False,0.0,0.0,0.0,False,6.0,0.0,False,0
88119,Local Match,2022.0,687288.0,M,East Asia,High school,0-35,Middle-High,False,0.0,False,30.0,False,115.0,578.0,1.0,49.0,121.0,13.0,True,0.0,0.0,0.0,False,2.0,0.0,True,0
24943,Regional Tournament,2021.0,624738.0,M,Southern Europe,Middle school,0-35,Low,False,0.0,False,0.0,False,237.0,71.0,0.0,264.0,36.0,,False,0.0,0.0,0.0,False,50.0,0.0,True,1
12279,Federation League,2019.0,592950.0,F,Oceania,High school,35-55,High,True,0.0,False,0.0,False,703.0,384.0,39.0,764.0,697.0,73.0,False,19.0,151.0,0.0,False,53.0,0.0,True,1
60067,Federation League,2020.0,2640992.0,M,Eastern Europe,High school,35-55,High,False,1.0,False,90.0,False,418.0,232.0,93.0,79.0,452.0,26.0,False,0.0,55.0,0.0,False,91.0,4.0,True,0
33155,World Championship,2022.0,680345.0,F,Central America,High school,35-55,Low,False,0.0,False,,False,5.0,0.0,0.0,,0.0,0.0,False,0.0,0.0,0.0,False,0.0,0.0,False,0
45882,Federation League,2022.0,147328.0,F,East Asia,High school,0-35,High,False,0.0,False,0.0,False,520.0,284.0,23.0,1105.0,429.0,1.0,False,42.0,0.0,0.0,False,53.0,0.0,False,1
48038,Regional Tournament,2019.0,325887.0,M,Oceania,Middle school,0-35,Middle-High,True,0.0,False,0.0,False,415.0,71.0,0.0,519.0,61.0,73.0,False,2.0,0.0,0.0,False,10.0,0.0,False,1
67162,Local Match,2022.0,185994.0,M,Western Europe,High school,0-35,Middle-Low,False,0.0,False,0.0,False,309.0,1515.0,0.0,141.0,180.0,451.0,True,,68.0,40.0,False,27.0,30.0,True,1
91439,Regional Tournament,2020.0,70608.0,F,Oceania,University Degree,35-55,Middle-High,False,0.0,False,140.0,False,84.0,15.0,1.0,53.0,45.0,67.0,False,0.0,0.0,0.0,False,,,False,1
23154,Regional Tournament,2020.0,493773.0,M,South America,High school,0-35,Middle-Low,False,0.0,False,60.0,False,25.0,4.0,0.0,9.0,9.0,67.0,False,0.0,0.0,0.0,False,7.0,0.0,False,0
54126,Local Match,2022.0,283402.0,M,South America,University Degree,0-35,Middle-Low,False,0.0,False,0.0,False,641.0,2042.0,0.0,693.0,430.0,1388.0,True,3.0,42.0,15.0,False,45.0,1.0,True,1
10504,Local Match,2022.0,294112.0,M,North America,High school,0-35,Middle,False,0.0,False,90.0,False,380.0,824.0,0.0,407.0,296.0,137.0,True,15.0,29.0,3.0,False,12.0,0.0,False,0
75260,National Cup,2021.0,2577091.0,M,North America,Post Graduate,35-55,High,False,0.0,False,,False,50.0,21.0,0.0,25.0,38.0,125.0,False,1.0,0.0,0.0,False,2.0,0.0,False,0
32509,National Cup,2021.0,616831.0,M,Northern Africa,Middle school,0-35,Low,False,0.0,False,0.0,False,114.0,204.0,0.0,22.0,94.0,353.0,False,2.0,0.0,0.0,False,4.0,0.0,False,1
18645,Federation League,2020.0,539066.0,F,Middle East,High school,0-35,Middle,False,0.0,False,0.0,False,213.0,100.0,3.0,183.0,125.0,13.0,False,0.0,58.0,0.0,False,30.0,9.0,False,1
51999,National Cup,2022.0,620652.0,M,Oceania,University Degree,35-55,High,False,0.0,False,30.0,False,85.0,13.0,0.0,0.0,67.0,395.0,False,0.0,0.0,0.0,False,8.0,0.0,False,1
23224,Regional Tournament,2019.0,550880.0,F,Oceania,High school,0-35,High,False,1.0,False,0.0,False,169.0,17.0,0.0,123.0,31.0,145.0,False,0.0,0.0,0.0,False,10.0,0.0,True,1
97940,World Championship,2019.0,551389.0,F,East Asia,Middle school,0-35,Middle-High,False,0.0,False,,False,148.0,322.0,5.0,103.0,28.0,106.0,False,0.0,0.0,0.0,False,0.0,0.0,True,1
47030,Local Match,2019.0,2243505.0,M,East Asia,High school,0-35,Middle,False,0.0,False,30.0,True,239.0,,0.0,411.0,225.0,662.0,False,15.0,1.0,1.0,False,9.0,0.0,True,1
93753,Regional Tournament,2019.0,280151.0,F,South America,High school,0-35,Low,True,0.0,False,140.0,False,27.0,4.0,0.0,11.0,6.0,17.0,False,0.0,0.0,0.0,False,6.0,0.0,False,0
82938,National Cup,2022.0,631573.0,F,Northern Africa,Middle school,0-35,Middle,False,0.0,False,,False,209.0,210.0,0.0,148.0,129.0,1014.0,False,0.0,0.0,0.0,False,5.0,0.0,False,1
12227,Local Match,2020.0,532464.0,M,Southern Europe,High school,0-35,Middle-High,False,0.0,False,60.0,False,76.0,218.0,0.0,33.0,65.0,0.0,False,0.0,1.0,0.0,False,6.0,0.0,False,0
10256,National Cup,2022.0,642838.0,F,Southern Europe,High school,0-35,Low,False,0.0,False,30.0,False,374.0,26.0,0.0,558.0,75.0,837.0,,0.0,0.0,0.0,False,2.0,0.0,False,1
53274,Federation League,2021.0,2109013.0,F,North America,University Degree,35-55,High,False,1.0,False,10.0,False,69.0,86.0,0.0,69.0,49.0,5.0,False,1.0,2.0,0.0,False,7.0,0.0,False,0
39990,Local Match,2019.0,591343.0,M,North America,High school,0-35,Middle-Low,False,0.0,False,90.0,True,88.0,361.0,0.0,5.0,137.0,623.0,False,0.0,0.0,0.0,False,0.0,0.0,True,1
14312,Regional Tournament,2019.0,577914.0,F,Oceania,High school,0-35,Middle,False,0.0,False,60.0,False,305.0,158.0,2.0,543.0,104.0,118.0,False,0.0,0.0,0.0,False,90.0,0.0,True,1
73787,Local Match,2019.0,603327.0,M,North America,High school,0-35,High,False,0.0,False,0.0,True,408.0,1231.0,0.0,476.0,285.0,702.0,False,4.0,31.0,9.0,False,24.0,2.0,True,1
22656,Regional Tournament,2020.0,541808.0,F,Western Europe,High school,35-55,Middle,False,0.0,False,0.0,False,24.0,6.0,0.0,56.0,13.0,70.0,False,0.0,0.0,0.0,False,3.0,0.0,False,1
44006,Federation League,2019.0,493725.0,F,Oceania,Middle school,35-55,Middle,False,0.0,False,0.0,False,160.0,145.0,7.0,155.0,123.0,6.0,False,0.0,63.0,0.0,False,19.0,0.0,True,0
89026,Regional Tournament,2019.0,564626.0,M,South America,High school,0-35,High,False,0.0,False,0.0,False,100.0,22.0,1.0,72.0,25.0,55.0,False,1.0,0.0,0.0,False,23.0,0.0,False,0
95389,Regional Tournament,2021.0,613093.0,F,Southern Europe,High school,0-35,Middle-Low,False,0.0,False,0.0,False,96.0,22.0,0.0,18.0,33.0,133.0,False,0.0,0.0,0.0,False,45.0,0.0,True,1
49850,Federation League,2022.0,586315.0,M,Central Asia,Middle school,0-35,Middle-Low,False,0.0,False,0.0,False,334.0,147.0,0.0,692.0,199.0,3.0,False,6.0,0.0,0.0,False,9.0,0.0,True,1
95191,Regional Tournament,2020.0,559808.0,F,North America,Middle school,0-35,Middle,False,0.0,False,0.0,False,18.0,12.0,0.0,1.0,20.0,1.0,False,0.0,0.0,0.0,False,2.0,0.0,False,0
21294,Local Match,2019.0,607586.0,M,Southern Europe,High school,0-35,Middle-Low,False,0.0,False,0.0,False,114.0,307.0,0.0,267.0,102.0,2.0,False,1.0,50.0,9.0,False,10.0,4.0,True,0
40976,Local Match,2021.0,305918.0,M,East Asia,High school,0-35,Middle-Low,False,0.0,False,0.0,True,213.0,582.0,0.0,169.0,189.0,280.0,False,4.0,26.0,10.0,False,8.0,0.0,False,0
34371,Regional Tournament,2022.0,648754.0,F,Western Europe,High school,0-35,Middle-High,False,0.0,False,60.0,False,12.0,15.0,0.0,0.0,0.0,0.0,False,0.0,0.0,0.0,False,0.0,0.0,True,0
44100,Regional Tournament,2021.0,132972.0,F,South America,Middle school,0-35,Middle-Low,False,0.0,False,140.0,False,48.0,6.0,0.0,26.0,14.0,74.0,False,0.0,0.0,0.0,False,8.0,0.0,False,1
14984,Continental Championship,2019.0,579011.0,M,Northern Africa,High school,35-55,Low,False,0.0,False,0.0,False,189.0,367.0,0.0,324.0,24.0,161.0,False,1.0,461.0,0.0,False,56.0,1.0,True,1
10818,Local Match,2019.0,606990.0,M,South America,Middle school,0-35,Middle-Low,False,0.0,False,0.0,True,160.0,303.0,0.0,157.0,154.0,739.0,False,7.0,0.0,0.0,False,10.0,0.0,True,1
51309,Local Match,2020.0,265855.0,F,North America,Middle school,35-55,Middle,False,0.0,False,0.0,False,793.0,2168.0,1.0,1349.0,610.0,3179.0,False,0.0,46.0,43.0,False,125.0,86.0,True,1
97806,Olympic Games,2022.0,275792.0,F,Western Europe,University Degree,0-35,Middle,False,0.0,False,0.0,False,155.0,331.0,0.0,50.0,63.0,0.0,False,2.0,0.0,0.0,False,4.0,0.0,False,1
98947,Federation League,2022.0,575380.0,F,Northern Africa,Middle school,0-35,Low,False,0.0,False,0.0,False,567.0,170.0,4.0,1465.0,383.0,44.0,False,99.0,0.0,0.0,False,53.0,0.0,True,1
78995,Regional Tournament,2020.0,556553.0,F,Oceania,High school,0-35,Middle-Low,False,0.0,False,0.0,False,151.0,31.0,0.0,222.0,79.0,89.0,False,0.0,0.0,0.0,False,26.0,0.0,False,1
15850,National Cup,2022.0,1681946.0,M,East Asia,High school,35-55,High,False,0.0,False,0.0,False,119.0,78.0,0.0,102.0,52.0,312.0,False,2.0,0.0,0.0,False,6.0,0.0,False,0
29142,Regional Tournament,2020.0,560005.0,F,South America,High school,0-35,Middle-Low,False,0.0,False,0.0,False,32.0,18.0,0.0,61.0,24.0,2.0,False,0.0,0.0,0.0,False,7.0,0.0,True,0
78278,Regional Tournament,2022.0,651008.0,F,Central America,University Degree,0-35,High,False,0.0,False,30.0,False,134.0,272.0,3.0,9.0,18.0,27.0,False,0.0,0.0,0.0,False,3.0,0.0,True,1
97673,Local Match,2019.0,598235.0,M,East Asia,University Degree,0-35,Low,False,0.0,False,60.0,False,73.0,77.0,0.0,126.0,61.0,0.0,False,0.0,0.0,0.0,False,6.0,0.0,False,0
78325,Local Match,2022.0,130409.0,M,Oceania,Middle school,0-35,Middle-Low,True,0.0,False,0.0,False,176.0,373.0,1.0,31.0,185.0,859.0,True,1.0,2.0,0.0,False,1.0,0.0,True,1
70643,Local Match,2021.0,625406.0,F,Eastern Europe,Middle school,35-55,Low,False,0.0,False,0.0,True,792.0,4072.0,0.0,81.0,819.0,1914.0,False,9.0,58.0,16.0,False,51.0,61.0,True,1
74043,National Cup,2022.0,694536.0,M,Oceania,High school,0-35,High,False,0.0,False,60.0,False,24.0,6.0,0.0,2.0,6.0,61.0,False,0.0,0.0,0.0,False,1.0,0.0,False,0
85582,Regional Tournament,2019.0,1889565.0,F,Oceania,High school,35-55,Middle-High,False,0.0,False,0.0,False,257.0,46.0,0.0,450.0,49.0,82.0,False,0.0,0.0,0.0,False,87.0,0.0,False,1
13208,Continental Championship,2021.0,198902.0,M,South America,Middle school,0-35,Low,False,0.0,False,0.0,False,75.0,203.0,0.0,37.0,15.0,1.0,False,1.0,49.0,0.0,False,5.0,0.0,False,0
97287,Regional Tournament,2019.0,587223.0,F,Middle East,High school,35-55,Middle,False,0.0,False,0.0,False,493.0,93.0,4.0,1303.0,75.0,79.0,False,1.0,0.0,0.0,False,57.0,0.0,True,1
70057,Continental Championship,2019.0,66713.0,M,East Asia,High school,0-35,High,False,0.0,False,0.0,False,296.0,927.0,0.0,254.0,11.0,200.0,False,1.0,120.0,0.0,False,32.0,9.0,True,1
38704,Continental Championship,2021.0,612127.0,M,Eastern Europe,High school,0-35,Middle-High,False,0.0,False,0.0,False,75.0,385.0,0.0,36.0,14.0,5.0,False,0.0,20.0,0.0,False,21.0,0.0,True,1
80756,Federation League,2021.0,612000.0,F,Oceania,High school,0-35,High,False,0.0,False,0.0,False,318.0,233.0,14.0,308.0,337.0,10.0,False,13.0,141.0,0.0,False,45.0,0.0,True,1
10085,Local Match,2019.0,57844.0,M,Middle East,High school,0-35,High,False,0.0,False,0.0,True,168.0,938.0,0.0,23.0,190.0,624.0,False,0.0,6.0,0.0,False,16.0,5.0,True,1
69889,Federation League,2020.0,395757.0,M,Middle East,University Degree,35-55,Middle,False,0.0,False,70.0,False,574.0,426.0,0.0,650.0,362.0,66.0,False,0.0,96.0,0.0,False,44.0,27.0,False,1
51184,Continental Championship,2022.0,646097.0,F,North America,University Degree,0-35,Low,False,0.0,False,0.0,False,134.0,341.0,0.0,68.0,13.0,179.0,False,1.0,8.0,0.0,False,11.0,0.0,False,0
72847,Regional Tournament,2021.0,501095.0,F,Middle East,Middle school,35-55,Middle-High,False,0.0,False,0.0,False,202.0,160.0,0.0,263.0,48.0,99.0,False,0.0,0.0,0.0,False,11.0,0.0,False,1
61252,Federation League,2019.0,597571.0,M,East Asia,Middle school,0-35,High,False,0.0,False,60.0,False,500.0,542.0,0.0,280.0,360.0,30.0,False,29.0,86.0,0.0,False,21.0,0.0,True,1
95315,Federation League,2020.0,540568.0,M,South Asia,High school,35-55,Middle,False,0.0,False,60.0,False,215.0,119.0,0.0,57.0,90.0,9.0,False,0.0,29.0,0.0,False,55.0,0.0,True,0
81599,Local Match,2019.0,508274.0,F,Southern Europe,High school,0-35,Middle-Low,False,1.0,False,60.0,True,678.0,2797.0,1.0,542.0,500.0,5018.0,False,8.0,93.0,29.0,False,58.0,44.0,True,1
25373,Federation League,2022.0,2196923.0,M,East Asia,High school,35-55,High,False,0.0,False,0.0,False,104.0,129.0,1.0,36.0,145.0,1.0,False,12.0,0.0,0.0,False,19.0,0.0,True,1
43663,Local Match,2022.0,651330.0,M,Central Asia,High school,0-35,High,True,0.0,False,90.0,False,38.0,166.0,0.0,7.0,34.0,127.0,False,0.0,0.0,0.0,False,0.0,0.0,True,0
67154,Olympic Games,2022.0,350156.0,M,Middle East,High school,0-35,Middle-Low,False,0.0,False,,False,78.0,334.0,0.0,35.0,112.0,0.0,False,0.0,0.0,0.0,False,1.0,0.0,False,1
21053,Regional Tournament,2020.0,554206.0,F,Central America,Middle school,0-35,Middle-Low,True,0.0,False,120.0,False,208.0,21.0,1.0,235.0,73.0,80.0,False,0.0,0.0,0.0,False,3.0,0.0,False,1
49321,Olympic Games,2019.0,2666246.0,M,Northern Africa,High school,0-35,High,False,0.0,False,0.0,False,112.0,348.0,0.0,27.0,105.0,0.0,False,0.0,0.0,0.0,False,10.0,10.0,True,1
20441,Local Match,2020.0,342125.0,M,South America,University Degree,35-55,Low,False,0.0,False,30.0,False,85.0,283.0,0.0,93.0,104.0,3.0,False,0.0,3.0,12.0,False,12.0,3.0,False,0
50278,Local Match,2022.0,562064.0,F,Northern Africa,High school,0-35,Middle,False,1.0,False,60.0,False,180.0,677.0,0.0,4.0,166.0,719.0,False,1.0,0.0,0.0,False,13.0,1.0,True,1
72786,Regional Tournament,2022.0,511001.0,F,Western Europe,High school,0-35,Low,True,0.0,False,120.0,False,501.0,,17.0,607.0,46.0,152.0,False,17.0,0.0,14.0,False,13.0,0.0,True,1
33448,Regional Tournament,2022.0,674748.0,F,Eastern Europe,High school,0-35,Low,False,0.0,False,60.0,False,111.0,65.0,0.0,23.0,40.0,60.0,False,1.0,0.0,0.0,False,4.0,0.0,True,0
74165,National Cup,2022.0,606170.0,M,Oceania,Middle school,0-35,Middle,False,0.0,False,,False,76.0,256.0,0.0,30.0,34.0,405.0,False,0.0,0.0,0.0,False,1.0,0.0,False,1
63612,Federation League,2019.0,447059.0,F,Eastern Europe,High school,0-35,Middle,False,0.0,False,0.0,False,48.0,102.0,4.0,741.0,209.0,5.0,False,17.0,80.0,0.0,False,14.0,0.0,True,1
27548,Regional Tournament,2022.0,417971.0,F,North America,University Degree,35-55,High,True,0.0,False,60.0,False,123.0,157.0,0.0,148.0,28.0,73.0,False,6.0,0.0,0.0,False,2.0,0.0,True,0
81121,Olympic Games,2022.0,2240349.0,M,Middle East,Middle school,35-55,Middle-Low,False,0.0,False,0.0,False,656.0,1428.0,1.0,603.0,310.0,0.0,False,2.0,,0.0,False,107.0,2.0,True,1
98963,Local Match,2022.0,617010.0,F,Northern Africa,High school,0-35,Low,False,1.0,False,0.0,False,509.0,1413.0,0.0,488.0,362.0,773.0,True,10.0,11.0,5.0,False,29.0,5.0,True,1
66272,Regional Tournament,2019.0,1778145.0,F,Oceania,Middle school,35-55,High,True,0.0,False,0.0,False,354.0,91.0,1.0,425.0,52.0,90.0,False,1.0,0.0,0.0,False,15.0,0.0,False,1
24997,Local Match,2022.0,679509.0,M,Oceania,University Degree,0-35,High,False,0.0,False,0.0,False,122.0,547.0,0.0,292.0,147.0,1161.0,True,0.0,31.0,4.0,False,7.0,0.0,True,1
91145,Federation League,2019.0,601092.0,M,Eastern Europe,High school,35-55,Middle,False,0.0,False,0.0,False,136.0,224.0,0.0,621.0,272.0,4.0,False,13.0,111.0,0.0,False,18.0,0.0,True,1
18729,Regional Tournament,2022.0,686703.0,F,Southern Europe,Middle school,0-35,Low,False,0.0,False,60.0,False,9.0,4.0,0.0,0.0,2.0,0.0,False,0.0,0.0,0.0,False,0.0,0.0,True,0
32345,Federation League,2020.0,549690.0,F,Northern Africa,High school,0-35,Low,False,0.0,False,0.0,False,138.0,264.0,0.0,185.0,109.0,13.0,False,0.0,3.0,0.0,False,18.0,2.0,False,1
64106,Local Match,2021.0,627847.0,M,Southern Africa,Post Graduate,0-35,High,False,0.0,False,0.0,False,122.0,316.0,0.0,72.0,86.0,87.0,,4.0,,4.0,False,3.0,0.0,True,0
72654,Local Match,2019.0,282975.0,F,South America,High school,0-35,High,False,0.0,False,0.0,True,457.0,1561.0,1.0,269.0,372.0,1175.0,False,,35.0,41.0,False,40.0,61.0,True,1
60674,Local Match,2019.0,594280.0,F,Southern Europe,Middle school,0-35,Middle-Low,False,0.0,False,0.0,False,196.0,208.0,3.0,174.0,166.0,141.0,False,4.0,4.0,11.0,False,29.0,0.0,True,0
50744,Local Match,2019.0,609558.0,M,Southern Europe,Middle school,0-35,Middle-Low,False,0.0,False,30.0,False,117.0,138.0,0.0,75.0,62.0,10.0,False,2.0,11.0,0.0,False,9.0,0.0,False,0
75205,Local Match,2022.0,399429.0,F,Central Asia,High school,0-35,High,False,1.0,False,0.0,False,750.0,1514.0,0.0,548.0,422.0,1162.0,True,45.0,46.0,25.0,False,42.0,11.0,True,1
48534,World Championship,2021.0,611195.0,M,Eastern Europe,High school,0-35,Low,False,0.0,False,,False,140.0,171.0,0.0,2.0,25.0,102.0,False,0.0,0.0,0.0,False,0.0,0.0,True,1
40345,Continental Championship,2021.0,630722.0,M,Northern Africa,Middle school,0-35,High,False,0.0,False,,False,273.0,533.0,0.0,199.0,72.0,186.0,False,0.0,137.0,0.0,False,63.0,,False,1
50388,Continental Championship,2022.0,591523.0,M,East Asia,High school,35-55,Middle,False,0.0,False,90.0,False,834.0,1295.0,,1529.0,42.0,179.0,False,5.0,712.0,0.0,False,111.0,0.0,True,1
22793,Regional Tournament,2021.0,614738.0,M,East Asia,High school,0-35,High,False,0.0,False,0.0,False,164.0,172.0,0.0,73.0,103.0,76.0,False,0.0,0.0,0.0,False,14.0,0.0,True,1
89276,Olympic Games,2022.0,124064.0,F,Oceania,High school,0-35,High,False,0.0,False,60.0,False,573.0,764.0,0.0,430.0,193.0,0.0,False,3.0,0.0,0.0,False,79.0,0.0,False,1
96165,Local Match,2020.0,548057.0,F,South Asia,High school,0-35,Middle-Low,False,0.0,False,0.0,False,181.0,,0.0,83.0,333.0,977.0,False,0.0,0.0,0.0,False,19.0,5.0,False,0
47001,Federation League,2022.0,690225.0,M,South Asia,University Degree,35-55,High,False,0.0,False,0.0,False,175.0,119.0,13.0,223.0,189.0,2.0,False,19.0,0.0,0.0,False,28.0,0.0,False,0
70616,Regional Tournament,2022.0,2363168.0,F,Western Europe,High school,35-55,Middle,False,0.0,False,0.0,False,708.0,929.0,10.0,768.0,100.0,198.0,False,19.0,0.0,12.0,False,7.0,0.0,True,1
56123,Local Match,2022.0,692962.0,M,Eastern Europe,University Degree,0-35,High,False,0.0,False,0.0,False,829.0,1584.0,3.0,638.0,368.0,952.0,True,12.0,115.0,13.0,False,56.0,11.0,True,1
12733,Regional Tournament,2020.0,549590.0,F,South America,Middle school,0-35,Low,False,0.0,False,0.0,False,38.0,22.0,0.0,41.0,18.0,1.0,False,0.0,0.0,0.0,False,7.0,0.0,False,0
88123,Local Match,2022.0,652832.0,M,Oceania,Middle school,35-55,High,False,0.0,False,0.0,False,28.0,85.0,0.0,32.0,27.0,0.0,True,0.0,3.0,0.0,False,0.0,0.0,True,0
79501,National Cup,2021.0,505235.0,M,Central Asia,University Degree,0-35,High,False,0.0,False,,False,37.0,33.0,0.0,5.0,55.0,51.0,False,1.0,0.0,0.0,False,6.0,0.0,False,0
38632,Regional Tournament,2021.0,2523350.0,F,Eastern Europe,University Degree,35-55,High,False,0.0,False,0.0,False,289.0,85.0,0.0,184.0,72.0,100.0,False,0.0,0.0,0.0,False,59.0,0.0,False,1
54225,Federation League,2020.0,487711.0,F,South America,University Degree,0-35,Low,False,0.0,False,60.0,False,418.0,432.0,0.0,549.0,315.0,11.0,False,0.0,170.0,0.0,False,84.0,1.0,True,1
76287,Regional Tournament,2019.0,573043.0,F,Western Europe,High school,0-35,Middle-Low,False,0.0,False,0.0,False,206.0,139.0,4.0,349.0,63.0,152.0,False,0.0,0.0,0.0,False,19.0,0.0,False,1
12665,Regional Tournament,2020.0,1770733.0,F,Central America,University Degree,35-55,Middle,False,0.0,False,60.0,False,227.0,52.0,0.0,203.0,138.0,105.0,False,0.0,0.0,0.0,False,15.0,0.0,False,1
25435,Regional Tournament,2019.0,68556.0,F,Oceania,University Degree,0-35,Middle-High,False,0.0,False,0.0,False,40.0,7.0,0.0,9.0,10.0,16.0,False,0.0,0.0,0.0,False,16.0,0.0,False,0
52380,Federation League,2021.0,2333244.0,F,Central America,University Degree,35-55,High,False,0.0,False,0.0,False,509.0,180.0,4.0,712.0,345.0,10.0,False,7.0,276.0,0.0,False,143.0,0.0,False,0
61262,National Cup,2022.0,695732.0,F,South Asia,Post Graduate,35-55,High,False,0.0,False,0.0,False,348.0,322.0,0.0,511.0,208.0,1293.0,False,1.0,0.0,0.0,False,13.0,0.0,True,1
94491,Regional Tournament,2019.0,609850.0,F,North America,Middle school,35-55,Middle-Low,False,0.0,False,0.0,False,79.0,8.0,0.0,101.0,16.0,0.0,False,0.0,0.0,0.0,False,6.0,0.0,True,0
87410,Regional Tournament,2022.0,543439.0,F,East Asia,High school,0-35,High,False,0.0,False,0.0,False,148.0,752.0,1.0,18.0,46.0,158.0,False,0.0,0.0,7.0,False,0.0,0.0,True,1
71389,World Championship,2022.0,688819.0,F,South America,High school,35-55,Middle-High,False,0.0,False,,False,641.0,822.0,62.0,1077.0,60.0,214.0,False,0.0,0.0,0.0,False,0.0,0.0,True,1
25293,National Cup,2022.0,565743.0,M,Northern Africa,Middle school,35-55,Low,False,0.0,False,60.0,False,97.0,54.0,0.0,3.0,79.0,581.0,False,2.0,0.0,0.0,False,4.0,0.0,False,1
87883,National Cup,2022.0,533006.0,F,Northern Africa,High school,0-35,Middle-Low,False,0.0,False,60.0,False,30.0,10.0,0.0,52.0,7.0,32.0,False,0.0,0.0,0.0,False,0.0,0.0,False,0
14861,National Cup,2022.0,592494.0,F,Eastern Europe,High school,0-35,Low,False,0.0,False,,False,538.0,158.0,0.0,1091.0,280.0,2438.0,False,0.0,0.0,0.0,False,21.0,0.0,False,1
36533,World Championship,2022.0,1420575.0,M,North America,Middle school,35-55,Low,False,0.0,False,,False,115.0,255.0,0.0,59.0,12.0,133.0,False,,0.0,0.0,False,0.0,0.0,True,1
62907,Federation League,2022.0,686370.0,M,South Asia,High school,0-35,Middle,False,0.0,False,0.0,False,171.0,257.0,0.0,257.0,114.0,8.0,False,43.0,0.0,0.0,False,22.0,0.0,True,1
31495,Regional Tournament,2022.0,695027.0,F,Southern Africa,High school,35-55,Middle-Low,False,0.0,True,0.0,False,155.0,343.0,0.0,46.0,17.0,66.0,False,0.0,0.0,4.0,False,0.0,0.0,False,1
92093,Continental Championship,2022.0,360266.0,F,South Asia,University Degree,35-55,High,False,0.0,False,0.0,False,706.0,938.0,0.0,1931.0,111.0,120.0,False,2.0,447.0,0.0,False,59.0,1.0,True,1
90632,,2020.0,96729.0,M,South America,High school,0-35,Middle,False,1.0,False,60.0,False,326.0,1168.0,0.0,178.0,225.0,734.0,False,0.0,21.0,9.0,False,18.0,28.0,True,1
26577,National Cup,2021.0,620266.0,M,North America,High school,0-35,High,False,0.0,False,0.0,False,47.0,13.0,0.0,62.0,25.0,103.0,False,0.0,0.0,0.0,False,4.0,0.0,False,0
79752,Local Match,2022.0,678639.0,M,Middle East,Middle school,0-35,Middle-Low,False,0.0,False,60.0,False,205.0,219.0,0.0,479.0,145.0,3.0,True,5.0,9.0,3.0,False,17.0,0.0,True,0
82348,Federation League,2022.0,642310.0,M,Central Asia,University Degree,35-55,Middle-Low,False,0.0,False,0.0,False,622.0,143.0,1.0,2079.0,289.0,28.0,False,98.0,0.0,0.0,False,54.0,0.0,False,1
85483,Regional Tournament,2022.0,621487.0,F,Central America,Middle school,0-35,Middle-Low,False,1.0,False,0.0,False,28.0,118.0,0.0,0.0,7.0,0.0,False,0.0,0.0,0.0,False,0.0,0.0,True,1
35813,Federation League,2022.0,636484.0,M,Northern Africa,High school,0-35,Middle,False,0.0,False,0.0,False,116.0,236.0,3.0,194.0,90.0,43.0,False,16.0,0.0,0.0,False,5.0,0.0,True,1
74044,Regional Tournament,2019.0,571681.0,F,Southern Africa,University Degree,0-35,Low,False,0.0,False,0.0,False,711.0,27.0,3.0,655.0,22.0,87.0,False,1.0,0.0,0.0,False,52.0,0.0,False,1
66069,Local Match,2021.0,632544.0,M,South Asia,Elementary school,0-35,High,False,0.0,False,0.0,True,351.0,1316.0,0.0,161.0,287.0,690.0,False,0.0,13.0,0.0,False,24.0,13.0,True,1
36090,Regional Tournament,2019.0,390958.0,F,Central America,High school,0-35,Middle,False,0.0,False,0.0,False,109.0,14.0,0.0,130.0,18.0,76.0,False,1.0,0.0,0.0,False,2.0,0.0,False,1
62342,National Cup,2022.0,1808622.0,M,East Asia,High school,35-55,High,False,0.0,False,,False,935.0,321.0,0.0,1830.0,344.0,1338.0,False,13.0,0.0,0.0,False,22.0,0.0,False,1
18820,Local Match,2021.0,616613.0,M,Middle East,Middle school,0-35,Middle,True,0.0,False,0.0,False,144.0,228.0,0.0,117.0,60.0,142.0,False,3.0,55.0,6.0,False,9.0,0.0,True,0
17781,Local Match,2020.0,379234.0,M,East Asia,Middle school,0-35,Middle-High,False,0.0,False,0.0,False,52.0,130.0,0.0,46.0,57.0,42.0,False,0.0,2.0,0.0,False,2.0,0.0,True,0
58819,Regional Tournament,2021.0,598495.0,F,North America,University Degree,0-35,Low,False,0.0,False,0.0,False,115.0,50.0,0.0,522.0,69.0,3.0,False,3.0,0.0,0.0,False,18.0,0.0,True,0
24338,Federation League,2022.0,685964.0,M,South Asia,Middle school,0-35,High,False,0.0,False,60.0,False,415.0,264.0,13.0,421.0,293.0,1.0,False,41.0,0.0,0.0,False,43.0,0.0,True,1
75937,Federation League,2022.0,646700.0,F,Middle East,High school,0-35,Middle-Low,False,0.0,False,60.0,False,126.0,113.0,6.0,115.0,50.0,6.0,False,9.0,0.0,0.0,False,8.0,0.0,False,0
82964,Federation League,2022.0,654880.0,M,South Asia,Elementary school,0-35,High,False,0.0,False,30.0,False,108.0,69.0,8.0,237.0,57.0,0.0,False,4.0,0.0,0.0,False,5.0,0.0,False,0
26083,National Cup,2021.0,608152.0,F,North America,University Degree,0-35,High,False,0.0,False,0.0,False,140.0,151.0,0.0,97.0,73.0,321.0,False,0.0,0.0,0.0,False,4.0,0.0,False,0
96452,World Championship,2021.0,631277.0,F,Oceania,Middle school,35-55,Middle-Low,False,0.0,False,,False,50.0,220.0,0.0,0.0,13.0,75.0,False,0.0,0.0,0.0,False,0.0,0.0,True,1
69517,Regional Tournament,2022.0,654392.0,F,Central America,University Degree,35-55,High,False,0.0,False,0.0,False,194.0,692.0,0.0,184.0,24.0,65.0,False,1.0,0.0,4.0,False,2.0,0.0,True,0
11364,Federation League,2020.0,2624569.0,F,East Asia,University Degree,35-55,High,False,1.0,False,0.0,False,83.0,129.0,0.0,0.0,51.0,8.0,False,0.0,0.0,0.0,False,6.0,0.0,False,0
53601,National Cup,2021.0,528021.0,M,East Asia,Middle school,0-35,High,False,0.0,False,0.0,False,49.0,15.0,0.0,15.0,20.0,100.0,False,0.0,0.0,0.0,False,4.0,0.0,False,0
65009,Federation League,2020.0,537139.0,F,Central Asia,High school,0-35,Middle-Low,False,0.0,False,0.0,False,201.0,141.0,0.0,136.0,91.0,10.0,False,0.0,57.0,0.0,False,27.0,9.0,True,1
51618,Federation League,2021.0,616952.0,F,South Asia,Middle school,35-55,Low,False,0.0,False,0.0,False,382.0,327.0,19.0,641.0,697.0,4.0,False,65.0,137.0,0.0,False,67.0,0.0,False,1
27613,World Championship,2019.0,587275.0,M,Middle East,Middle school,0-35,Low,False,0.0,False,,False,167.0,166.0,2.0,120.0,31.0,16.0,False,0.0,0.0,0.0,False,0.0,0.0,True,0
39505,Regional Tournament,2021.0,602991.0,F,Northern Africa,High school,35-55,High,False,0.0,False,0.0,False,401.0,203.0,9.0,2954.0,148.0,86.0,False,0.0,0.0,0.0,False,58.0,0.0,True,1
15862,Local Match,2022.0,674691.0,F,East Asia,University Degree,0-35,Middle,False,0.0,False,0.0,False,929.0,3385.0,1.0,733.0,374.0,515.0,True,11.0,104.0,47.0,False,64.0,33.0,True,1
42573,Continental Championship,2021.0,625174.0,F,Western Europe,High school,0-35,Middle,False,0.0,False,0.0,False,259.0,716.0,0.0,410.0,40.0,148.0,False,5.0,149.0,0.0,False,53.0,0.0,True,1
35287,Federation League,2020.0,1982845.0,F,Oceania,University Degree,35-55,High,False,1.0,False,30.0,False,149.0,134.0,0.0,1.0,238.0,36.0,False,0.0,4.0,0.0,False,17.0,0.0,False,1
27631,Local Match,2020.0,501755.0,M,East Asia,Middle school,0-35,High,False,0.0,False,0.0,False,,173.0,0.0,114.0,64.0,5.0,False,0.0,0.0,0.0,False,12.0,12.0,False,0
16003,National Cup,2021.0,557995.0,M,South America,University Degree,0-35,Low,False,0.0,False,60.0,False,224.0,46.0,0.0,63.0,57.0,258.0,False,0.0,0.0,0.0,False,7.0,0.0,False,0
26683,Olympic Games,2022.0,391249.0,M,East Asia,University Degree,35-55,High,False,0.0,False,0.0,False,629.0,1463.0,0.0,494.0,58.0,0.0,False,0.0,0.0,0.0,False,4.0,0.0,False,1
30736,Federation League,2019.0,474385.0,F,Northern Africa,Middle school,0-35,Middle,False,1.0,False,0.0,False,24.0,4.0,0.0,31.0,3.0,1.0,False,0.0,2.0,0.0,False,3.0,0.0,True,0
74378,Local Match,2022.0,682298.0,F,Central Asia,High school,0-35,High,True,0.0,False,60.0,False,489.0,1444.0,0.0,154.0,299.0,922.0,True,3.0,14.0,7.0,False,18.0,50.0,True,1
65301,Continental Championship,2021.0,2595665.0,F,Central America,University Degree,0-35,Middle-Low,False,0.0,False,,False,190.0,664.0,0.0,7.0,4.0,158.0,False,6.0,159.0,0.0,False,22.0,0.0,False,1
12223,Local Match,2022.0,614059.0,M,East Asia,University Degree,35-55,High,True,1.0,False,0.0,False,414.0,609.0,0.0,194.0,305.0,619.0,True,7.0,3.0,15.0,False,22.0,8.0,True,1
51754,Local Match,2022.0,656107.0,M,North America,High school,0-35,Middle-Low,False,0.0,False,0.0,False,7.0,21.0,0.0,0.0,7.0,0.0,True,0.0,3.0,0.0,False,1.0,0.0,True,0
49373,Regional Tournament,2022.0,679439.0,F,Oceania,Middle school,0-35,Low,False,0.0,False,0.0,False,124.0,193.0,0.0,0.0,17.0,47.0,False,0.0,0.0,0.0,False,0.0,0.0,True,0
72963,Regional Tournament,2021.0,634851.0,F,Eastern Europe,High school,0-35,Low,False,0.0,False,0.0,False,88.0,64.0,1.0,30.0,48.0,86.0,False,0.0,0.0,0.0,False,11.0,0.0,False,1
19831,World Championship,2019.0,26023.0,M,Northern Africa,Middle school,35-55,Low,False,0.0,False,,False,315.0,234.0,1.0,118.0,13.0,105.0,False,0.0,0.0,0.0,False,0.0,0.0,True,1
64378,Federation League,2022.0,685412.0,M,Western Europe,High school,0-35,High,False,0.0,False,60.0,False,136.0,321.0,0.0,0.0,128.0,6.0,False,4.0,0.0,0.0,False,8.0,0.0,False,1
34762,National Cup,2022.0,511258.0,M,North America,University Degree,55<=,High,False,,False,,False,605.0,2875.0,0.0,720.0,165.0,3296.0,False,47.0,0.0,0.0,False,9.0,0.0,False,1
97021,National Cup,2021.0,628090.0,M,Southern Europe,University Degree,0-35,Middle,False,0.0,False,,False,43.0,14.0,0.0,59.0,35.0,292.0,False,5.0,0.0,0.0,False,3.0,0.0,False,0
18885,Regional Tournament,2021.0,485262.0,F,South Asia,Middle school,35-55,Middle-Low,False,0.0,False,0.0,False,1108.0,149.0,2.0,5200.0,72.0,167.0,False,0.0,0.0,0.0,False,65.0,0.0,False,1
93727,Local Match,2020.0,549410.0,M,Northern Africa,High school,0-35,High,False,0.0,False,0.0,False,134.0,124.0,0.0,80.0,95.0,66.0,False,0.0,0.0,3.0,False,18.0,8.0,False,0
94552,National Cup,2021.0,574221.0,M,South America,University Degree,0-35,High,False,0.0,False,,False,246.0,183.0,0.0,50.0,191.0,553.0,False,0.0,0.0,0.0,False,8.0,0.0,False,1
60752,World Championship,2019.0,602711.0,F,Oceania,High school,35-55,High,False,0.0,False,,False,133.0,310.0,1.0,302.0,22.0,91.0,False,0.0,0.0,0.0,False,0.0,0.0,True,1
84376,World Championship,2019.0,588411.0,F,Middle East,Middle school,0-35,High,False,0.0,False,,False,166.0,110.0,0.0,80.0,18.0,142.0,False,0.0,0.0,0.0,False,0.0,0.0,True,1
59415,Federation League,2020.0,442545.0,F,Central America,University Degree,35-55,High,False,0.0,False,0.0,False,369.0,299.0,1.0,449.0,517.0,44.0,False,0.0,231.0,0.0,False,56.0,3.0,True,1
20097,Continental Championship,2019.0,397797.0,M,East Asia,High school,0-35,Middle,False,0.0,False,0.0,False,29.0,199.0,0.0,82.0,5.0,2.0,False,0.0,0.0,0.0,False,2.0,1.0,False,0
62850,Local Match,2020.0,558807.0,M,Western Europe,High school,0-35,Middle-High,False,0.0,False,0.0,False,330.0,398.0,0.0,367.0,221.0,35.0,False,0.0,34.0,0.0,False,42.0,21.0,True,0
51674,National Cup,2022.0,679128.0,F,Southern Europe,High school,0-35,Middle,False,0.0,False,30.0,False,295.0,382.0,0.0,69.0,137.0,1048.0,False,0.0,0.0,0.0,False,3.0,0.0,False,1
54279,National Cup,2022.0,612187.0,M,North America,University Degree,0-35,Middle-High,False,0.0,False,0.0,False,154.0,312.0,0.0,164.0,77.0,573.0,False,5.0,0.0,0.0,False,9.0,0.0,False,1
43347,Regional Tournament,2022.0,2177423.0,F,Western Europe,Middle school,35-55,Middle,False,3.0,False,0.0,False,87.0,182.0,1.0,29.0,33.0,0.0,False,1.0,0.0,0.0,False,1.0,0.0,True,0
97095,Regional Tournament,2021.0,608104.0,F,East Asia,High school,35-55,High,False,0.0,False,0.0,False,197.0,43.0,0.0,422.0,28.0,68.0,False,1.0,0.0,0.0,False,20.0,0.0,False,1
56607,Federation League,2020.0,502136.0,F,South Asia,High school,0-35,High,False,0.0,False,60.0,False,390.0,347.0,0.0,153.0,292.0,15.0,False,0.0,114.0,0.0,False,88.0,0.0,True,1
51252,Local Match,2021.0,624152.0,M,Oceania,Middle school,0-35,Middle-Low,False,0.0,False,60.0,False,268.0,561.0,0.0,168.0,199.0,243.0,False,3.0,14.0,0.0,False,4.0,0.0,True,0
87306,Local Match,2020.0,559496.0,M,South Asia,Middle school,0-35,High,False,0.0,False,0.0,False,109.0,315.0,0.0,140.0,110.0,13.0,False,0.0,55.0,3.0,False,17.0,2.0,False,0
33771,Federation League,2019.0,191445.0,M,East Asia,Middle school,0-35,Middle,False,0.0,False,0.0,False,267.0,159.0,4.0,203.0,245.0,9.0,False,1.0,29.0,0.0,False,27.0,0.0,True,0
67933,Local Match,2022.0,682982.0,M,Central Asia,High school,0-35,Middle,False,0.0,False,60.0,False,28.0,63.0,0.0,48.0,33.0,129.0,True,0.0,1.0,0.0,False,1.0,0.0,True,0
47487,Regional Tournament,2022.0,586516.0,F,Oceania,High school,35-55,Middle,False,1.0,False,0.0,False,383.0,1477.0,13.0,396.0,81.0,203.0,False,15.0,0.0,12.0,False,2.0,0.0,False,1
18932,Local Match,2019.0,578561.0,M,Central America,Middle school,35-55,Middle,False,0.0,,0.0,False,122.0,429.0,0.0,57.0,143.0,18.0,False,0.0,0.0,0.0,False,17.0,1.0,False,0
70645,Continental Championship,2021.0,531845.0,M,East Asia,Middle school,0-35,Middle,False,0.0,False,,False,63.0,142.0,0.0,27.0,2.0,111.0,False,0.0,0.0,0.0,False,7.0,0.0,False,0
80788,Federation League,2022.0,679454.0,M,South America,High school,0-35,High,False,0.0,False,0.0,False,239.0,96.0,2.0,323.0,96.0,10.0,False,26.0,0.0,0.0,False,12.0,0.0,True,1
27836,Local Match,2021.0,99670.0,F,Northern Africa,Middle school,0-35,Low,False,0.0,False,30.0,True,276.0,410.0,0.0,411.0,204.0,753.0,False,9.0,22.0,9.0,False,14.0,0.0,True,0
87662,Regional Tournament,2021.0,377469.0,F,Oceania,Middle school,0-35,Middle-Low,False,0.0,False,0.0,False,87.0,35.0,0.0,85.0,10.0,71.0,False,0.0,0.0,0.0,False,2.0,0.0,True,1
93300,Federation League,2022.0,574866.0,M,South Asia,Middle school,0-35,Middle-Low,False,1.0,False,0.0,False,48.0,15.0,14.0,52.0,5.0,0.0,False,4.0,0.0,0.0,False,0.0,0.0,True,0
35772,World Championship,2019.0,592056.0,F,South America,High school,0-35,High,False,0.0,False,,False,127.0,225.0,1.0,168.0,23.0,138.0,False,0.0,0.0,0.0,False,0.0,0.0,True,1
69621,Local Match,2022.0,341457.0,F,North America,University Degree,0-35,Low,False,0.0,False,0.0,False,164.0,536.0,24.0,145.0,189.0,270.0,True,2.0,31.0,6.0,False,17.0,0.0,True,0
63522,Federation League,2020.0,2607945.0,F,Central Asia,High school,0-35,Middle-High,False,0.0,False,60.0,False,54.0,44.0,0.0,0.0,47.0,2.0,False,0.0,0.0,0.0,False,20.0,1.0,False,0
57123,Continental Championship,2022.0,647083.0,M,Southern Europe,High school,0-35,Low,False,0.0,False,120.0,False,253.0,350.0,0.0,778.0,14.0,71.0,False,1.0,53.0,0.0,False,13.0,0.0,False,1
50607,Continental Championship,2022.0,239908.0,M,East Asia,High school,0-35,Middle-High,False,0.0,False,90.0,False,197.0,438.0,0.0,4.0,69.0,1.0,False,0.0,86.0,0.0,False,11.0,0.0,True,1
55454,Continental Championship,2021.0,632111.0,M,Northern Africa,High school,0-35,Middle,False,0.0,False,0.0,False,155.0,369.0,0.0,29.0,40.0,92.0,False,0.0,217.0,0.0,False,33.0,0.0,True,1
73343,Continental Championship,2019.0,356568.0,F,Middle East,University Degree,0-35,Middle-High,False,0.0,False,140.0,False,220.0,453.0,0.0,142.0,54.0,184.0,False,0.0,238.0,0.0,False,75.0,2.0,False,1
10364,Local Match,2019.0,2596621.0,M,Middle East,High school,55<=,Middle,False,0.0,False,0.0,True,,1661.0,0.0,2116.0,445.0,579.0,False,5.0,60.0,40.0,False,43.0,58.0,True,1
10159,Local Match,2021.0,337940.0,M,North America,Middle school,0-35,Middle,False,0.0,False,0.0,False,136.0,488.0,0.0,379.0,118.0,0.0,False,1.0,26.0,0.0,False,18.0,0.0,False,0
27758,Regional Tournament,2019.0,586490.0,F,Middle East,Middle school,0-35,Middle,False,0.0,False,60.0,False,15.0,3.0,0.0,48.0,3.0,1.0,False,1.0,0.0,0.0,False,5.0,0.0,False,0
28024,Regional Tournament,2022.0,691683.0,F,Central Asia,Middle school,35-55,Low,False,0.0,False,0.0,False,157.0,1219.0,1.0,43.0,10.0,71.0,False,0.0,0.0,12.0,False,1.0,0.0,True,1
36298,World Championship,2022.0,643529.0,M,Northern Africa,Middle school,0-35,Low,True,0.0,False,,False,21.0,15.0,0.0,0.0,0.0,84.0,False,0.0,0.0,0.0,False,0.0,0.0,True,0
13340,Local Match,2020.0,557345.0,M,Western Europe,High school,0-35,High,False,0.0,False,0.0,False,451.0,5604.0,0.0,1399.0,737.0,983.0,False,0.0,91.0,25.0,False,55.0,49.0,True,1
84127,Regional Tournament,2021.0,471925.0,M,Southern Europe,Middle school,35-55,Middle-Low,False,0.0,False,0.0,False,239.0,99.0,0.0,92.0,73.0,146.0,False,0.0,0.0,0.0,False,64.0,0.0,False,1
79531,Regional Tournament,2020.0,545702.0,F,Western Europe,Middle school,0-35,Middle-Low,False,0.0,False,0.0,False,35.0,6.0,0.0,94.0,11.0,72.0,False,0.0,0.0,0.0,False,1.0,0.0,False,1
75761,World Championship,2019.0,581956.0,F,Western Europe,Middle school,35-55,High,False,0.0,False,,False,455.0,345.0,0.0,785.0,42.0,106.0,False,0.0,0.0,0.0,False,0.0,0.0,True,1
64357,Federation League,2019.0,529226.0,M,Western Europe,High school,0-35,High,False,1.0,False,0.0,False,109.0,57.0,0.0,111.0,130.0,10.0,False,1.0,45.0,0.0,False,20.0,0.0,True,0
70850,Local Match,2020.0,560207.0,M,South America,Elementary school,0-35,Middle-Low,False,0.0,False,0.0,False,592.0,3933.0,6.0,403.0,1036.0,1155.0,False,0.0,98.0,7.0,False,130.0,90.0,True,1
20333,Local Match,2020.0,334224.0,M,Northern Africa,Middle school,0-35,Low,True,0.0,False,0.0,False,546.0,793.0,0.0,456.0,292.0,754.0,False,0.0,44.0,25.0,False,44.0,39.0,True,0
81207,Federation League,2019.0,605941.0,F,Middle East,Middle school,0-35,Middle,True,0.0,False,30.0,False,721.0,338.0,0.0,496.0,380.0,39.0,False,21.0,155.0,0.0,False,83.0,0.0,True,1
62855,Regional Tournament,2019.0,372658.0,F,Western Europe,Middle school,0-35,High,False,1.0,False,30.0,False,99.0,13.0,0.0,46.0,12.0,74.0,False,0.0,0.0,0.0,False,4.0,0.0,True,1
45532,Regional Tournament,2019.0,577498.0,F,East Asia,Middle school,0-35,Middle-Low,False,0.0,False,0.0,False,131.0,38.0,2.0,499.0,52.0,75.0,False,4.0,0.0,0.0,False,7.0,0.0,True,0
75433,Local Match,2022.0,681735.0,M,North America,Middle school,0-35,High,False,0.0,False,60.0,False,65.0,172.0,0.0,21.0,75.0,2.0,True,0.0,1.0,0.0,False,6.0,0.0,True,0
87635,Federation League,2020.0,543482.0,F,Eastern Europe,Middle school,0-35,Middle-Low,False,0.0,False,0.0,False,99.0,112.0,0.0,,237.0,10.0,False,0.0,2.0,0.0,False,34.0,3.0,False,0
70755,National Cup,2022.0,551332.0,F,Northern Africa,Middle school,0-35,Middle,False,0.0,False,60.0,False,74.0,65.0,0.0,129.0,46.0,466.0,False,0.0,0.0,0.0,False,2.0,0.0,False,0
58799,Regional Tournament,2022.0,618983.0,F,South America,Elementary school,35-55,Middle,False,0.0,False,90.0,False,258.0,649.0,31.0,460.0,96.0,140.0,False,9.0,0.0,0.0,False,2.0,0.0,False,0
79147,Continental Championship,2019.0,566201.0,M,Northern Africa,Middle school,0-35,Middle-Low,False,0.0,False,0.0,False,366.0,728.0,0.0,338.0,23.0,200.0,False,3.0,168.0,0.0,False,50.0,3.0,False,1
43222,Local Match,2021.0,409949.0,M,Central Asia,High school,0-35,High,False,0.0,False,30.0,False,56.0,87.0,0.0,157.0,95.0,0.0,False,2.0,4.0,0.0,False,2.0,0.0,True,0
69475,Federation League,2021.0,387963.0,M,North America,University Degree,0-35,High,False,0.0,False,0.0,False,405.0,125.0,1.0,793.0,427.0,22.0,False,8.0,151.0,0.0,False,29.0,0.0,True,1
55233,World Championship,2022.0,696713.0,F,Central America,High school,0-35,High,False,0.0,False,,False,93.0,111.0,2.0,8.0,10.0,179.0,False,0.0,0.0,0.0,False,0.0,0.0,True,1
60538,Federation League,2019.0,583540.0,M,Middle East,High school,35-55,Middle-Low,False,0.0,False,0.0,False,132.0,293.0,0.0,15.0,249.0,2.0,False,0.0,26.0,0.0,False,27.0,0.0,True,1
47750,National Cup,2022.0,577148.0,M,South America,High school,0-35,Low,False,0.0,False,0.0,False,23.0,11.0,0.0,52.0,6.0,2.0,False,0.0,0.0,0.0,False,0.0,0.0,False,0
95040,Federation League,2022.0,682660.0,M,Central Asia,Middle school,0-35,Middle,False,0.0,False,0.0,False,358.0,478.0,0.0,428.0,218.0,12.0,False,10.0,0.0,0.0,False,33.0,0.0,True,1
38311,World Championship,2022.0,465952.0,M,Middle East,Middle school,35-55,Middle,False,0.0,False,,False,106.0,117.0,0.0,133.0,14.0,82.0,False,0.0,0.0,0.0,False,0.0,0.0,True,1
43928,Federation League,2022.0,677629.0,M,Oceania,High school,0-35,High,False,0.0,False,30.0,False,74.0,105.0,16.0,23.0,46.0,1.0,False,0.0,0.0,0.0,False,4.0,0.0,True,0
85426,,2021.0,425257.0,M,Central Asia,High school,0-35,Middle,False,0.0,False,,False,147.0,218.0,1.0,7.0,95.0,96.0,False,0.0,0.0,0.0,False,0.0,0.0,True,0
41041,Local Match,2022.0,575112.0,M,Southern Europe,High school,0-35,High,False,0.0,False,0.0,False,388.0,2147.0,0.0,159.0,256.0,530.0,True,1.0,9.0,0.0,False,9.0,0.0,True,1
70940,National Cup,2021.0,429185.0,F,South Asia,High school,0-35,High,False,0.0,False,30.0,False,376.0,72.0,0.0,1276.0,167.0,544.0,False,10.0,0.0,0.0,False,7.0,0.0,False,1
16181,Local Match,2022.0,584515.0,F,Southern Europe,High school,0-35,Low,False,0.0,False,0.0,False,1114.0,794.0,0.0,1686.0,333.0,774.0,True,3.0,56.0,13.0,False,30.0,0.0,True,1
32412,Local Match,2021.0,128968.0,M,Southern Europe,High school,35-55,Middle-Low,False,0.0,False,0.0,True,370.0,1501.0,0.0,114.0,232.0,895.0,False,4.0,20.0,29.0,False,17.0,9.0,True,1
46434,Olympic Games,2019.0,175991.0,F,Northern Africa,High school,0-35,High,False,0.0,False,120.0,False,36.0,65.0,0.0,13.0,23.0,0.0,False,0.0,0.0,0.0,False,1.0,0.0,False,0
58680,World Championship,2019.0,534251.0,F,East Asia,High school,0-35,Middle,False,0.0,False,,False,39.0,63.0,3.0,0.0,6.0,79.0,False,0.0,0.0,0.0,False,0.0,0.0,False,0
67028,Local Match,2019.0,563636.0,M,Middle East,Middle school,35-55,Middle,False,0.0,False,0.0,False,180.0,134.0,0.0,441.0,87.0,56.0,False,8.0,3.0,4.0,False,10.0,0.0,,0
95908,Local Match,2022.0,654045.0,F,Central America,University Degree,35-55,Middle,False,0.0,False,0.0,False,636.0,2324.0,2.0,125.0,497.0,717.0,True,23.0,26.0,17.0,False,84.0,11.0,True,1
45043,National Cup,2021.0,606350.0,M,Western Europe,High school,0-35,Low,False,0.0,False,90.0,False,31.0,6.0,0.0,0.0,21.0,84.0,False,0.0,0.0,0.0,False,3.0,0.0,False,0
38548,Federation League,2020.0,2456612.0,M,Southern Europe,University Degree,35-55,Middle,False,1.0,False,0.0,False,289.0,184.0,0.0,544.0,141.0,23.0,,0.0,162.0,0.0,False,76.0,75.0,True,1
38526,Local Match,2022.0,625245.0,M,Oceania,High school,35-55,Low,False,0.0,False,0.0,False,669.0,1806.0,0.0,570.0,311.0,601.0,True,1.0,30.0,27.0,False,35.0,10.0,True,1
15179,Continental Championship,2022.0,692354.0,M,Middle East,High school,0-35,High,False,0.0,False,0.0,False,48.0,215.0,0.0,1.0,15.0,77.0,False,0.0,0.0,0.0,False,4.0,0.0,False,1
74942,Regional Tournament,2020.0,444784.0,F,Central America,High school,0-35,Middle-Low,False,0.0,False,60.0,False,95.0,66.0,0.0,57.0,58.0,0.0,False,0.0,0.0,0.0,False,5.0,0.0,False,0
99764,Local Match,2022.0,648287.0,M,Central America,High school,0-35,High,False,0.0,False,90.0,False,438.0,1307.0,0.0,407.0,188.0,548.0,True,18.0,50.0,6.0,False,14.0,4.0,True,1
37941,Regional Tournament,2022.0,41547.0,F,Southern Europe,High school,0-35,Middle,False,0.0,False,0.0,False,178.0,530.0,1.0,112.0,23.0,151.0,False,1.0,0.0,11.0,False,0.0,0.0,True,1
28706,Local Match,2022.0,441421.0,M,Middle East,Middle school,0-35,Middle,False,1.0,False,0.0,False,152.0,389.0,0.0,157.0,71.0,81.0,True,2.0,30.0,10.0,False,2.0,0.0,True,0
15380,Continental Championship,2019.0,581011.0,M,Eastern Europe,Middle school,0-35,High,False,0.0,False,,False,208.0,504.0,0.0,225.0,23.0,138.0,False,8.0,0.0,0.0,False,30.0,3.0,True,0
98379,Local Match,2019.0,1559964.0,M,Western Europe,Middle school,35-55,Middle-Low,False,0.0,False,0.0,True,654.0,2590.0,0.0,774.0,502.0,720.0,False,5.0,75.0,38.0,False,51.0,83.0,True,1
66093,National Cup,2021.0,2044299.0,M,North America,University Degree,0-35,High,False,0.0,False,60.0,False,252.0,246.0,0.0,33.0,125.0,222.0,False,4.0,0.0,0.0,False,13.0,0.0,False,0
58319,National Cup,2022.0,695354.0,F,Central Asia,High school,0-35,Middle,True,0.0,False,60.0,False,163.0,488.0,0.0,25.0,118.0,1572.0,False,8.0,0.0,0.0,False,8.0,0.0,True,1
33580,Regional Tournament,2022.0,1813493.0,M,Southern Europe,Middle school,35-55,Middle-Low,False,0.0,False,0.0,False,208.0,459.0,0.0,165.0,69.0,47.0,False,3.0,0.0,5.0,False,3.0,0.0,True,0
19571,Federation League,2022.0,676589.0,M,Northern Africa,University Degree,0-35,Low,False,0.0,False,0.0,False,201.0,249.0,12.0,375.0,88.0,1.0,False,27.0,0.0,0.0,False,27.0,0.0,True,1
27899,Local Match,2022.0,649806.0,M,Southern Europe,High school,0-35,Middle-High,False,0.0,False,0.0,False,111.0,178.0,0.0,44.0,61.0,7.0,True,0.0,0.0,3.0,False,1.0,0.0,True,0
73766,National Cup,2021.0,551267.0,F,South Asia,High school,0-35,High,False,0.0,False,60.0,False,327.0,554.0,0.0,29.0,144.0,410.0,False,0.0,0.0,0.0,False,25.0,0.0,False,1
59219,National Cup,2022.0,625067.0,M,Eastern Europe,University Degree,0-35,High,False,0.0,False,,False,230.0,1448.0,0.0,338.0,131.0,3092.0,False,0.0,0.0,0.0,False,1.0,0.0,False,1
89410,Federation League,2020.0,147307.0,M,Southern Europe,Middle school,35-55,High,False,1.0,False,0.0,False,63.0,17.0,0.0,56.0,59.0,2.0,False,0.0,0.0,0.0,False,20.0,4.0,False,0
26961,Regional Tournament,2021.0,619054.0,F,North America,University Degree,0-35,High,False,0.0,False,60.0,False,25.0,12.0,0.0,7.0,25.0,0.0,False,0.0,0.0,0.0,False,11.0,0.0,False,0
17157,National Cup,2022.0,654322.0,M,South America,High school,0-35,High,True,0.0,False,60.0,False,689.0,425.0,0.0,25.0,258.0,1739.0,False,1.0,0.0,0.0,False,110.0,0.0,False,1
95461,Regional Tournament,2020.0,492182.0,F,East Asia,High school,0-35,High,False,0.0,False,60.0,False,146.0,9.0,0.0,221.0,13.0,74.0,False,0.0,0.0,0.0,False,5.0,0.0,True,1
32748,Local Match,2021.0,632923.0,M,South America,High school,0-35,Middle-Low,False,0.0,False,0.0,False,435.0,1235.0,0.0,306.0,326.0,311.0,False,0.0,34.0,10.0,False,32.0,0.0,True,0
69472,Regional Tournament,2022.0,696844.0,F,Western Europe,University Degree,0-35,Middle,False,0.0,False,60.0,False,48.0,154.0,1.0,50.0,21.0,75.0,False,7.0,0.0,0.0,False,0.0,0.0,True,1
16362,Federation League,2022.0,528175.0,F,Eastern Europe,Middle school,0-35,Low,True,0.0,False,60.0,False,170.0,118.0,0.0,243.0,40.0,4.0,False,5.0,10.0,0.0,False,8.0,0.0,False,0
34728,Continental Championship,2022.0,547153.0,M,Central America,High school,0-35,High,False,0.0,False,0.0,False,219.0,431.0,0.0,118.0,40.0,74.0,False,0.0,173.0,0.0,False,28.0,0.0,True,1
87194,Regional Tournament,2021.0,446296.0,F,Central America,Middle school,0-35,Middle-Low,False,2.0,False,120.0,False,48.0,2.0,0.0,7.0,8.0,56.0,False,0.0,0.0,0.0,False,3.0,0.0,False,0
38394,Local Match,2020.0,555144.0,M,Middle East,Middle school,35-55,Middle,False,0.0,False,60.0,False,491.0,997.0,0.0,779.0,327.0,1230.0,False,0.0,61.0,15.0,False,36.0,48.0,True,1
83498,Federation League,2019.0,600671.0,M,East Asia,Middle school,0-35,High,False,0.0,False,60.0,False,639.0,246.0,79.0,318.0,338.0,19.0,False,32.0,68.0,0.0,False,55.0,0.0,True,1
21211,National Cup,2022.0,647684.0,M,South Asia,Post Graduate,0-35,High,False,0.0,False,,False,18.0,12.0,0.0,2.0,11.0,76.0,False,0.0,0.0,0.0,False,0.0,0.0,False,0
68680,World Championship,2022.0,633818.0,F,North America,Middle school,0-35,Low,False,0.0,False,,False,145.0,369.0,3.0,205.0,32.0,93.0,False,0.0,0.0,0.0,False,0.0,0.0,True,1
85472,National Cup,2022.0,427390.0,M,South Asia,Middle school,0-35,Middle,False,0.0,False,60.0,False,132.0,,0.0,51.0,70.0,725.0,False,0.0,0.0,0.0,False,2.0,0.0,False,0
44377,World Championship,2019.0,587374.0,F,Western Europe,High school,0-35,High,False,0.0,False,,False,90.0,106.0,0.0,43.0,44.0,36.0,False,0.0,0.0,0.0,False,0.0,0.0,True,0
65592,Continental Championship,2022.0,647466.0,F,South Asia,University Degree,0-35,Low,False,0.0,False,0.0,False,290.0,926.0,0.0,120.0,45.0,228.0,False,7.0,276.0,0.0,False,42.0,0.0,True,1
43113,Local Match,2019.0,596406.0,M,Eastern Europe,High school,0-35,Low,False,0.0,False,60.0,True,167.0,723.0,0.0,27.0,144.0,299.0,False,0.0,2.0,0.0,False,7.0,0.0,True,0
53749,Continental Championship,2022.0,687945.0,M,North America,High school,0-35,Low,False,0.0,False,0.0,False,537.0,1171.0,0.0,705.0,26.0,196.0,False,6.0,482.0,0.0,False,57.0,0.0,True,1
69597,Regional Tournament,2019.0,604151.0,F,Oceania,University Degree,0-35,Middle-High,False,0.0,False,60.0,False,124.0,26.0,2.0,105.0,33.0,104.0,,0.0,0.0,0.0,False,5.0,0.0,True,1
42044,Regional Tournament,2019.0,616342.0,M,Central America,High school,0-35,Middle,False,0.0,False,60.0,False,141.0,49.0,0.0,179.0,61.0,66.0,False,0.0,0.0,0.0,False,19.0,0.0,False,1
34340,Continental Championship,2019.0,572080.0,M,Southern Europe,High school,0-35,Low,False,0.0,False,0.0,False,46.0,106.0,0.0,11.0,2.0,99.0,False,0.0,0.0,0.0,False,0.0,1.0,False,0
13710,World Championship,2022.0,684987.0,M,North America,Middle school,35-55,,False,0.0,False,,False,62.0,53.0,1.0,18.0,13.0,29.0,False,0.0,0.0,0.0,False,0.0,0.0,True,0
25491,National Cup,2021.0,555008.0,M,South America,High school,0-35,Low,False,0.0,False,0.0,False,157.0,48.0,0.0,137.0,57.0,344.0,False,3.0,0.0,0.0,False,8.0,0.0,False,1
45261,Federation League,2020.0,324268.0,M,East Asia,Middle school,0-35,Low,False,0.0,False,0.0,False,113.0,45.0,0.0,71.0,99.0,6.0,False,0.0,7.0,0.0,False,41.0,5.0,False,0
15167,Regional Tournament,2020.0,515311.0,F,Eastern Europe,High school,0-35,Middle-Low,True,1.0,False,60.0,False,220.0,54.0,2.0,,106.0,78.0,False,0.0,0.0,0.0,False,20.0,1.0,False,1
73818,Continental Championship,2022.0,2065756.0,M,Middle East,Middle school,0-35,Middle,False,0.0,False,90.0,False,859.0,1486.0,0.0,1360.0,38.0,138.0,False,0.0,198.0,0.0,False,90.0,0.0,False,1
45279,National Cup,2022.0,627527.0,M,Middle East,High school,0-35,Middle-High,True,0.0,False,60.0,False,44.0,12.0,0.0,17.0,36.0,220.0,False,3.0,0.0,0.0,False,2.0,0.0,False,1
89113,World Championship,2021.0,609326.0,F,Southern Europe,Middle school,35-55,Low,False,0.0,False,,False,110.0,97.0,1.0,246.0,25.0,86.0,False,0.0,0.0,0.0,False,0.0,0.0,True,1
36698,Regional Tournament,2022.0,574849.0,F,Central America,High school,35-55,High,False,1.0,False,0.0,False,259.0,470.0,18.0,244.0,66.0,20.0,False,24.0,0.0,0.0,False,6.0,0.0,False,1
43046,Local Match,2022.0,674262.0,F,Central America,University Degree,0-35,Middle,False,0.0,False,30.0,False,1209.0,2197.0,0.0,1670.0,551.0,1141.0,True,1.0,19.0,43.0,False,91.0,48.0,True,1
18250,National Cup,2021.0,613441.0,M,Western Europe,High school,0-35,High,False,0.0,False,60.0,False,33.0,3.0,0.0,2.0,12.0,87.0,False,0.0,0.0,0.0,False,4.0,0.0,False,0
93227,Olympic Games,2019.0,202635.0,F,Central America,High school,0-35,Middle-Low,False,0.0,False,0.0,False,296.0,512.0,0.0,547.0,,0.0,False,8.0,0.0,0.0,False,11.0,0.0,False,0
89087,Regional Tournament,2021.0,1829654.0,F,South America,High school,35-55,Low,True,0.0,False,0.0,False,317.0,90.0,5.0,692.0,126.0,115.0,False,0.0,0.0,0.0,False,61.0,0.0,False,0
68009,National Cup,2022.0,590676.0,M,Oceania,Elementary school,0-35,Middle-Low,False,0.0,False,0.0,False,173.0,55.0,0.0,91.0,78.0,514.0,False,7.0,0.0,0.0,False,7.0,0.0,False,1
53061,Local Match,2019.0,1962128.0,F,North America,High school,35-55,Middle-Low,False,0.0,False,60.0,False,106.0,144.0,0.0,18.0,79.0,5.0,False,0.0,4.0,0.0,False,7.0,0.0,True,0
18286,National Cup,2021.0,566872.0,F,Oceania,High school,0-35,Low,False,0.0,False,0.0,False,47.0,13.0,0.0,13.0,30.0,66.0,False,0.0,0.0,0.0,False,7.0,0.0,False,0
61748,National Cup,2021.0,2147620.0,F,Western Europe,University Degree,35-55,High,False,0.0,False,,False,414.0,551.0,0.0,50.0,494.0,1653.0,False,0.0,0.0,0.0,False,15.0,0.0,False,1
28388,Regional Tournament,2019.0,598260.0,F,Southern Africa,High school,0-35,Middle-Low,False,0.0,False,60.0,False,62.0,12.0,0.0,14.0,21.0,110.0,False,0.0,0.0,0.0,False,14.0,0.0,False,0
94606,Local Match,2022.0,589332.0,F,North America,High school,35-55,Middle,False,0.0,False,30.0,False,980.0,1484.0,0.0,1843.0,536.0,975.0,True,19.0,87.0,25.0,False,34.0,22.0,True,1
12635,Federation League,2022.0,184409.0,M,South Asia,Middle school,35-55,High,False,0.0,False,0.0,False,644.0,153.0,1.0,1348.0,340.0,24.0,False,23.0,0.0,0.0,False,43.0,0.0,True,1
42786,Regional Tournament,2022.0,596728.0,F,Central America,High school,0-35,Low,False,0.0,False,0.0,False,81.0,288.0,3.0,87.0,19.0,214.0,False,6.0,0.0,0.0,False,1.0,0.0,False,1
51158,Local Match,2021.0,625642.0,F,Central Asia,High school,0-35,Low,False,0.0,False,0.0,False,32.0,58.0,0.0,30.0,30.0,7.0,False,0.0,0.0,0.0,False,1.0,0.0,True,0
20531,Federation League,2020.0,292713.0,M,East Asia,Middle school,0-35,Middle,True,0.0,False,0.0,False,88.0,23.0,0.0,177.0,21.0,7.0,False,0.0,2.0,0.0,False,3.0,0.0,False,0
49708,Federation League,2022.0,508859.0,F,South Asia,High school,0-35,Middle,False,0.0,False,0.0,False,1083.0,690.0,36.0,1726.0,406.0,33.0,False,107.0,0.0,0.0,False,75.0,0.0,True,1
24010,Local Match,2020.0,359640.0,F,Middle East,High school,0-35,Middle,False,0.0,False,0.0,False,556.0,1912.0,0.0,555.0,481.0,754.0,False,0.0,47.0,17.0,False,26.0,18.0,True,1
46101,Local Match,2020.0,539117.0,M,South Asia,High school,0-35,Middle-Low,False,0.0,False,0.0,False,121.0,740.0,0.0,148.0,223.0,707.0,False,0.0,15.0,0.0,False,21.0,21.0,True,0
81000,World Championship,2019.0,579661.0,F,Eastern Europe,Middle school,0-35,,False,0.0,False,,False,246.0,410.0,52.0,37.0,21.0,122.0,False,0.0,0.0,0.0,,0.0,0.0,True,1
76949,Regional Tournament,2019.0,1941248.0,F,Western Europe,High school,35-55,High,False,0.0,False,0.0,False,396.0,163.0,22.0,479.0,140.0,135.0,False,0.0,0.0,0.0,False,40.0,0.0,False,1
24948,Local Match,2022.0,338806.0,M,South Asia,Middle school,0-35,Middle-High,False,3.0,False,60.0,False,120.0,345.0,0.0,86.0,184.0,611.0,False,0.0,0.0,0.0,False,30.0,0.0,True,1
50012,Local Match,2022.0,580834.0,M,Western Europe,Middle school,35-55,Middle,False,0.0,False,0.0,False,1064.0,4027.0,73.0,983.0,655.0,899.0,True,2.0,156.0,44.0,False,117.0,76.0,True,1
36106,Regional Tournament,2022.0,650354.0,F,Central America,High school,0-35,Low,False,0.0,False,0.0,False,15.0,47.0,0.0,,8.0,0.0,False,0.0,0.0,0.0,False,0.0,0.0,True,0
49311,Federation League,2019.0,610279.0,M,East Asia,High school,0-35,High,False,0.0,False,0.0,False,233.0,377.0,0.0,220.0,118.0,4.0,False,1.0,120.0,0.0,False,14.0,0.0,True,1
77008,World Championship,2019.0,584500.0,F,Middle East,High school,35-55,High,False,0.0,False,,False,171.0,261.0,0.0,159.0,52.0,126.0,False,0.0,0.0,0.0,False,0.0,0.0,True,1
75908,World Championship,2021.0,613616.0,M,South America,Middle school,35-55,Low,True,0.0,False,,False,139.0,1082.0,2.0,33.0,28.0,103.0,False,0.0,0.0,0.0,False,0.0,0.0,True,0
60014,Regional Tournament,2021.0,1540042.0,F,East Asia,Middle school,35-55,High,False,0.0,False,0.0,False,89.0,26.0,1.0,261.0,10.0,53.0,False,0.0,0.0,0.0,False,4.0,0.0,False,1
85340,Regional Tournament,2019.0,597689.0,F,Eastern Europe,Middle school,0-35,High,True,0.0,False,0.0,False,105.0,11.0,1.0,75.0,17.0,64.0,False,0.0,0.0,0.0,False,32.0,0.0,False,0
53707,Federation League,2019.0,259641.0,M,South Asia,High school,35-55,High,False,0.0,False,0.0,False,435.0,388.0,1.0,287.0,,19.0,False,29.0,78.0,0.0,False,46.0,0.0,True,1
14051,Continental Championship,2022.0,583719.0,M,Oceania,High school,0-35,Middle-High,False,0.0,False,0.0,False,518.0,860.0,0.0,165.0,20.0,231.0,False,2.0,297.0,0.0,False,64.0,0.0,True,1
26906,Federation League,2019.0,464924.0,F,Eastern Europe,High school,35-55,High,False,0.0,False,0.0,False,565.0,297.0,8.0,1305.0,588.0,38.0,False,32.0,249.0,0.0,False,21.0,0.0,True,1
85378,National Cup,2022.0,697283.0,F,South America,High school,0-35,Middle-Low,False,0.0,False,60.0,False,87.0,88.0,0.0,46.0,40.0,405.0,False,0.0,0.0,0.0,False,11.0,0.0,False,0
68953,Local Match,2019.0,307245.0,M,South Asia,Middle school,0-35,Middle-High,False,2.0,False,0.0,False,116.0,502.0,0.0,147.0,161.0,531.0,False,1.0,16.0,4.0,False,10.0,2.0,True,0
58174,Regional Tournament,2019.0,521341.0,F,East Asia,University Degree,35-55,High,True,0.0,False,60.0,False,681.0,170.0,3.0,931.0,216.0,90.0,False,1.0,0.0,0.0,False,185.0,0.0,True,1
34633,Regional Tournament,2021.0,587181.0,F,East Asia,High school,35-55,High,False,0.0,False,0.0,False,36.0,67.0,1.0,24.0,40.0,48.0,False,0.0,0.0,0.0,False,21.0,0.0,False,1
57867,Local Match,2021.0,632620.0,M,Western Europe,University Degree,0-35,High,False,0.0,False,0.0,True,150.0,528.0,0.0,97.0,172.0,585.0,False,0.0,12.0,6.0,False,15.0,2.0,True,1
87073,Local Match,2021.0,612542.0,M,East Asia,University Degree,0-35,High,False,0.0,False,60.0,True,422.0,548.0,0.0,443.0,155.0,580.0,False,16.0,0.0,0.0,False,26.0,0.0,True,1
48588,Local Match,2020.0,552320.0,M,North America,High school,0-35,Low,False,0.0,False,0.0,False,181.0,233.0,2.0,179.0,147.0,637.0,False,0.0,2.0,4.0,False,18.0,3.0,True,1
32900,National Cup,2022.0,582320.0,F,East Asia,High school,0-35,Middle,False,0.0,False,0.0,False,267.0,76.0,0.0,190.0,134.0,1768.0,False,3.0,0.0,0.0,False,5.0,0.0,True,1
75085,Local Match,2022.0,604614.0,M,South America,High school,0-35,Middle-Low,False,1.0,False,60.0,False,253.0,1459.0,0.0,128.0,414.0,1135.0,True,0.0,12.0,0.0,False,9.0,0.0,True,1
95538,Continental Championship,2019.0,594399.0,M,North America,Middle school,0-35,High,False,,False,,False,233.0,626.0,0.0,145.0,36.0,209.0,False,0.0,140.0,0.0,False,33.0,2.0,True,1
66640,Regional Tournament,2019.0,594928.0,F,Middle East,High school,0-35,Middle-Low,False,0.0,False,60.0,False,237.0,72.0,0.0,491.0,73.0,125.0,False,2.0,0.0,0.0,False,22.0,0.0,False,1
90652,Local Match,2020.0,1766303.0,F,Eastern Europe,High school,35-55,Middle-High,False,0.0,False,0.0,False,196.0,366.0,0.0,378.0,187.0,46.0,False,0.0,18.0,14.0,False,40.0,13.0,True,0
80687,Regional Tournament,2019.0,540602.0,F,East Asia,Middle school,0-35,High,False,0.0,False,0.0,False,139.0,38.0,0.0,105.0,40.0,70.0,False,0.0,0.0,0.0,False,14.0,0.0,False,1
52338,,2020.0,542003.0,M,Southern Africa,Middle school,0-35,Middle-Low,False,0.0,False,0.0,False,230.0,920.0,0.0,145.0,279.0,961.0,False,0.0,5.0,1.0,False,19.0,0.0,True,1
11990,Federation League,2021.0,471669.0,M,Southern Europe,Middle school,0-35,High,False,1.0,False,0.0,False,5.0,136.0,0.0,6.0,47.0,0.0,False,0.0,11.0,0.0,False,1.0,0.0,False,0
94575,Regional Tournament,2019.0,598000.0,F,Northern Africa,High school,0-35,High,False,0.0,False,0.0,False,168.0,55.0,1.0,219.0,48.0,69.0,False,1.0,0.0,0.0,False,51.0,0.0,False,1
77964,National Cup,2022.0,695369.0,F,Northern Africa,Middle school,0-35,Low,False,0.0,False,60.0,False,97.0,102.0,0.0,64.0,52.0,86.0,False,0.0,0.0,0.0,False,12.0,0.0,False,0
72259,Local Match,2019.0,567888.0,M,Oceania,University Degree,35-55,High,False,0.0,False,0.0,True,1172.0,2786.0,11.0,1305.0,754.0,823.0,False,8.0,131.0,43.0,False,59.0,54.0,True,1
39658,Regional Tournament,2022.0,691851.0,M,Eastern Europe,High school,0-35,Middle-Low,False,0.0,False,0.0,False,168.0,390.0,1.0,12.0,80.0,37.0,False,1.0,0.0,0.0,False,5.0,0.0,True,1
66060,Continental Championship,,629014.0,F,Oceania,Middle school,35-55,Middle-Low,False,0.0,False,30.0,False,1525.0,1168.0,0.0,3558.0,51.0,169.0,False,13.0,1028.0,0.0,False,268.0,0.0,True,1
18593,Federation League,2022.0,647565.0,M,North America,Middle school,35-55,Middle-Low,True,0.0,False,60.0,False,153.0,193.0,28.0,74.0,63.0,15.0,False,22.0,0.0,0.0,False,12.0,0.0,False,0
42112,Federation League,2020.0,503926.0,F,Western Europe,High school,0-35,Middle-High,False,0.0,False,0.0,False,279.0,169.0,0.0,211.0,176.0,17.0,False,0.0,30.0,0.0,False,26.0,11.0,False,1
38683,Olympic Games,2022.0,639053.0,M,South Asia,High school,0-35,High,False,0.0,False,60.0,False,56.0,105.0,0.0,6.0,27.0,0.0,False,0.0,0.0,0.0,False,1.0,0.0,False,1
72843,Continental Championship,2022.0,675450.0,M,Central America,High school,0-35,Middle-High,False,0.0,False,30.0,False,235.0,760.0,0.0,321.0,13.0,191.0,False,,363.0,0.0,False,27.0,0.0,True,1
35477,Continental Championship,2021.0,504728.0,F,Middle East,Middle school,0-35,Low,False,0.0,False,0.0,False,215.0,655.0,0.0,1.0,4.0,136.0,False,0.0,64.0,0.0,False,24.0,0.0,False,1
45818,Regional Tournament,2020.0,544848.0,F,Oceania,Middle school,0-35,Middle-Low,False,0.0,False,0.0,False,282.0,27.0,4.0,432.0,52.0,65.0,False,0.0,0.0,0.0,False,13.0,0.0,False,1
80526,World Championship,2022.0,696876.0,F,Central America,High school,35-55,Low,False,0.0,True,,False,64.0,132.0,0.0,16.0,51.0,108.0,False,0.0,0.0,0.0,False,0.0,0.0,True,1
22164,World Championship,2022.0,694723.0,F,South America,High school,35-55,Middle-Low,False,0.0,False,,False,183.0,542.0,4.0,99.0,74.0,80.0,False,0.0,0.0,0.0,False,0.0,0.0,True,1
29344,Local Match,2021.0,584184.0,F,South America,High school,0-35,Middle-Low,False,0.0,False,30.0,True,293.0,1041.0,0.0,54.0,370.0,695.0,False,0.0,22.0,6.0,False,34.0,18.0,True,1
70899,Regional Tournament,2020.0,2210318.0,M,Central America,High school,35-55,Middle,False,0.0,False,0.0,False,36.0,10.0,0.0,10.0,14.0,36.0,False,0.0,0.0,0.0,False,1.0,0.0,False,1
65985,Federation League,2019.0,132401.0,M,Southern Europe,Middle school,0-35,Middle-High,False,0.0,False,0.0,False,288.0,239.0,1.0,171.0,218.0,5.0,False,6.0,19.0,0.0,False,49.0,0.0,True,0
46605,Continental Championship,2022.0,652302.0,M,North America,University Degree,0-35,Middle-High,False,0.0,False,0.0,False,528.0,1113.0,0.0,626.0,34.0,225.0,False,8.0,579.0,0.0,False,17.0,0.0,False,1
82256,Continental Championship,2019.0,607947.0,M,Northern Africa,High school,0-35,Middle-High,False,0.0,False,,False,231.0,1046.0,0.0,177.0,28.0,141.0,False,0.0,560.0,0.0,False,51.0,14.0,True,1
21090,Federation League,2020.0,526392.0,M,Central America,High school,0-35,High,False,1.0,False,60.0,False,18.0,13.0,0.0,12.0,15.0,3.0,False,0.0,0.0,0.0,False,6.0,0.0,False,0
49120,World Championship,2019.0,479442.0,F,Western Europe,High school,0-35,High,False,0.0,False,,False,144.0,459.0,4.0,64.0,24.0,156.0,False,0.0,0.0,0.0,False,0.0,0.0,True,1
83731,Regional Tournament,2019.0,569035.0,F,Western Europe,High school,35-55,Middle,False,0.0,False,0.0,False,408.0,82.0,4.0,345.0,86.0,72.0,False,0.0,0.0,0.0,False,107.0,0.0,False,1
32396,Local Match,2020.0,534854.0,M,South America,High school,0-35,High,True,0.0,False,60.0,False,123.0,612.0,0.0,240.0,253.0,865.0,False,0.0,1.0,0.0,False,12.0,39.0,True,0
76088,Regional Tournament,2019.0,507279.0,F,Eastern Europe,Middle school,0-35,Low,True,0.0,False,0.0,False,27.0,18.0,0.0,66.0,4.0,0.0,False,0.0,0.0,0.0,False,4.0,0.0,False,0
56437,Regional Tournament,2019.0,472327.0,M,Western Europe,Middle school,0-35,Middle-High,False,0.0,False,60.0,False,65.0,24.0,0.0,104.0,12.0,116.0,False,0.0,0.0,0.0,False,13.0,0.0,False,1
25003,National Cup,2022.0,107883.0,F,Northern Africa,University Degree,35-55,Middle-Low,False,0.0,False,30.0,False,118.0,47.0,0.0,273.0,41.0,145.0,False,0.0,0.0,0.0,False,2.0,0.0,False,0
14466,Federation League,2021.0,586876.0,M,Central Asia,High school,0-35,High,False,0.0,False,60.0,False,281.0,174.0,0.0,178.0,101.0,18.0,False,12.0,95.0,0.0,False,14.0,0.0,True,1
19760,Regional Tournament,2021.0,1932474.0,F,South Asia,University Degree,35-55,High,False,0.0,False,0.0,False,100.0,79.0,2.0,71.0,63.0,69.0,False,0.0,0.0,0.0,False,12.0,0.0,False,1
70946,Olympic Games,2022.0,424577.0,M,South America,University Degree,0-35,Low,False,0.0,False,60.0,False,448.0,1523.0,0.0,101.0,94.0,0.0,False,0.0,0.0,0.0,False,23.0,7.0,True,1
62385,Local Match,2022.0,684592.0,M,Middle East,High school,0-35,Middle,False,0.0,False,60.0,False,326.0,1032.0,0.0,296.0,227.0,784.0,True,2.0,19.0,1.0,False,10.0,0.0,True,1
87094,Federation League,2021.0,589569.0,M,Western Europe,Middle school,0-35,Middle,False,1.0,False,60.0,False,150.0,194.0,0.0,74.0,141.0,16.0,False,1.0,58.0,0.0,False,5.0,0.0,False,0
32463,Regional Tournament,2019.0,576935.0,F,Central Asia,High school,0-35,High,False,0.0,False,120.0,False,483.0,160.0,4.0,,169.0,95.0,False,0.0,0.0,0.0,False,28.0,0.0,False,0
68495,Federation League,2020.0,423386.0,F,Oceania,Middle school,35-55,High,False,0.0,False,0.0,False,402.0,104.0,15.0,439.0,316.0,22.0,False,0.0,141.0,0.0,False,93.0,37.0,False,0
12914,National Cup,2022.0,133419.0,M,Northern Africa,University Degree,35-55,Middle,False,0.0,False,60.0,False,71.0,124.0,0.0,58.0,58.0,170.0,False,3.0,0.0,0.0,False,7.0,0.0,False,0
16442,Local Match,2019.0,585615.0,M,Middle East,Middle school,35-55,Middle-High,False,0.0,False,60.0,True,414.0,1020.0,0.0,112.0,272.0,784.0,False,3.0,28.0,4.0,False,22.0,5.0,True,0
38574,National Cup,2021.0,595986.0,M,Middle East,High school,0-35,High,False,0.0,False,60.0,False,160.0,13.0,0.0,38.0,40.0,420.0,False,0.0,0.0,0.0,False,4.0,0.0,False,1
10659,Regional Tournament,2022.0,247967.0,F,Eastern Europe,Middle school,0-35,Low,False,0.0,False,0.0,False,81.0,191.0,3.0,128.0,16.0,0.0,False,4.0,0.0,0.0,False,5.0,0.0,True,0
61514,Local Match,2021.0,546394.0,M,Central America,University Degree,0-35,Low,False,1.0,False,60.0,False,28.0,30.0,0.0,33.0,33.0,80.0,False,0.0,0.0,0.0,False,0.0,0.0,True,0
10324,Regional Tournament,2019.0,604200.0,F,Middle East,Middle school,,Middle-Low,False,0.0,False,0.0,False,1371.0,88.0,6.0,9666.0,80.0,118.0,False,0.0,0.0,0.0,False,92.0,0.0,True,1
17876,Local Match,2022.0,683178.0,M,Northern Africa,High school,35-55,Low,False,0.0,False,0.0,False,453.0,1846.0,0.0,676.0,288.0,726.0,True,5.0,53.0,11.0,False,53.0,0.0,True,1
18766,Local Match,2021.0,442753.0,M,Northern Africa,High school,0-35,Low,False,2.0,False,140.0,False,348.0,244.0,0.0,135.0,282.0,971.0,False,0.0,0.0,0.0,False,17.0,0.0,True,0
10268,National Cup,2022.0,632866.0,F,Southern Europe,Middle school,0-35,High,False,0.0,False,0.0,False,253.0,64.0,0.0,375.0,144.0,1365.0,False,0.0,0.0,0.0,False,4.0,0.0,False,0
14170,Regional Tournament,2022.0,656204.0,F,Southern Africa,High school,0-35,Middle,False,0.0,False,0.0,False,65.0,43.0,5.0,0.0,26.0,2.0,False,0.0,0.0,0.0,False,2.0,0.0,False,0
69795,National Cup,2022.0,677349.0,F,Middle East,High school,0-35,Low,False,0.0,False,90.0,False,397.0,148.0,0.0,584.0,239.0,1109.0,False,5.0,0.0,0.0,False,16.0,0.0,False,1
27372,National Cup,2021.0,478977.0,F,Northern Africa,University Degree,0-35,Low,False,0.0,False,0.0,False,,16.0,0.0,28.0,17.0,144.0,False,0.0,0.0,0.0,False,5.0,0.0,False,0
50635,Local Match,2021.0,629993.0,M,East Asia,Middle school,0-35,Middle-High,False,0.0,False,0.0,False,468.0,1295.0,1.0,261.0,338.0,396.0,False,14.0,17.0,6.0,False,52.0,0.0,True,0
15861,Continental Championship,2019.0,571686.0,M,East Asia,Middle school,0-35,High,False,0.0,False,0.0,False,218.0,741.0,0.0,48.0,9.0,112.0,False,0.0,32.0,0.0,False,66.0,5.0,False,1
23178,Regional Tournament,2019.0,494896.0,F,Western Europe,Middle school,0-35,High,False,0.0,False,60.0,False,23.0,7.0,0.0,32.0,,0.0,False,0.0,0.0,0.0,False,6.0,0.0,True,0
23156,Local Match,2019.0,558484.0,M,East Asia,High school,0-35,High,False,0.0,False,0.0,True,745.0,1887.0,0.0,1086.0,407.0,2090.0,False,3.0,18.0,3.0,False,35.0,7.0,True,1
16377,Regional Tournament,2019.0,364073.0,F,Middle East,University Degree,0-35,Middle-Low,False,1.0,False,60.0,False,95.0,86.0,0.0,142.0,16.0,80.0,False,0.0,0.0,0.0,False,4.0,0.0,True,1
97925,Federation League,2022.0,675993.0,M,Central Asia,Middle school,0-35,Middle-Low,False,0.0,False,0.0,False,164.0,78.0,0.0,128.0,58.0,11.0,False,8.0,0.0,0.0,False,16.0,0.0,False,1
56693,Local Match,2022.0,601820.0,M,South Asia,University Degree,0-35,High,False,0.0,False,60.0,False,118.0,460.0,0.0,36.0,146.0,596.0,True,0.0,0.0,1.0,False,5.0,0.0,False,1
50508,Regional Tournament,2021.0,391153.0,F,Southern Africa,High school,0-35,Middle-Low,False,0.0,False,60.0,False,195.0,113.0,0.0,648.0,38.0,74.0,False,1.0,0.0,0.0,False,8.0,0.0,False,1
21820,Regional Tournament,2022.0,695001.0,M,Southern Africa,Middle school,0-35,Middle,False,0.0,False,0.0,False,138.0,648.0,5.0,0.0,18.0,101.0,False,0.0,0.0,3.0,False,4.0,0.0,True,1
28162,Federation League,2022.0,600033.0,M,East Asia,Middle school,35-55,High,False,0.0,False,0.0,False,1079.0,337.0,0.0,1955.0,509.0,31.0,False,37.0,0.0,0.0,False,64.0,0.0,True,1
23686,National Cup,2021.0,581611.0,F,South America,University Degree,35-55,Middle,False,0.0,False,30.0,False,211.0,111.0,0.0,3.0,111.0,780.0,False,0.0,0.0,0.0,False,2.0,0.0,False,1
65540,Federation League,2019.0,567152.0,M,South America,University Degree,0-35,Low,False,0.0,False,0.0,False,237.0,120.0,0.0,295.0,253.0,12.0,False,5.0,78.0,0.0,False,39.0,0.0,True,1
99455,Local Match,2019.0,233087.0,M,Central Asia,High school,0-35,High,True,0.0,False,30.0,True,659.0,1695.0,2.0,999.0,428.0,2817.0,False,13.0,109.0,40.0,False,81.0,47.0,True,1
30095,Local Match,2021.0,631765.0,M,Western Europe,Middle school,0-35,High,False,0.0,False,0.0,True,457.0,777.0,0.0,1540.0,179.0,476.0,False,10.0,9.0,0.0,False,19.0,0.0,True,1
37752,Regional Tournament,2022.0,265466.0,F,Southern Africa,High school,35-55,Middle-Low,False,1.0,True,0.0,False,201.0,619.0,2.0,213.0,17.0,102.0,False,3.0,0.0,9.0,False,2.0,0.0,True,1
68632,Continental Championship,2019.0,602288.0,M,East Asia,High school,0-35,High,False,0.0,False,0.0,False,229.0,756.0,0.0,263.0,31.0,170.0,False,4.0,305.0,0.0,False,32.0,3.0,True,1
76703,Local Match,2022.0,2643472.0,M,Central Asia,University Degree,35-55,Middle-Low,False,0.0,False,0.0,False,121.0,1188.0,0.0,110.0,146.0,224.0,True,3.0,16.0,13.0,False,18.0,13.0,True,1
98512,Continental Championship,2022.0,570045.0,M,Western Europe,High school,0-35,Middle,False,0.0,False,0.0,False,338.0,1571.0,0.0,222.0,123.0,106.0,False,20.0,431.0,0.0,False,42.0,0.0,True,1
69510,Regional Tournament,2020.0,401339.0,F,South America,High school,0-35,Middle-Low,False,0.0,False,60.0,False,1014.0,58.0,0.0,2397.0,106.0,189.0,False,0.0,0.0,0.0,False,7.0,0.0,False,1
62874,World Championship,2021.0,591563.0,F,Middle East,Middle school,35-55,High,False,0.0,False,,False,114.0,462.0,10.0,77.0,54.0,176.0,False,0.0,0.0,0.0,False,0.0,0.0,True,1
30457,World Championship,2019.0,612986.0,M,South America,High school,35-55,Low,False,0.0,False,,False,,554.0,3.0,19.0,31.0,96.0,False,0.0,0.0,0.0,False,0.0,0.0,True,1
76493,National Cup,2022.0,586476.0,F,Oceania,High school,0-35,Middle,False,1.0,False,30.0,False,112.0,47.0,0.0,45.0,65.0,483.0,False,5.0,0.0,0.0,False,5.0,0.0,False,1
26780,Local Match,2021.0,591318.0,M,East Asia,Middle school,0-35,High,True,0.0,False,0.0,False,246.0,480.0,0.0,226.0,181.0,157.0,False,0.0,35.0,9.0,False,20.0,0.0,True,0
62972,World Championship,2019.0,142990.0,M,Middle East,Middle school,0-35,Middle-Low,True,0.0,False,,False,27.0,83.0,1.0,0.0,20.0,4.0,False,0.0,0.0,0.0,False,0.0,,False,0
12438,National Cup,2022.0,262385.0,F,Western Europe,Middle school,0-35,Middle-Low,False,0.0,False,0.0,False,116.0,28.0,0.0,39.0,98.0,727.0,False,0.0,0.0,0.0,False,3.0,0.0,False,1
88836,Federation League,2019.0,604462.0,M,Northern Africa,Middle school,0-35,Middle-Low,False,0.0,False,30.0,False,142.0,92.0,0.0,157.0,157.0,8.0,False,18.0,36.0,0.0,False,14.0,0.0,False,0
68313,Regional Tournament,2022.0,637815.0,F,Central America,University Degree,35-55,Middle-High,False,0.0,False,0.0,False,427.0,1410.0,1.0,389.0,51.0,208.0,False,7.0,0.0,20.0,False,4.0,0.0,True,1
84747,Regional Tournament,2019.0,374038.0,F,Eastern Europe,Middle school,35-55,Low,False,0.0,False,0.0,False,103.0,18.0,0.0,38.0,19.0,75.0,False,0.0,0.0,0.0,False,14.0,0.0,False,0
28541,Federation League,2022.0,416276.0,M,Eastern Europe,,0-35,Low,True,1.0,False,60.0,False,360.0,330.0,0.0,865.0,153.0,6.0,False,6.0,,0.0,False,14.0,0.0,True,0
55431,Local Match,2019.0,604755.0,M,Western Europe,High school,0-35,Middle,False,0.0,False,60.0,True,174.0,394.0,0.0,125.0,164.0,484.0,False,0.0,16.0,0.0,False,14.0,0.0,False,1
88434,Continental Championship,2021.0,601211.0,M,South Asia,High school,0-35,High,False,0.0,,,False,226.0,1505.0,0.0,370.0,26.0,142.0,False,4.0,376.0,0.0,False,47.0,0.0,False,1
29779,Local Match,2021.0,2616978.0,M,Middle East,High school,0-35,High,False,0.0,False,0.0,False,678.0,2530.0,0.0,568.0,315.0,778.0,False,14.0,65.0,27.0,False,48.0,14.0,True,1
94927,Federation League,2019.0,559540.0,M,South America,High school,0-35,Middle-Low,False,0.0,False,90.0,False,100.0,144.0,0.0,66.0,66.0,4.0,False,0.0,24.0,0.0,False,5.0,0.0,False,0
13637,Local Match,2019.0,589263.0,M,South Asia,High school,0-35,High,False,0.0,False,60.0,True,144.0,279.0,0.0,81.0,102.0,566.0,False,0.0,2.0,0.0,False,5.0,2.0,True,1
42550,Federation League,2020.0,77763.0,M,Western Europe,University Degree,35-55,Middle-Low,False,0.0,False,90.0,False,309.0,230.0,24.0,277.0,337.0,19.0,False,0.0,98.0,0.0,False,53.0,7.0,False,1
83120,Local Match,2020.0,529493.0,M,Western Europe,High school,35-55,Middle,True,0.0,False,0.0,False,575.0,2777.0,0.0,1041.0,550.0,796.0,False,0.0,52.0,35.0,False,55.0,65.0,True,1
38819,Continental Championship,2022.0,639194.0,M,North America,High school,35-55,Middle-High,False,0.0,False,60.0,False,299.0,794.0,0.0,205.0,22.0,157.0,False,2.0,166.0,0.0,False,38.0,0.0,True,1
83209,Continental Championship,2022.0,650341.0,F,South America,High school,0-35,Middle-Low,False,0.0,False,90.0,False,198.0,432.0,0.0,85.0,83.0,102.0,False,2.0,6.0,0.0,False,19.0,0.0,True,1
95991,Local Match,2020.0,558772.0,F,Northern Africa,High school,0-35,Middle,False,0.0,False,0.0,False,443.0,1370.0,0.0,42.0,360.0,1506.0,False,0.0,3.0,0.0,False,35.0,3.0,True,1
49674,Federation League,2020.0,506785.0,M,Central Asia,High school,0-35,Middle-High,False,0.0,False,60.0,False,220.0,260.0,25.0,77.0,129.0,11.0,False,0.0,157.0,0.0,False,52.0,15.0,False,1
90291,Federation League,2020.0,235492.0,M,South Asia,High school,35-55,High,False,0.0,False,0.0,False,81.0,72.0,0.0,116.0,36.0,2.0,False,0.0,15.0,0.0,False,10.0,5.0,False,0
27304,Local Match,2021.0,422626.0,F,Middle East,High school,35-55,Middle-Low,False,0.0,False,120.0,True,410.0,2040.0,0.0,117.0,409.0,706.0,False,0.0,42.0,24.0,False,31.0,36.0,True,1
56106,Continental Championship,2019.0,570453.0,M,Northern Africa,High school,0-35,Low,False,0.0,False,,False,79.0,396.0,0.0,4.0,13.0,80.0,False,0.0,36.0,0.0,False,4.0,3.0,False,1
48168,World Championship,2019.0,340486.0,F,Central Asia,High school,35-55,Middle,False,0.0,False,0.0,False,191.0,684.0,2.0,120.0,21.0,222.0,False,0.0,0.0,0.0,False,0.0,0.0,True,1
99968,World Championship,2022.0,686918.0,F,Middle East,Middle school,35-55,High,False,0.0,False,,False,328.0,944.0,23.0,105.0,82.0,108.0,False,0.0,0.0,0.0,False,0.0,0.0,True,1
40441,Continental Championship,2022.0,507967.0,M,North America,University Degree,0-35,Low,False,0.0,False,0.0,False,97.0,409.0,0.0,39.0,11.0,159.0,False,0.0,0.0,0.0,False,24.0,0.0,False,0
16258,Regional Tournament,2020.0,561452.0,F,Middle East,High school,0-35,Middle-High,False,0.0,False,60.0,False,492.0,58.0,1.0,842.0,70.0,119.0,False,0.0,0.0,0.0,False,59.0,0.0,False,1
43932,World Championship,2021.0,579692.0,M,Middle East,Middle school,0-35,Middle-Low,False,1.0,False,60.0,False,211.0,415.0,6.0,102.0,77.0,134.0,False,0.0,0.0,0.0,False,0.0,,True,1
18748,National Cup,2022.0,1501577.0,M,Middle East,High school,35-55,Middle-High,False,0.0,False,60.0,False,244.0,1480.0,0.0,32.0,105.0,1472.0,False,21.0,0.0,0.0,False,4.0,0.0,False,1
20807,World Championship,2022.0,646685.0,F,South America,Middle school,35-55,Middle,False,0.0,False,,False,54.0,121.0,0.0,3.0,9.0,51.0,False,0.0,0.0,0.0,False,0.0,0.0,True,1
94019,Federation League,2022.0,688722.0,F,Middle East,High school,0-35,High,False,0.0,False,0.0,False,297.0,356.0,1.0,348.0,240.0,24.0,False,51.0,0.0,0.0,False,39.0,0.0,True,1
93086,Regional Tournament,,582333.0,F,Western Europe,High school,0-35,High,False,0.0,False,60.0,False,249.0,103.0,2.0,340.0,,89.0,False,0.0,0.0,0.0,False,15.0,0.0,True,1
74166,Federation League,2020.0,241771.0,F,Oceania,University Degree,0-35,Middle,False,0.0,False,0.0,False,138.0,167.0,9.0,22.0,258.0,15.0,False,0.0,40.0,0.0,False,28.0,4.0,False,0
81618,Regional Tournament,2022.0,694526.0,F,Southern Africa,Middle school,0-35,High,False,0.0,False,0.0,False,139.0,264.0,3.0,2.0,28.0,67.0,False,0.0,0.0,0.0,False,0.0,0.0,False,1
43162,National Cup,2021.0,635416.0,F,North America,Middle school,0-35,Middle,False,0.0,False,,False,1617.0,6445.0,0.0,2119.0,463.0,3702.0,False,5.0,0.0,0.0,False,40.0,0.0,False,1
97234,Local Match,2022.0,675947.0,M,Eastern Europe,Middle school,35-55,Low,False,0.0,False,0.0,False,76.0,203.0,0.0,42.0,66.0,8.0,True,0.0,1.0,0.0,False,10.0,0.0,,0
32460,National Cup,2022.0,678089.0,F,Western Europe,High school,0-35,Low,False,0.0,False,60.0,False,870.0,148.0,0.0,1446.0,171.0,3950.0,False,1.0,0.0,0.0,False,18.0,0.0,True,1
80318,Local Match,2019.0,598001.0,M,South America,Middle school,0-35,Middle,False,0.0,False,30.0,False,146.0,215.0,5.0,66.0,129.0,267.0,False,1.0,6.0,0.0,False,7.0,0.0,True,0
98613,Regional Tournament,2019.0,2452289.0,F,Oceania,Middle school,35-55,Middle-High,False,0.0,False,0.0,False,386.0,229.0,1.0,262.0,310.0,73.0,False,0.0,0.0,0.0,False,72.0,0.0,False,1
98040,,2021.0,631884.0,F,East Asia,High school,35-55,Middle,False,0.0,False,0.0,True,382.0,,0.0,285.0,248.0,611.0,False,5.0,33.0,12.0,False,25.0,0.0,True,1
52310,Federation League,2021.0,605781.0,M,South America,High school,0-35,Middle-Low,False,0.0,False,60.0,False,209.0,435.0,0.0,19.0,277.0,9.0,False,0.0,99.0,0.0,False,3.0,0.0,True,1
69071,World Championship,2021.0,118474.0,M,Western Europe,High school,0-35,High,False,1.0,False,0.0,False,112.0,226.0,0.0,38.0,29.0,69.0,False,0.0,0.0,0.0,False,0.0,0.0,True,1
42593,Local Match,2022.0,656996.0,M,Western Europe,Middle school,0-35,Middle,False,0.0,False,0.0,False,368.0,791.0,1.0,134.0,208.0,585.0,True,1.0,0.0,0.0,False,37.0,5.0,True,1
53648,Federation League,2022.0,656164.0,F,Central Asia,Middle school,0-35,High,True,0.0,False,0.0,False,293.0,161.0,0.0,482.0,89.0,5.0,False,14.0,0.0,0.0,False,24.0,0.0,False,0
56013,Continental Championship,2022.0,134212.0,M,South Asia,High school,0-35,Middle-Low,False,0.0,False,0.0,False,357.0,1110.0,0.0,225.0,13.0,134.0,False,2.0,227.0,0.0,False,28.0,0.0,True,1
19804,World Championship,2021.0,1860171.0,M,Western Europe,University Degree,35-55,Middle,False,0.0,False,,False,145.0,337.0,4.0,71.0,54.0,112.0,False,0.0,0.0,0.0,False,0.0,0.0,True,1
19924,National Cup,2021.0,524386.0,M,Eastern Europe,High school,0-35,Middle-High,False,0.0,False,60.0,False,31.0,26.0,0.0,0.0,18.0,113.0,False,2.0,0.0,0.0,False,4.0,0.0,False,0
68929,Regional Tournament,2019.0,320757.0,M,North America,Middle school,0-35,High,False,1.0,False,0.0,False,236.0,55.0,2.0,396.0,48.0,73.0,False,0.0,0.0,0.0,False,56.0,0.0,False,1
24934,Local Match,2019.0,572011.0,M,Northern Africa,High school,0-35,Middle-Low,False,0.0,False,0.0,True,234.0,908.0,0.0,467.0,204.0,1011.0,False,1.0,10.0,7.0,False,14.0,6.0,True,1
56918,Regional Tournament,2022.0,675094.0,F,Central Asia,Middle school,35-55,Low,False,0.0,False,30.0,False,104.0,157.0,0.0,8.0,19.0,1.0,False,0.0,0.0,0.0,False,1.0,0.0,False,0
56405,Local Match,2019.0,576107.0,M,Eastern Europe,High school,0-35,Middle-Low,False,0.0,False,60.0,True,158.0,292.0,0.0,175.0,143.0,665.0,False,3.0,2.0,0.0,False,9.0,0.0,True,1
88314,Local Match,2021.0,621722.0,F,Middle East,University Degree,0-35,Middle-Low,False,0.0,False,30.0,True,564.0,1996.0,0.0,233.0,346.0,761.0,False,9.0,44.0,42.0,False,56.0,15.0,True,1
80697,Olympic Games,2019.0,368963.0,M,Southern Europe,Middle school,0-35,Low,False,0.0,False,120.0,False,121.0,419.0,2.0,43.0,76.0,0.0,False,0.0,0.0,0.0,False,15.0,1.0,True,1
57454,Local Match,2021.0,483389.0,F,South Asia,Middle school,35-55,High,False,0.0,False,0.0,True,453.0,1949.0,0.0,562.0,538.0,1389.0,False,24.0,34.0,8.0,False,81.0,12.0,True,1
83060,Olympic Games,2022.0,684180.0,M,South Asia,University Degree,0-35,High,False,0.0,False,60.0,False,46.0,95.0,0.0,21.0,9.0,0.0,False,0.0,0.0,0.0,False,0.0,0.0,False,1
53228,Regional Tournament,2020.0,444117.0,F,Northern Africa,High school,0-35,High,False,0.0,False,30.0,False,82.0,19.0,0.0,137.0,16.0,67.0,False,0.0,0.0,0.0,False,4.0,0.0,False,1
84511,National Cup,2022.0,557959.0,M,Southern Europe,University Degree,35-55,Low,False,0.0,False,0.0,False,143.0,125.0,0.0,0.0,42.0,277.0,False,0.0,0.0,0.0,False,5.0,0.0,False,1
27765,Local Match,2022.0,649258.0,M,Central America,High school,0-35,Middle-High,False,0.0,False,,False,328.0,613.0,0.0,158.0,229.0,872.0,True,3.0,5.0,0.0,False,12.0,0.0,False,0
27789,Local Match,2020.0,482264.0,F,Eastern Europe,High school,35-55,Middle-Low,False,0.0,False,0.0,False,85.0,313.0,19.0,338.0,149.0,0.0,False,0.0,4.0,0.0,False,15.0,53.0,False,0
93552,Federation League,2022.0,634037.0,M,Central America,High school,0-35,High,False,0.0,False,0.0,False,123.0,82.0,9.0,85.0,81.0,8.0,False,14.0,0.0,0.0,False,12.0,0.0,True,1
19602,Olympic Games,2019.0,2691244.0,M,East Asia,High school,35-55,Middle,False,0.0,False,120.0,False,171.0,187.0,2.0,59.0,51.0,0.0,False,0.0,0.0,0.0,False,2.0,0.0,False,1
96696,Federation League,2019.0,318794.0,F,Northern Africa,Middle school,0-35,Low,False,0.0,False,90.0,False,207.0,239.0,0.0,251.0,145.0,5.0,False,0.0,95.0,0.0,False,12.0,0.0,True,1
65182,National Cup,2022.0,651159.0,M,Northern Africa,High school,0-35,Middle-Low,False,0.0,False,60.0,False,263.0,260.0,0.0,368.0,112.0,531.0,False,0.0,0.0,0.0,False,4.0,0.0,False,1
75517,Regional Tournament,2019.0,576946.0,F,Southern Africa,High school,0-35,Low,False,0.0,False,0.0,False,215.0,45.0,2.0,503.0,54.0,64.0,False,3.0,0.0,0.0,False,46.0,0.0,False,1
84270,Federation League,2021.0,631131.0,M,Central Asia,High school,0-35,High,False,0.0,False,60.0,False,314.0,771.0,0.0,179.0,350.0,13.0,False,13.0,76.0,0.0,False,59.0,0.0,True,1
85711,Regional Tournament,2019.0,428323.0,F,Central America,High school,35-55,Middle-Low,False,0.0,False,60.0,False,234.0,87.0,1.0,275.0,63.0,118.0,False,0.0,0.0,0.0,False,31.0,0.0,True,1
45778,World Championship,2021.0,1422737.0,F,Middle East,Middle school,35-55,Middle,False,0.0,False,,False,86.0,161.0,0.0,0.0,9.0,70.0,False,0.0,0.0,0.0,False,0.0,0.0,True,1
29478,National Cup,2022.0,554266.0,M,North America,Middle school,35-55,Middle,False,0.0,False,,False,93.0,113.0,0.0,74.0,71.0,65.0,False,3.0,0.0,0.0,False,0.0,0.0,False,0
55140,Federation League,2020.0,321744.0,M,Oceania,Middle school,0-35,High,False,0.0,False,0.0,False,44.0,109.0,0.0,23.0,49.0,5.0,False,0.0,1.0,0.0,False,17.0,0.0,False,0
36760,Local Match,2020.0,502531.0,M,East Asia,Middle school,0-35,Middle,False,1.0,False,140.0,False,236.0,259.0,0.0,444.0,118.0,0.0,False,0.0,9.0,0.0,False,6.0,8.0,True,0
74447,National Cup,2022.0,410176.0,F,North America,High school,0-35,Middle,False,0.0,False,,False,44.0,30.0,0.0,8.0,25.0,57.0,False,0.0,0.0,0.0,False,5.0,0.0,False,0
21930,National Cup,2022.0,622192.0,F,North America,High school,35-55,Middle-Low,False,0.0,False,0.0,False,137.0,59.0,0.0,112.0,68.0,488.0,False,0.0,0.0,0.0,False,2.0,0.0,False,1
52094,Federation League,2019.0,2356801.0,M,Western Europe,University Degree,35-55,Middle-High,False,0.0,False,0.0,False,386.0,352.0,5.0,378.0,234.0,17.0,False,33.0,74.0,0.0,False,24.0,0.0,True,1
82371,Federation League,2020.0,2505501.0,M,Central Asia,University Degree,35-55,High,False,0.0,False,120.0,False,58.0,30.0,0.0,11.0,33.0,9.0,False,0.0,0.0,0.0,False,2.0,0.0,False,1
26704,Olympic Games,2022.0,199897.0,M,Central Asia,University Degree,35-55,Low,False,0.0,True,0.0,False,442.0,1295.0,0.0,166.0,153.0,0.0,False,2.0,0.0,0.0,False,76.0,1.0,False,1
91160,Federation League,2022.0,158575.0,M,Middle East,Middle school,0-35,High,False,0.0,False,0.0,False,128.0,133.0,18.0,28.0,112.0,10.0,False,1.0,0.0,0.0,False,27.0,0.0,True,0
53257,Federation League,2022.0,623968.0,M,Southern Europe,Middle school,0-35,High,False,0.0,False,0.0,False,664.0,514.0,149.0,1796.0,410.0,16.0,False,106.0,0.0,0.0,False,86.0,0.0,False,1
61109,Local Match,2019.0,599994.0,M,South Asia,High school,0-35,Middle-High,False,0.0,False,0.0,False,20.0,88.0,0.0,0.0,34.0,1.0,False,0.0,4.0,0.0,False,0.0,0.0,False,0
64269,Regional Tournament,2022.0,689896.0,F,East Asia,University Degree,35-55,Middle-High,False,0.0,False,0.0,False,76.0,309.0,0.0,14.0,20.0,38.0,False,2.0,0.0,3.0,False,0.0,0.0,True,0
46406,Federation League,2020.0,2543267.0,M,East Asia,Middle school,35-55,Middle,False,0.0,False,0.0,False,466.0,277.0,61.0,243.0,552.0,45.0,False,0.0,142.0,0.0,False,104.0,27.0,False,0
31155,Federation League,2021.0,625864.0,F,Oceania,Middle school,35-55,High,False,0.0,False,0.0,False,387.0,400.0,3.0,340.0,251.0,11.0,False,19.0,81.0,0.0,False,52.0,0.0,True,1
72482,Continental Championship,2021.0,424978.0,M,Central America,Middle school,0-35,High,False,0.0,False,,False,229.0,622.0,0.0,425.0,22.0,143.0,False,0.0,279.0,0.0,False,32.0,0.0,False,1
17336,Federation League,2022.0,640773.0,M,Middle East,Middle school,0-35,Low,True,0.0,False,90.0,False,378.0,414.0,18.0,422.0,207.0,5.0,False,38.0,0.0,0.0,False,22.0,0.0,True,0
42486,World Championship,2021.0,620218.0,F,Southern Europe,High school,0-35,Middle-Low,True,0.0,False,,False,11.0,17.0,0.0,6.0,9.0,0.0,False,0.0,0.0,0.0,False,0.0,0.0,True,0
47707,Regional Tournament,2022.0,685000.0,F,East Asia,High school,0-35,Middle,False,0.0,False,0.0,False,157.0,347.0,0.0,272.0,47.0,117.0,False,7.0,0.0,4.0,False,3.0,0.0,True,0
99342,Local Match,2020.0,355738.0,M,Western Europe,High school,0-35,High,False,0.0,False,0.0,False,363.0,1408.0,0.0,122.0,225.0,547.0,False,0.0,31.0,17.0,False,18.0,41.0,True,1
26159,Local Match,2022.0,644430.0,F,Western Europe,Middle school,0-35,Middle,False,0.0,False,60.0,False,61.0,114.0,0.0,31.0,36.0,0.0,True,1.0,1.0,0.0,False,7.0,0.0,False,0
79305,Local Match,2019.0,591078.0,M,Southern Africa,University Degree,0-35,High,False,0.0,False,30.0,True,221.0,863.0,0.0,115.0,198.0,602.0,False,1.0,19.0,5.0,False,25.0,9.0,True,1
51869,Local Match,2019.0,550359.0,M,Southern Europe,High school,0-35,Middle-Low,False,0.0,False,60.0,False,75.0,117.0,0.0,103.0,75.0,0.0,False,0.0,7.0,0.0,False,2.0,0.0,True,0
37495,Continental Championship,2022.0,698300.0,M,Southern Africa,High school,0-35,Low,False,0.0,False,0.0,False,467.0,1249.0,0.0,108.0,44.0,273.0,False,6.0,321.0,0.0,False,61.0,0.0,False,1
83465,World Championship,2022.0,678009.0,F,South Asia,Middle school,0-35,Middle-Low,False,0.0,False,30.0,False,309.0,335.0,84.0,146.0,95.0,84.0,False,0.0,0.0,0.0,False,0.0,0.0,True,1
86815,Local Match,2019.0,2345900.0,F,Middle East,High school,0-35,Low,False,0.0,False,0.0,True,724.0,2079.0,3.0,1399.0,365.0,546.0,False,6.0,120.0,23.0,False,52.0,28.0,True,1
50470,Local Match,2021.0,620399.0,M,Eastern Europe,High school,0-35,High,False,0.0,False,,False,25.0,120.0,0.0,13.0,55.0,37.0,False,1.0,5.0,0.0,False,1.0,0.0,False,0
38153,Regional Tournament,2019.0,595436.0,F,Central America,University Degree,0-35,Low,False,0.0,False,30.0,False,107.0,127.0,0.0,150.0,14.0,104.0,False,0.0,0.0,0.0,False,8.0,0.0,False,1
91821,World Championship,2022.0,652539.0,F,East Asia,High school,0-35,Middle-High,False,0.0,False,,False,43.0,235.0,2.0,2.0,33.0,47.0,False,0.0,0.0,0.0,False,0.0,0.0,True,1
44438,Olympic Games,2019.0,286488.0,,Oceania,High school,35-55,High,False,0.0,False,0.0,False,130.0,735.0,1.0,99.0,64.0,0.0,False,0.0,0.0,0.0,False,16.0,1.0,False,1
60010,Regional Tournament,2022.0,679716.0,F,Northern Africa,Middle school,,Low,False,0.0,False,0.0,False,91.0,246.0,2.0,51.0,9.0,76.0,False,3.0,0.0,0.0,False,1.0,0.0,True,1
66466,Federation League,2020.0,552789.0,F,Western Europe,High school,0-35,Middle,False,0.0,False,0.0,False,237.0,365.0,55.0,129.0,235.0,41.0,False,0.0,67.0,0.0,False,5.0,3.0,True,1
92895,,2019.0,574642.0,F,,High school,35-55,Low,False,0.0,False,,False,84.0,69.0,1.0,107.0,16.0,4.0,False,0.0,0.0,0.0,False,0.0,0.0,False,0
83268,Continental Championship,2019.0,442807.0,M,Central Asia,Middle school,35-55,High,False,0.0,False,0.0,False,357.0,940.0,0.0,207.0,22.0,138.0,False,0.0,548.0,0.0,False,52.0,2.0,True,1
82937,Federation League,2019.0,2377769.0,F,Northern Africa,High school,,Low,False,0.0,False,0.0,False,453.0,152.0,0.0,361.0,442.0,82.0,False,16.0,80.0,0.0,False,40.0,0.0,True,1
39189,Federation League,2022.0,687861.0,M,Central Asia,High school,0-35,Middle-Low,False,0.0,False,60.0,False,153.0,82.0,19.0,68.0,90.0,1.0,False,16.0,0.0,0.0,False,4.0,0.0,True,1
28585,National Cup,2022.0,503610.0,M,Middle East,High school,0-35,Middle-Low,False,1.0,False,60.0,False,71.0,29.0,0.0,15.0,40.0,159.0,False,0.0,0.0,0.0,False,1.0,0.0,False,1
79545,Continental Championship,2019.0,597335.0,F,Western Europe,,0-35,High,False,0.0,False,0.0,False,120.0,442.0,0.0,10.0,16.0,173.0,False,0.0,10.0,0.0,False,8.0,9.0,False,1
69471,Local Match,2019.0,535671.0,F,North America,University Degree,0-35,Middle,False,0.0,False,0.0,False,169.0,306.0,2.0,303.0,134.0,267.0,False,4.0,92.0,10.0,False,6.0,3.0,True,0
91178,Local Match,2019.0,570428.0,M,Northern Africa,High school,0-35,Middle-Low,False,0.0,False,60.0,True,520.0,1821.0,0.0,277.0,306.0,643.0,False,3.0,13.0,10.0,False,40.0,33.0,True,1
22217,Regional Tournament,2020.0,476783.0,F,East Asia,High school,0-35,Middle-High,False,0.0,False,30.0,False,743.0,50.0,2.0,1509.0,93.0,86.0,False,0.0,0.0,0.0,False,35.0,0.0,False,1
14221,National Cup,2022.0,691931.0,F,South Asia,High school,0-35,Middle-High,False,0.0,False,60.0,False,54.0,17.0,0.0,4.0,67.0,395.0,False,0.0,0.0,0.0,False,4.0,0.0,False,1
17691,World Championship,2019.0,604096.0,F,Southern Europe,Middle school,35-55,Low,False,0.0,False,,False,72.0,267.0,1.0,20.0,15.0,112.0,False,0.0,0.0,0.0,False,0.0,0.0,True,1
46202,Regional Tournament,2021.0,569225.0,F,East Asia,High school,0-35,Middle,False,0.0,False,30.0,False,89.0,97.0,0.0,100.0,52.0,70.0,False,0.0,0.0,0.0,False,16.0,0.0,False,1
59834,Regional Tournament,2020.0,548744.0,M,Eastern Europe,High school,0-35,Middle-Low,False,0.0,False,0.0,False,143.0,34.0,0.0,191.0,41.0,70.0,False,0.0,0.0,0.0,False,2.0,0.0,False,1
89680,Local Match,2021.0,632698.0,M,Eastern Europe,Middle school,0-35,Middle-High,False,0.0,False,0.0,True,239.0,852.0,0.0,255.0,206.0,708.0,False,5.0,23.0,0.0,False,17.0,0.0,True,1
72180,Regional Tournament,2021.0,624046.0,F,Southern Europe,High school,0-35,High,False,0.0,False,0.0,False,139.0,99.0,0.0,8.0,87.0,49.0,False,0.0,0.0,0.0,False,6.0,0.0,False,1
79364,Local Match,2019.0,276388.0,M,Oceania,High school,0-35,Middle-Low,False,0.0,False,0.0,True,433.0,687.0,0.0,323.0,242.0,829.0,False,1.0,23.0,9.0,False,25.0,20.0,True,1
32409,Local Match,2022.0,579686.0,M,Central America,High school,0-35,Middle,False,0.0,False,30.0,False,289.0,1738.0,0.0,262.0,227.0,587.0,True,0.0,9.0,10.0,False,21.0,9.0,True,1
27284,Federation League,2021.0,471476.0,F,Northern Africa,High school,35-55,Middle,False,1.0,False,60.0,False,200.0,139.0,2.0,113.0,314.0,0.0,False,1.0,29.0,0.0,False,26.0,0.0,False,0
19952,Continental Championship,2019.0,259662.0,M,,Middle school,35-55,High,False,0.0,False,60.0,False,1064.0,1999.0,0.0,2679.0,124.0,234.0,False,20.0,584.0,0.0,False,203.0,10.0,True,1
99825,Continental Championship,2022.0,681759.0,M,Oceania,High school,0-35,High,False,0.0,False,0.0,False,78.0,258.0,0.0,32.0,39.0,81.0,False,1.0,0.0,0.0,False,22.0,0.0,True,0
23702,Local Match,2021.0,613447.0,M,Central Asia,Middle school,0-35,Low,True,0.0,False,60.0,False,24.0,109.0,0.0,49.0,42.0,149.0,False,0.0,0.0,0.0,False,3.0,0.0,True,0
56200,Continental Championship,2022.0,675537.0,M,North America,University Degree,0-35,Low,False,0.0,False,0.0,False,265.0,511.0,0.0,233.0,14.0,176.0,False,2.0,123.0,0.0,False,45.0,3.0,False,1
35509,Continental Championship,2019.0,483706.0,M,Western Europe,Middle school,35-55,High,False,0.0,False,,False,1750.0,1718.0,0.0,3909.0,59.0,217.0,False,0.0,1015.0,0.0,False,165.0,6.0,True,1
33651,Local Match,2020.0,2346679.0,M,East Asia,High school,35-55,High,False,1.0,False,120.0,False,856.0,2882.0,0.0,449.0,665.0,817.0,False,0.0,35.0,4.0,False,46.0,58.0,True,1
89809,Federation League,2019.0,599206.0,M,Central Asia,Middle school,0-35,Low,False,0.0,False,0.0,False,47.0,39.0,0.0,35.0,32.0,4.0,False,0.0,20.0,0.0,False,3.0,0.0,False,0
65498,National Cup,2022.0,606036.0,M,East Asia,University Degree,35-55,Middle,False,0.0,False,30.0,False,20.0,69.0,0.0,0.0,51.0,55.0,False,0.0,0.0,0.0,False,4.0,0.0,False,0
94082,Federation League,2019.0,527427.0,F,Southern Europe,High school,0-35,Middle-Low,False,0.0,False,30.0,False,87.0,107.0,0.0,17.0,50.0,2.0,False,10.0,54.0,0.0,False,2.0,0.0,True,1
66403,Federation League,2019.0,599854.0,F,East Asia,High school,0-35,Middle-High,False,0.0,False,60.0,False,386.0,356.0,0.0,238.0,83.0,7.0,False,7.0,51.0,0.0,False,9.0,0.0,True,1
49318,Regional Tournament,2019.0,575681.0,F,Northern Africa,Middle school,35-55,Middle-High,False,0.0,False,0.0,False,328.0,94.0,10.0,1916.0,91.0,79.0,False,2.0,0.0,0.0,False,56.0,0.0,True,1
29974,Regional Tournament,2022.0,335035.0,F,Western Europe,Middle school,35-55,Middle-High,False,0.0,False,0.0,False,204.0,852.0,18.0,3.0,122.0,77.0,False,2.0,0.0,13.0,False,0.0,0.0,True,0
37483,Regional Tournament,2021.0,484983.0,F,Middle East,Middle school,0-35,Middle,False,1.0,False,60.0,False,410.0,68.0,0.0,2620.0,45.0,79.0,False,0.0,0.0,0.0,False,11.0,0.0,False,0
40003,Local Match,2020.0,2108821.0,M,North America,University Degree,35-55,High,False,2.0,False,60.0,False,409.0,1422.0,0.0,514.0,216.0,616.0,False,0.0,29.0,11.0,False,39.0,70.0,True,1
86381,Continental Championship,2022.0,590837.0,M,Northern Africa,Middle school,0-35,Middle-Low,False,0.0,False,0.0,False,214.0,722.0,0.0,57.0,1.0,255.0,False,0.0,141.0,0.0,False,22.0,0.0,True,1
68149,National Cup,2021.0,131933.0,M,North America,Post Graduate,35-55,High,False,0.0,False,,False,102.0,47.0,0.0,57.0,56.0,550.0,False,0.0,0.0,0.0,False,11.0,0.0,False,0
53995,National Cup,2022.0,655890.0,F,North America,High school,35-55,High,False,0.0,False,,False,1008.0,374.0,0.0,1490.0,333.0,1546.0,False,16.0,0.0,0.0,False,57.0,0.0,False,1
41571,Olympic Games,2019.0,393207.0,M,Northern Africa,High school,0-35,High,False,0.0,False,0.0,False,179.0,475.0,0.0,119.0,98.0,0.0,False,2.0,0.0,0.0,False,3.0,0.0,True,1
60639,Regional Tournament,2019.0,381669.0,F,North America,University Degree,0-35,High,False,0.0,False,0.0,False,116.0,44.0,0.0,2.0,26.0,61.0,False,0.0,0.0,0.0,False,24.0,0.0,False,1
60039,National Cup,2021.0,628565.0,M,Western Europe,High school,0-35,Middle,False,0.0,False,0.0,False,291.0,363.0,0.0,9.0,80.0,347.0,False,0.0,0.0,0.0,False,6.0,0.0,False,0
